મહેમાનનું નામ,મોબાઈલ નંબર,ગામ / શહેર,આમંત્રણ પ્રકાર,માંડવ મુહૂર્ત (૨૫મી),રાસ-ગરબા (૨૫મી),પીઠી / હળદર (૨૬મી),જાન પ્રસ્થાન (૨૬મી),લગ્ન સમારોહ (૨૬મી),સ્ટેટસ
Kantu fai,9979912247,મહુવા / અમદાવાદ,સપરિવાર,હા,હા,હા,હા,હા,Pending
Kana Jani,9825615070,મહુવા / અમદાવાદ,સપરિવાર,હા,હા,હા,હા,હા,Pending
Lallu masa,9904914822,મહુવા / અમદાવાદ,સપરિવાર,હા,હા,હા,હા,હા,Pending
Droneswar Gurukul,9909977726,મહુવા / અમદાવાદ,સપરિવાર,હા,હા,હા,હા,હા,Pending
Bhupat  Valiya Baps,9879557603,મહુવા / અમદાવાદ,સપરિવાર,હા,હા,હા,હા,હા,Pending
Tara Ben D E O Kacheri Bhv,9408967172,ભાવનગર,સપરિવાર,હા,હા,હા,હા,હા,Pending
Mukund Kaka Ahd,9898142011,અમદાવાદ,સપરિવાર,હા,હા,હા,હા,હા,Pending
Raju Kamal Optical,9426940402,મહુવા / અમદાવાદ,સપરિવાર,હા,હા,હા,હા,હા,Pending
Raju Kamal Optical,8160897690,મહુવા / અમદાવાદ,સપરિવાર,હા,હા,હા,હા,હા,Pending
Pranv Kapadiya,8980201787,મહુવા / અમદાવાદ,સપરિવાર,હા,હા,હા,હા,હા,Pending
Kirit Bhai Mehta Bhv,9428009701,ભાવનગર,સપરિવાર,હા,હા,હા,હા,હા,Pending
Mukesh Bhai Talgajrda,9724277077,મહુવા / અમદાવાદ,સપરિવાર,હા,હા,હા,હા,હા,Pending
Raghuvir,9722225795,મહુવા / અમદાવાદ,સપરિવાર,હા,હા,હા,હા,હા,Pending
Kajal  Jadakala,9714079561,મહુવા / અમદાવાદ,સપરિવાર,હા,હા,હા,હા,હા,Pending
Travels Dharmesh resmia,9427248890,મહુવા / અમદાવાદ,સપરિવાર,હા,હા,હા,હા,હા,Pending
Digant bhatt,9426978678,મહુવા / અમદાવાદ,સપરિવાર,હા,હા,હા,હા,હા,Pending
E Sens Navneet,7933070000,મહુવા / અમદાવાદ,સપરિવાર,હા,હા,હા,હા,હા,Pending
Alang Nirav,9426851231,મહુવા / અમદાવાદ,સપરિવાર,હા,હા,હા,હા,હા,Pending
Eng mate Asok bhai,9722897900,મહુવા / અમદાવાદ,સપરિવાર,હા,હા,હા,હા,હા,Pending
Mahila aml vithal bhai,9426968178,અમરેલી,સપરિવાર,હા,હા,હા,હા,હા,Pending
Mahila aml vithal bhai,2792223840,અમરેલી,સપરિવાર,હા,હા,હા,હા,હા,Pending
Anand swami visavadar,9879729512,આણંદ,સપરિવાર,હા,હા,હા,હા,હા,Pending
Bhagvada swami kundala gurukul,9426967717,મહુવા / અમદાવાદ,સપરિવાર,હા,હા,હા,હા,હા,Pending
Bhagvada swami kundala gurukul,9427244422,મહુવા / અમદાવાદ,સપરિવાર,હા,હા,હા,હા,હા,Pending
Jitu Hemal,9898180275,મહુવા / અમદાવાદ,સપરિવાર,હા,હા,હા,હા,હા,Pending
Payal Novelty,9824909475,મહુવા / અમદાવાદ,સપરિવાર,હા,હા,હા,હા,હા,Pending
Bharat dudh,9913100990,મહુવા / અમદાવાદ,સપરિવાર,હા,હા,હા,હા,હા,Pending
G E B Dafda Si,9879202035,મહુવા / અમદાવાદ,સપરિવાર,હા,હા,હા,હા,હા,Pending
Dinesh dhadhal,9913530445,મહુવા / અમદાવાદ,સપરિવાર,હા,હા,હા,હા,હા,Pending
Dinesh dhadhal,9276555292,મહુવા / અમદાવાદ,સપરિવાર,હા,હા,હા,હા,હા,Pending
Narendra Bhai Mumbai,9819954308,મુંબઈ,સપરિવાર,હા,હા,હા,હા,હા,Pending
Rasoya din sankar Sarngpur,9898004748,મહુવા / અમદાવાદ,સપરિવાર,હા,હા,હા,હા,હા,Pending
Hemal fai ba,9687364945,મહુવા / અમદાવાદ,સપરિવાર,હા,હા,હા,હા,હા,Pending
Hemal fai ba,8780273180,મહુવા / અમદાવાદ,સપરિવાર,હા,હા,હા,હા,હા,Pending
Haresh C R C,9428810533,મહુવા / અમદાવાદ,સપરિવાર,હા,હા,હા,હા,હા,Pending
Kirti bhai mumbai,9324680629,મુંબઈ,સપરિવાર,હા,હા,હા,હા,હા,Pending
V d sorthiya Gariyadhar,9426461972,મહુવા / અમદાવાદ,સપરિવાર,હા,હા,હા,હા,હા,Pending
Mahesh Bhai College,9737322557,મહુવા / અમદાવાદ,સપરિવાર,હા,હા,હા,હા,હા,Pending
D p gohil,9426288803,મહુવા / અમદાવાદ,સપરિવાર,હા,હા,હા,હા,હા,Pending
Bipin Bhai Vel,9879340586,મહુવા / અમદાવાદ,સપરિવાર,હા,હા,હા,હા,હા,Pending
Ges munna bhai fiting,9624955983,મહુવા / અમદાવાદ,સપરિવાર,હા,હા,હા,હા,હા,Pending
Bhanu Swami Dakor,9727764908,મહુવા / અમદાવાદ,સપરિવાર,હા,હા,હા,હા,હા,Pending
Vipul Bhadani Pipariya,9909609902,મહુવા / અમદાવાદ,સપરિવાર,હા,હા,હા,હા,હા,Pending
Vishnu Swami Nahiyer,9426894504,મહુવા / અમદાવાદ,સપરિવાર,હા,હા,હા,હા,હા,Pending
Khimji Bag,9723997358,મહુવા / અમદાવાદ,સપરિવાર,હા,હા,હા,હા,હા,Pending
Dr Paresh Bhai Nagar Palica,9913934848,મહુવા / અમદાવાદ,સપરિવાર,હા,હા,હા,હા,હા,Pending
Hardik Shah Navnit,9099075463,મહુવા / અમદાવાદ,સપરિવાર,હા,હા,હા,હા,હા,Pending
D b vora  sir,9978406507,મહુવા / અમદાવાદ,સપરિવાર,હા,હા,હા,હા,હા,Pending
D b vora  sir,8128677002,મહુવા / અમદાવાદ,સપરિવાર,હા,હા,હા,હા,હા,Pending
Manish kanji Maliya,9714024587,મહુવા / અમદાવાદ,સપરિવાર,હા,હા,હા,હા,હા,Pending
Jiten bhai  Pandya,9375848100,મહુવા / અમદાવાદ,સપરિવાર,હા,હા,હા,હા,હા,Pending
Gohil Parinda,8734891406,મહુવા / અમદાવાદ,સપરિવાર,હા,હા,હા,હા,હા,Pending
Hasu Fai Amareli,9429186220,મહુવા / અમદાવાદ,સપરિવાર,હા,હા,હા,હા,હા,Pending
Anand Bhai Dr Bhatur,9924739762,આણંદ,સપરિવાર,હા,હા,હા,હા,હા,Pending
UIDAI,18003001947,મહુવા / અમદાવાદ,સપરિવાર,હા,હા,હા,હા,હા,Pending
Jadav bhai kerala,9913151870,મહુવા / અમદાવાદ,સપરિવાર,હા,હા,હા,હા,હા,Pending
Chandu Fuva Ku,9427270117,મહુવા / અમદાવાદ,સપરિવાર,હા,હા,હા,હા,હા,Pending
Chandu Fuva Ku,2845222223,મહુવા / અમદાવાદ,સપરિવાર,હા,હા,હા,હા,હા,Pending
Babu bhai Padri,9429962955,મહુવા / અમદાવાદ,સપરિવાર,હા,હા,હા,હા,હા,Pending
Bipin bhai jan,9879908474,મહુવા / અમદાવાદ,સપરિવાર,હા,હા,હા,હા,હા,Pending
Bharat rikhsha,9913217690,મહુવા / અમદાવાદ,સપરિવાર,હા,હા,હા,હા,હા,Pending
Gidha bhai bha,9879025841,મહુવા / અમદાવાદ,સપરિવાર,હા,હા,હા,હા,હા,Pending
Babu bhai finavia,9427748723,મહુવા / અમદાવાદ,સપરિવાર,હા,હા,હા,હા,હા,Pending
Babu kaka surat,9824954264,સુરત,સપરિવાર,હા,હા,હા,હા,હા,Pending
Bharat kanak vinay mo,9978360096,મહુવા / અમદાવાદ,સપરિવાર,હા,હા,હા,હા,હા,Pending
Ganga Bhut,9824294830,મહુવા / અમદાવાદ,સપરિવાર,હા,હા,હા,હા,હા,Pending
Bus Haresh bhai Rajkot,9974066212,રાજકોટ,સપરિવાર,હા,હા,હા,હા,હા,Pending
Jignesh navkar,9924016480,મહુવા / અમદાવાદ,સપરિવાર,હા,હા,હા,હા,હા,Pending
Jeram bhai val,9374550925,મહુવા / અમદાવાદ,સપરિવાર,હા,હા,હા,હા,હા,Pending
Gunvant saund,2844222864,મહુવા / અમદાવાદ,સપરિવાર,હા,હા,હા,હા,હા,Pending
Pragji fuva ahd,9879522881,અમદાવાદ,સપરિવાર,હા,હા,હા,હા,હા,Pending
Pragji fuva ahd,9979895570,અમદાવાદ,સપરિવાર,હા,હા,હા,હા,હા,Pending
Manu Bhai Kapadia,9824489694,મહુવા / અમદાવાદ,સપરિવાર,હા,હા,હા,હા,હા,Pending
Chandu dada,9879374315,મહુવા / અમદાવાદ,સપરિવાર,હા,હા,હા,હા,હા,Pending
Manu Kaka Jadkala,9662778745,મહુવા / અમદાવાદ,સપરિવાર,હા,હા,હા,હા,હા,Pending
Bhana bharat b,9824878502,મહુવા / અમદાવાદ,સપરિવાર,હા,હા,હા,હા,હા,Pending
Kapadiya Parshotam Bhai,9727512020,મહુવા / અમદાવાદ,સપરિવાર,હા,હા,હા,હા,હા,Pending
Kam mate barot ben,7567515037,મહુવા / અમદાવાદ,સપરિવાર,હા,હા,હા,હા,હા,Pending
P o p salamat,8866241718,મહુવા / અમદાવાદ,સપરિવાર,હા,હા,હા,હા,હા,Pending
0,8264865462,મહુવા / અમદાવાદ,સપરિવાર,હા,હા,હા,હા,હા,Pending
Nautam Swamiji Vadtal,9825314115,મહુવા / અમદાવાદ,સપરિવાર,હા,હા,હા,હા,હા,Pending
Haresh Mehta J P,9428992939,મહુવા / અમદાવાદ,સપરિવાર,હા,હા,હા,હા,હા,Pending
Umed patel,9724277418,મહુવા / અમદાવાદ,સપરિવાર,હા,હા,હા,હા,હા,Pending
Cherity Camisnor Off Bhv,2782424171,ભાવનગર,સપરિવાર,હા,હા,હા,હા,હા,Pending
"Hari swarup swa, ahd",9925023002,અમદાવાદ,સપરિવાર,હા,હા,હા,હા,હા,Pending
Hitesh bhv,9429412133,ભાવનગર,સપરિવાર,હા,હા,હા,હા,હા,Pending
Sondani Anjali Teacher,9409072868,મહુવા / અમદાવાદ,સપરિવાર,હા,હા,હા,હા,હા,Pending
Sondani Anjali Teacher,9426701177,મહુવા / અમદાવાદ,સપરિવાર,હા,હા,હા,હા,હા,Pending
Dhanji dhaduk,8487060120,મહુવા / અમદાવાદ,સપરિવાર,હા,હા,હા,હા,હા,Pending
Dhanji dhaduk,9712174590,મહુવા / અમદાવાદ,સપરિવાર,હા,હા,હા,હા,હા,Pending
Mansukh kumkum,9979230890,મહુવા / અમદાવાદ,સપરિવાર,હા,હા,હા,હા,હા,Pending
Purva Sangit,7046794385,મહુવા / અમદાવાદ,સપરિવાર,હા,હા,હા,હા,હા,Pending
Kamlesh Mehta Prathna Papa,7698886481,મહુવા / અમદાવાદ,સપરિવાર,હા,હા,હા,હા,હા,Pending
Kamlesh Mehta Prathna Papa,9428990129,મહુવા / અમદાવાદ,સપરિવાર,હા,હા,હા,હા,હા,Pending
Ramesh Patel Itvaya,9624332419,મહુવા / અમદાવાદ,સપરિવાર,હા,હા,હા,હા,હા,Pending
Navsari Alpesh Swami,9998992558,નવસારી,સપરિવાર,હા,હા,હા,હા,હા,Pending
Bharat Bhai Sodvadiya Dundas,9726721472,મહુવા / અમદાવાદ,સપરિવાર,હા,હા,હા,હા,હા,Pending
Bharat Bhai Sodvadiya Dundas,6354003097,મહુવા / અમદાવાદ,સપરિવાર,હા,હા,હા,હા,હા,Pending
Bharat Bhai Sodvadiya Dundas,9429783539,મહુવા / અમદાવાદ,સપરિવાર,હા,હા,હા,હા,હા,Pending
Memnagar Gurukul Ahd,7927912591,અમદાવાદ,સપરિવાર,હા,હા,હા,હા,હા,Pending
Shailesh Bhai Home,9429344405,મહુવા / અમદાવાદ,સપરિવાર,હા,હા,હા,હા,હા,Pending
Jay Somnath School,9428495333,મહુવા / અમદાવાદ,સપરિવાર,હા,હા,હા,હા,હા,Pending
Jay Bhai Gaudani C A,9824856882,મહુવા / અમદાવાદ,સપરિવાર,હા,હા,હા,હા,હા,Pending
Pos Machin Said,7622099910,મહુવા / અમદાવાદ,સપરિવાર,હા,હા,હા,હા,હા,Pending
H K Travels Ahd,7948010632,અમદાવાદ,સપરિવાર,હા,હા,હા,હા,હા,Pending
Cenra Benk Mhv,2844228500,મહુવા / અમદાવાદ,સપરિવાર,હા,હા,હા,હા,હા,Pending
Shree ram Rasikbhai,9824222782,મહુવા / અમદાવાદ,સપરિવાર,હા,હા,હા,હા,હા,Pending
Mansur Bhai Vagh,9824296779,મહુવા / અમદાવાદ,સપરિવાર,હા,હા,હા,હા,હા,Pending
Vipul Bhai Vapi,9979741357,વાપી,સપરિવાર,હા,હા,હા,હા,હા,Pending
Kalu Bhai Vadher,9825379612,મહુવા / અમદાવાદ,સપરિવાર,હા,હા,હા,હા,હા,Pending
Bhavesh Bhai Vyas Bhv,8200313078,ભાવનગર,સપરિવાર,હા,હા,હા,હા,હા,Pending
Bhavesh Bhai Vyas Bhv,9427181811,ભાવનગર,સપરિવાર,હા,હા,હા,હા,હા,Pending
Dula Bhai Amrutvel,9328261629,મહુવા / અમદાવાદ,સપરિવાર,હા,હા,હા,હા,હા,Pending
Dula Bhai Amrutvel,9428358980,મહુવા / અમદાવાદ,સપરિવાર,હા,હા,હા,હા,હા,Pending
Lakha Bhai Ratol,9427233359,મહુવા / અમદાવાદ,સપરિવાર,હા,હા,હા,હા,હા,Pending
Nilesh Bhadiya Vala,9426951151,મહુવા / અમદાવાદ,સપરિવાર,હા,હા,હા,હા,હા,Pending
Madhavpriya Swamiji Sgvp,9825072110,મહુવા / અમદાવાદ,સપરિવાર,હા,હા,હા,હા,હા,Pending
Dax Mital Bhai,7777922491,મહુવા / અમદાવાદ,સપરિવાર,હા,હા,હા,હા,હા,Pending
Dax Mital Bhai,9638132773,મહુવા / અમદાવાદ,સપરિવાર,હા,હા,હા,હા,હા,Pending
Maruti Work Shop Bhv,7226826392,ભાવનગર,સપરિવાર,હા,હા,હા,હા,હા,Pending
Vrudha ashram Mhv,2844224031,મહુવા / અમદાવાદ,સપરિવાર,હા,હા,હા,હા,હા,Pending
Bapu Longiya Yog,9925866729,મહુવા / અમદાવાદ,સપરિવાર,હા,હા,હા,હા,હા,Pending
Jagdish Kumar Vadodara,9426590373,વડોદરા,સપરિવાર,હા,હા,હા,હા,હા,Pending
Jagdish Kumar Vadodara,94268860978,વડોદરા,સપરિવાર,હા,હા,હા,હા,હા,Pending
Hasu bhai kathiria,9427589123,મહુવા / અમદાવાદ,સપરિવાર,હા,હા,હા,હા,હા,Pending
Hasu bhai kathiria,9824226071,મહુવા / અમદાવાદ,સપરિવાર,હા,હા,હા,હા,હા,Pending
B. R. C. MAHUVA Jabra Bhai,9979235158,મહુવા,સપરિવાર,હા,હા,હા,હા,હા,Pending
Balu Bhai Dish Hemal,9824761700,મહુવા / અમદાવાદ,સપરિવાર,હા,હા,હા,હા,હા,Pending
Jayesh Gaudani Adi,9426893623,મહુવા / અમદાવાદ,સપરિવાર,હા,હા,હા,હા,હા,Pending
Bsc Mahesh Khutvda,9510294812,મહુવા / અમદાવાદ,સપરિવાર,હા,હા,હા,હા,હા,Pending
Bsc Mahesh Khutvda,9099269415,મહુવા / અમદાવાદ,સપરિવાર,હા,હા,હા,હા,હા,Pending
Bharat Hariyani,9426940406,મહુવા / અમદાવાદ,સપરિવાર,હા,હા,હા,હા,હા,Pending
Daya Bhai Bag,9824561788,મહુવા / અમદાવાદ,સપરિવાર,હા,હા,હા,હા,હા,Pending
Jagdish B Surat,9898224787,સુરત,સપરિવાર,હા,હા,હા,હા,હા,Pending
Ashok bhai lil,9725414950,મહુવા / અમદાવાદ,સપરિવાર,હા,હા,હા,હા,હા,Pending
Ges Doshi Shashikant,9377407766,મહુવા / અમદાવાદ,સપરિવાર,હા,હા,હા,હા,હા,Pending
P S I Ajitsinh H Rajput,9925037007,મહુવા / અમદાવાદ,સપરિવાર,હા,હા,હા,હા,હા,Pending
Rajkot gnan swami bhandari,9879000995,રાજકોટ,સપરિવાર,હા,હા,હા,હા,હા,Pending
Naresh kumbhani Taveda,9924082654,મહુવા / અમદાવાદ,સપરિવાર,હા,હા,હા,હા,હા,Pending
Rushi Pandya,9377602991,મહુવા / અમદાવાદ,સપરિવાર,હા,હા,હા,હા,હા,Pending
Pruthvi dundas,9727084848,મહુવા / અમદાવાદ,સપરિવાર,હા,હા,હા,હા,હા,Pending
J k bhatt sir,9427754380,મહુવા / અમદાવાદ,સપરિવાર,હા,હા,હા,હા,હા,Pending
Raju Bhai R T O,9825300515,મહુવા / અમદાવાદ,સપરિવાર,હા,હા,હા,હા,હા,Pending
Bharat dobaria Ahd,9714888758,અમદાવાદ,સપરિવાર,હા,હા,હા,હા,હા,Pending
Nanji bhai Sahajand Marbal,9978049503,મહુવા / અમદાવાદ,સપરિવાર,હા,હા,હા,હા,હા,Pending
Jivan bhai polish,9099155252,મહુવા / અમદાવાદ,સપરિવાર,હા,હા,હા,હા,હા,Pending
Jivan bhai polish,9426463111,મહુવા / અમદાવાદ,સપરિવાર,હા,હા,હા,હા,હા,Pending
Alang Alang Ghanshyam,9825066743,મહુવા / અમદાવાદ,સપરિવાર,હા,હા,હા,હા,હા,Pending
Dr Kuldip Dave,7041788774,મહુવા / અમદાવાદ,સપરિવાર,હા,હા,હા,હા,હા,Pending
Atul bhai Radhe,9427283564,મહુવા / અમદાવાદ,સપરિવાર,હા,હા,હા,હા,હા,Pending
Bharat kaka jadakala,9974218443,મહુવા / અમદાવાદ,સપરિવાર,હા,હા,હા,હા,હા,Pending
Bharat travels Daman,9429433034,મહુવા / અમદાવાદ,સપરિવાર,હા,હા,હા,હા,હા,Pending
Bharat travels Daman,2602251990,મહુવા / અમદાવાદ,સપરિવાર,હા,હા,હા,હા,હા,Pending
Jignesh b jadkala,8469828889,મહુવા / અમદાવાદ,સપરિવાર,હા,હા,હા,હા,હા,Pending
Dr nagpal,0974412928,મહુવા / અમદાવાદ,સપરિવાર,હા,હા,હા,હા,હા,Pending
Dr nagpal,1412226848,મહુવા / અમદાવાદ,સપરિવાર,હા,હા,હા,હા,હા,Pending
Junagth pujari,9925042958,મહુવા / અમદાવાદ,સપરિવાર,હા,હા,હા,હા,હા,Pending
Haja bhai road,9687620299,મહુવા / અમદાવાદ,સપરિવાર,હા,હા,હા,હા,હા,Pending
Mina p desai,9099077729,મહુવા / અમદાવાદ,સપરિવાર,હા,હા,હા,હા,હા,Pending
Pratibha Yog Dubai,00971566074261,દુબઈ (UAE),સપરિવાર,હા,હા,હા,હા,હા,Pending
Pratibha Yog Dubai,8905535506,દુબઈ (UAE),સપરિવાર,હા,હા,હા,હા,હા,Pending
Samsudin bhai,9824200052,મહુવા / અમદાવાદ,સપરિવાર,હા,હા,હા,હા,હા,Pending
Hitesh Burman,9909471381,મહુવા / અમદાવાદ,સપરિવાર,હા,હા,હા,હા,હા,Pending
Rajni Bhai Jani Home,9537513316,મહુવા / અમદાવાદ,સપરિવાર,હા,હા,હા,હા,હા,Pending
Chakhadi Hitesh,9898816253,મહુવા / અમદાવાદ,સપરિવાર,હા,હા,હા,હા,હા,Pending
Chakhadi Hitesh,9925743501,મહુવા / અમદાવાદ,સપરિવાર,હા,હા,હા,હા,હા,Pending
Daksha Hard Wer,2844223536,મહુવા / અમદાવાદ,સપરિવાર,હા,હા,હા,હા,હા,Pending
Parbat lal amb,9727680220,મહુવા / અમદાવાદ,સપરિવાર,હા,હા,હા,હા,હા,Pending
Liyakat Bhai Bhangar Vala,9825559474,મહુવા / અમદાવાદ,સપરિવાર,હા,હા,હા,હા,હા,Pending
Madhur ganga Paresh Bhai,9824136050,મહુવા / અમદાવાદ,સપરિવાર,હા,હા,હા,હા,હા,Pending
Jayesh Bsc Mate,7046875315,મહુવા / અમદાવાદ,સપરિવાર,હા,હા,હા,હા,હા,Pending
Pandya payal,9429589061,મહુવા / અમદાવાદ,સપરિવાર,હા,હા,હા,હા,હા,Pending
Kothari ahd,9825008004,અમદાવાદ,સપરિવાર,હા,હા,હા,હા,હા,Pending
Saghani sir road,9374248320,મહુવા / અમદાવાદ,સપરિવાર,હા,હા,હા,હા,હા,Pending
Surat vishv  swami,9879000252,સુરત,સપરિવાર,હા,હા,હા,હા,હા,Pending
Manisha dundas,9979020254,મહુવા / અમદાવાદ,સપરિવાર,હા,હા,હા,હા,હા,Pending
Sorthiya sir Mam,9998777563,મહુવા / અમદાવાદ,સપરિવાર,હા,હા,હા,હા,હા,Pending
Jagdish bhai Rannade,9824485393,મહુવા / અમદાવાદ,સપરિવાર,હા,હા,હા,હા,હા,Pending
Dhanji jay new,9427246242,મહુવા / અમદાવાદ,સપરિવાર,હા,હા,હા,હા,હા,Pending
Swa Gurukul Sardar Nagar School,2782565201,મહુવા / અમદાવાદ,સપરિવાર,હા,હા,હા,હા,હા,Pending
Sardar Patel Bhv L C Borad,8511157717,ભાવનગર,સપરિવાર,હા,હા,હા,હા,હા,Pending
Sardar Patel Bhv L C Borad,9924006348,ભાવનગર,સપરિવાર,હા,હા,હા,હા,હા,Pending
Swaraj mazda raj,2812223402,મહુવા / અમદાવાદ,સપરિવાર,હા,હા,હા,હા,હા,Pending
Manhar vora,9409335900,મહુવા / અમદાવાદ,સપરિવાર,હા,હા,હા,હા,હા,Pending
Manhar vora,9328294183,મહુવા / અમદાવાદ,સપરિવાર,હા,હા,હા,હા,હા,Pending
P U K Darshan Mo,64153476,મહુવા / અમદાવાદ,સપરિવાર,હા,હા,હા,હા,હા,Pending
Balu Bhai Zalavadiya Kundla,9825375994,સાવરકુંડલા,સપરિવાર,હા,હા,હા,હા,હા,Pending
Raju Toing Bhv,9601708240,ભાવનગર,સપરિવાર,હા,હા,હા,હા,હા,Pending
Net Mate Sakil Bhai,9427511456,મહુવા / અમદાવાદ,સપરિવાર,હા,હા,હા,હા,હા,Pending
Pipavav Sarvagn Mehta,9727777038,મહુવા / અમદાવાદ,સપરિવાર,હા,હા,હા,હા,હા,Pending
Maruti Work Shop jitu Patel,9227893042,મહુવા / અમદાવાદ,સપરિવાર,હા,હા,હા,હા,હા,Pending
Ravji Bhai bavadia Taveda,7698894987,મહુવા / અમદાવાદ,સપરિવાર,હા,હા,હા,હા,હા,Pending
Dhuvi Patel Papa Mo,9428080475,મહુવા / અમદાવાદ,સપરિવાર,હા,હા,હા,હા,હા,Pending
Dhuvi Patel Papa Mo,9426856985,મહુવા / અમદાવાદ,સપરિવાર,હા,હા,હા,હા,હા,Pending
Nirav Vaidh Bhv,9426770580,ભાવનગર,સપરિવાર,હા,હા,હા,હા,હા,Pending
Nilesh bha Gadhvi,9925485824,મહુવા / અમદાવાદ,સપરિવાર,હા,હા,હા,હા,હા,Pending
Hama Bhai Konjali,9558674696,મહુવા / અમદાવાદ,સપરિવાર,હા,હા,હા,હા,હા,Pending
Shyam Mahindra Tra,7574866344,મહુવા / અમદાવાદ,સપરિવાર,હા,હા,હા,હા,હા,Pending
Birju Barot,9601456148,મહુવા / અમદાવાદ,સપરિવાર,હા,હા,હા,હા,હા,Pending
Birju Barot,9892429429,મહુવા / અમદાવાદ,સપરિવાર,હા,હા,હા,હા,હા,Pending
Kalpesh Trivedi Liberty Ahd,9825412000,અમદાવાદ,સપરિવાર,હા,હા,હા,હા,હા,Pending
Jina Bhai Bildi Riksha,9408373066,મહુવા / અમદાવાદ,સપરિવાર,હા,હા,હા,હા,હા,Pending
Beby Lend School,2844228343,મહુવા / અમદાવાદ,સપરિવાર,હા,હા,હા,હા,હા,Pending
Nirma Parekh Ajncy,2844223710,મહુવા / અમદાવાદ,સપરિવાર,હા,હા,હા,હા,હા,Pending
Gagji Mama,9909188622,મહુવા / અમદાવાદ,સપરિવાર,હા,હા,હા,હા,હા,Pending
Vishva Swamiji Surat,9925234000,સુરત,સપરિવાર,હા,હા,હા,હા,હા,Pending
Bapu Stor BAPS,9773241406,મહુવા / અમદાવાદ,સપરિવાર,હા,હા,હા,હા,હા,Pending
Rtn Sukla Sir Aanand,9898047827,મહુવા / અમદાવાદ,સપરિવાર,હા,હા,હા,હા,હા,Pending
Dipak Patel sir Office,9824981979,મહુવા / અમદાવાદ,સપરિવાર,હા,હા,હા,હા,હા,Pending
Ramesh patel  Nagdia,9558547688,મહુવા / અમદાવાદ,સપરિવાર,હા,હા,હા,હા,હા,Pending
Ramesh patel  Nagdia,9913844476,મહુવા / અમદાવાદ,સપરિવાર,હા,હા,હા,હા,હા,Pending
Alpesh Godhani,9426128328,મહુવા / અમદાવાદ,સપરિવાર,હા,હા,હા,હા,હા,Pending
Plamber Bhupat Bhai,9824368747,મહુવા / અમદાવાદ,સપરિવાર,હા,હા,હા,હા,હા,Pending
Ghan Manjari Hostel,9558591397,મહુવા / અમદાવાદ,સપરિવાર,હા,હા,હા,હા,હા,Pending
Ghanshyam Bhai Korat,8200710627,મહુવા / અમદાવાદ,સપરિવાર,હા,હા,હા,હા,હા,Pending
Bhautik Amreli,9428040266,અમરેલી,સપરિવાર,હા,હા,હા,હા,હા,Pending
Atul Motor Amreli,9995117175,અમરેલી,સપરિવાર,હા,હા,હા,હા,હા,Pending
Haresh Bhai Alang,9327274021,મહુવા / અમદાવાદ,સપરિવાર,હા,હા,હા,હા,હા,Pending
Hitesh Devji Hemal,7434889320,મહુવા / અમદાવાદ,સપરિવાર,હા,હા,હા,હા,હા,Pending
Jagdish Padsala Hemal,9106842610,મહુવા / અમદાવાદ,સપરિવાર,હા,હા,હા,હા,હા,Pending
Kurji Kala Hemal,7016172165,મહુવા / અમદાવાદ,સપરિવાર,હા,હા,હા,હા,હા,Pending
Kiran Nayak Mahesana,9904329230,મહુવા / અમદાવાદ,સપરિવાર,હા,હા,હા,હા,હા,Pending
Dharti Aoto Mobile,9825337327,મહુવા / અમદાવાદ,સપરિવાર,હા,હા,હા,હા,હા,Pending
Mukesh Marvadi Surat,9898263178,સુરત,સપરિવાર,હા,હા,હા,હા,હા,Pending
Pravin bhai Aluminum Ahd,9879783272,અમદાવાદ,સપરિવાર,હા,હા,હા,હા,હા,Pending
Bhavna Ben Itvaya,9978426277,મહુવા / અમદાવાદ,સપરિવાર,હા,હા,હા,હા,હા,Pending
Bhavna Ben Itvaya,2875290032,મહુવા / અમદાવાદ,સપરિવાર,હા,હા,હા,હા,હા,Pending
Maruti Showroom Ripe,7043335120,મહુવા / અમદાવાદ,સપરિવાર,હા,હા,હા,હા,હા,Pending
Maruti Showroom Ripe,9099095356,મહુવા / અમદાવાદ,સપરિવાર,હા,હા,હા,હા,હા,Pending
Charodi Priy Darshan Swami,8758739367,મહુવા / અમદાવાદ,સપરિવાર,હા,હા,હા,હા,હા,Pending
Ram Swami Lathidad,9429584084,મહુવા / અમદાવાદ,સપરિવાર,હા,હા,હા,હા,હા,Pending
Block Ajay Phinix,9974813000,મહુવા / અમદાવાદ,સપરિવાર,હા,હા,હા,હા,હા,Pending
Magan Pl Hemal,9925676111,મહુવા / અમદાવાદ,સપરિવાર,હા,હા,હા,હા,હા,Pending
Meran Bhai Gadhavi,9426715803,મહુવા / અમદાવાદ,સપરિવાર,હા,હા,હા,હા,હા,Pending
Gopi Nayna Ben,9601121174,મહુવા / અમદાવાદ,સપરિવાર,હા,હા,હા,હા,હા,Pending
Dr Samir Mehta Ortho,9724310631,મહુવા / અમદાવાદ,સપરિવાર,હા,હા,હા,હા,હા,Pending
Dr dilip hemal,9979362028,મહુવા / અમદાવાદ,સપરિવાર,હા,હા,હા,હા,હા,Pending
Dr Tipnis Rupes,9408814060,મહુવા / અમદાવાદ,સપરિવાર,હા,હા,હા,હા,હા,Pending
Dr Atul Tipnis Bhv,2782427380,ભાવનગર,સપરિવાર,હા,હા,હા,હા,હા,Pending
Dr Mita M Sheth U S A,15173921675,મહુવા / અમદાવાદ,સપરિવાર,હા,હા,હા,હા,હા,Pending
Dr Alpesh Patel Shiv,9913087281,મહુવા / અમદાવાદ,સપરિવાર,હા,હા,હા,હા,હા,Pending
Vinod Bhai Ind Mobile,8369382958,મહુવા / અમદાવાદ,સપરિવાર,હા,હા,હા,હા,હા,Pending
Raju Bhai  Senting,99249107115,મહુવા / અમદાવાદ,સપરિવાર,હા,હા,હા,હા,હા,Pending
Munna Bhai Senting,9904322572,મહુવા / અમદાવાદ,સપરિવાર,હા,હા,હા,હા,હા,Pending
dharam Kumar U S A,13038156800,મહુવા / અમદાવાદ,સપરિવાર,હા,હા,હા,હા,હા,Pending
Malvika Ben S. U S A,13036197202,મહુવા / અમદાવાદ,સપરિવાર,હા,હા,હા,હા,હા,Pending
Chandu Bhai TV 9,9824575290,મહુવા / અમદાવાદ,સપરિવાર,હા,હા,હા,હા,હા,Pending
Khush Mammy Divya Ben,9428143631,મહુવા / અમદાવાદ,સપરિવાર,હા,હા,હા,હા,હા,Pending
Muna Bhai Mali,9824875704,મહુવા / અમદાવાદ,સપરિવાર,હા,હા,હા,હા,હા,Pending
Mistry Stil,9925573721,મહુવા / અમદાવાદ,સપરિવાર,હા,હા,હા,હા,હા,Pending
Rakesh Hardik teilor,7874342880,મહુવા / અમદાવાદ,સપરિવાર,હા,હા,હા,હા,હા,Pending
0,9825914445,મહુવા / અમદાવાદ,સપરિવાર,હા,હા,હા,હા,હા,Pending
Maruti Insurance,9228007214,મહુવા / અમદાવાદ,સપરિવાર,હા,હા,હા,હા,હા,Pending
Kirtanpriy Swami Baps,9998992974,મહુવા / અમદાવાદ,સપરિવાર,હા,હા,હા,હા,હા,Pending
Darshan Ramkada mukesh,9924739350,મહુવા / અમદાવાદ,સપરિવાર,હા,હા,હા,હા,હા,Pending
Darshan Ramkada mukesh,8160049233,મહુવા / અમદાવાદ,સપરિવાર,હા,હા,હા,હા,હા,Pending
Dr Vijay Ladumor (Vishva),9586492258,મહુવા / અમદાવાદ,સપરિવાર,હા,હા,હા,હા,હા,Pending
Dr Vijay Ladumor (Vishva),2844229229,મહુવા / અમદાવાદ,સપરિવાર,હા,હા,હા,હા,હા,Pending
Dhana Bhai Ladi,9714194718,મહુવા / અમદાવાદ,સપરિવાર,હા,હા,હા,હા,હા,Pending
Raju Bhai Zalavadia Oddisy,9825217654,મહુવા / અમદાવાદ,સપરિવાર,હા,હા,હા,હા,હા,Pending
Suvidha Show Room,2844222941,મહુવા / અમદાવાદ,સપરિવાર,હા,હા,હા,હા,હા,Pending
Shivam Baraiya,9979997369,મહુવા / અમદાવાદ,સપરિવાર,હા,હા,હા,હા,હા,Pending
Vadtal Mandir Office,2682589776,મહુવા / અમદાવાદ,સપરિવાર,હા,હા,હા,હા,હા,Pending
Hardik Bhai Shiv Mo,9924300368,મહુવા / અમદાવાદ,સપરિવાર,હા,હા,હા,હા,હા,Pending
Ghanshyam Bhai Rajani,9429345315,મહુવા / અમદાવાદ,સપરિવાર,હા,હા,હા,હા,હા,Pending
Painter Magan Bhai,9879909013,મહુવા / અમદાવાદ,સપરિવાર,હા,હા,હા,હા,હા,Pending
Hitco Wall Tail Morbi,9978970744,મોરબી,સપરિવાર,હા,હા,હા,હા,હા,Pending
Magan Bhai Kumbhan,9879281455,મહુવા / અમદાવાદ,સપરિવાર,હા,હા,હા,હા,હા,Pending
Umang Jaydev Mehta,8780062481,મહુવા / અમદાવાદ,સપરિવાર,હા,હા,હા,હા,હા,Pending
Sumita Kamal Bhai,9409335801,મહુવા / અમદાવાદ,સપરિવાર,હા,હા,હા,હા,હા,Pending
Rtn Salim Bhai,9825046786,મહુવા / અમદાવાદ,સપરિવાર,હા,હા,હા,હા,હા,Pending
Umesh Bhai Bhatt,9725203623,મહુવા / અમદાવાદ,સપરિવાર,હા,હા,હા,હા,હા,Pending
Narsih Bhai valia,9426231001,મહુવા / અમદાવાદ,સપરિવાર,હા,હા,હા,હા,હા,Pending
Narsih Bhai valia,9428108399,મહુવા / અમદાવાદ,સપરિવાર,હા,હા,હા,હા,હા,Pending
Bhutpurva Birju Pandya,9429585891,મહુવા / અમદાવાદ,સપરિવાર,હા,હા,હા,હા,હા,Pending
T D O Pandya  Sir,9428079082,મહુવા / અમદાવાદ,સપરિવાર,હા,હા,હા,હા,હા,Pending
Kiran Bhai Patel T P O,9427149109,મહુવા / અમદાવાદ,સપરિવાર,હા,હા,હા,હા,હા,Pending
Bhavna Kirit Bhai Mum,9773264763,મુંબઈ,સપરિવાર,હા,હા,હા,હા,હા,Pending
Anish Bhai Shah Valsad,9558802540,મહુવા / અમદાવાદ,સપરિવાર,હા,હા,હા,હા,હા,Pending
Anish Bhai Shah Valsad,9323002540,મહુવા / અમદાવાદ,સપરિવાર,હા,હા,હા,હા,હા,Pending
Jay Ganesh Toyota Abbas,7600086093,મહુવા / અમદાવાદ,સપરિવાર,હા,હા,હા,હા,હા,Pending
Kamlesh Bhai Udani,9898766888,મહુવા / અમદાવાદ,સપરિવાર,હા,હા,હા,હા,હા,Pending
Kamlesh Bhai Udani,2646272148,મહુવા / અમદાવાદ,સપરિવાર,હા,હા,હા,હા,હા,Pending
Sunny Bhai Com,9898323435,મહુવા / અમદાવાદ,સપરિવાર,હા,હા,હા,હા,હા,Pending
Mukesh Rathva,9904130382,મહુવા / અમદાવાદ,સપરિવાર,હા,હા,હા,હા,હા,Pending
Dipak Bhai Rasoya,9712082850,મહુવા / અમદાવાદ,સપરિવાર,હા,હા,હા,હા,હા,Pending
Nilam Valiya Teacher,9428470191,મહુવા / અમદાવાદ,સપરિવાર,હા,હા,હા,હા,હા,Pending
Nilam Valiya Teacher,9408552458,મહુવા / અમદાવાદ,સપરિવાર,હા,હા,હા,હા,હા,Pending
Nilam Valiya Teacher,2844225838,મહુવા / અમદાવાદ,સપરિવાર,હા,હા,હા,હા,હા,Pending
Haresh Bhai Suthar Amrutvel,9427724186,મહુવા / અમદાવાદ,સપરિવાર,હા,હા,હા,હા,હા,Pending
Eng Mate Chetan Amreli,9638223171,અમરેલી,સપરિવાર,હા,હા,હા,હા,હા,Pending
M P Graint Shakha Bhv Pradip Sih Bhai,2782520190,ભાવનગર,સપરિવાર,હા,હા,હા,હા,હા,Pending
M P Graint Shakha Bhv Pradip Sih Bhai,2782421878,ભાવનગર,સપરિવાર,હા,હા,હા,હા,હા,Pending
Mansukh Bhai Kumkum,9081864356,મહુવા / અમદાવાદ,સપરિવાર,હા,હા,હા,હા,હા,Pending
Bal Mate chhaya ben Joshi,8488935590,મહુવા / અમદાવાદ,સપરિવાર,હા,હા,હા,હા,હા,Pending
Dr Jayesh Bhai  Rajkot,9924591772,રાજકોટ,સપરિવાર,હા,હા,હા,હા,હા,Pending
Ganpat mama Am,9427172366,મહુવા / અમદાવાદ,સપરિવાર,હા,હા,હા,હા,હા,Pending
Govind Bhai Arci,9925588802,મહુવા / અમદાવાદ,સપરિવાર,હા,હા,હા,હા,હા,Pending
Govind Bhai Arci,8780269166,મહુવા / અમદાવાદ,સપરિવાર,હા,હા,હા,હા,હા,Pending
Ripal U S A,14045631580,મહુવા / અમદાવાદ,સપરિવાર,હા,હા,હા,હા,હા,Pending
Safin Lakhani Gnan. School,9265885192,મહુવા / અમદાવાદ,સપરિવાર,હા,હા,હા,હા,હા,Pending
Rakshita Gajjar Teacher,7041728264,મહુવા / અમદાવાદ,સપરિવાર,હા,હા,હા,હા,હા,Pending
Mital Jani Teacher,9428884499,મહુવા / અમદાવાદ,સપરિવાર,હા,હા,હા,હા,હા,Pending
Naresh Rasoya,7568041174,મહુવા / અમદાવાદ,સપરિવાર,હા,હા,હા,હા,હા,Pending
Nanji Bhai Shikshak,9909507591,મહુવા / અમદાવાદ,સપરિવાર,હા,હા,હા,હા,હા,Pending
Mukesh Bhai Baps Pani Mate,9998993199,મહુવા / અમદાવાદ,સપરિવાર,હા,હા,હા,હા,હા,Pending
P T Dre Satish Bhv,9723129108,ભાવનગર,સપરિવાર,હા,હા,હા,હા,હા,Pending
P T Dre Satish Bhv,9898212195,ભાવનગર,સપરિવાર,હા,હા,હા,હા,હા,Pending
P T Dre Satish Bhv,9428996599,ભાવનગર,સપરિવાર,હા,હા,હા,હા,હા,Pending
P T Dre Satish Bhv,8200172152,ભાવનગર,સપરિવાર,હા,હા,હા,હા,હા,Pending
201 Hiral Bhai Jainam,9924254524,મહુવા / અમદાવાદ,સપરિવાર,હા,હા,હા,હા,હા,Pending
Krupa Kuvariya Teacher,8866013799,મહુવા / અમદાવાદ,સપરિવાર,હા,હા,હા,હા,હા,Pending
Gopal Dhapa,8141288998,મહુવા / અમદાવાદ,સપરિવાર,હા,હા,હા,હા,હા,Pending
Abbas Chhataria,9824203135,મહુવા / અમદાવાદ,સપરિવાર,હા,હા,હા,હા,હા,Pending
Patdi Varnindra Dham,8000635000,મહુવા / અમદાવાદ,સપરિવાર,હા,હા,હા,હા,હા,Pending
Kharak Bording Ashvin Bhai,7016956972,મહુવા / અમદાવાદ,સપરિવાર,હા,હા,હા,હા,હા,Pending
Morbi truc nanu bhai,9879120130,મોરબી,સપરિવાર,હા,હા,હા,હા,હા,Pending
Laxman Hari Mama  bhacha,9913141362,મહુવા / અમદાવાદ,સપરિવાર,હા,હા,હા,હા,હા,Pending
Talgajrada Harji Dada,9904725988,મહુવા / અમદાવાદ,સપરિવાર,હા,હા,હા,હા,હા,Pending
Dr Vijay Parmar Rtn,9925151575,મહુવા / અમદાવાદ,સપરિવાર,હા,હા,હા,હા,હા,Pending
Dr Vijay Parmar Rtn,8238012999,મહુવા / અમદાવાદ,સપરિવાર,હા,હા,હા,હા,હા,Pending
Prabha Ben Vithal Bhai Kordia,9825883561,મહુવા / અમદાવાદ,સપરિવાર,હા,હા,હા,હા,હા,Pending
Baraiya Ramesh Bhai Engi,7069674299,મહુવા / અમદાવાદ,સપરિવાર,હા,હા,હા,હા,હા,Pending
Dr Hitendra Somani  Bhv,9427496663,ભાવનગર,સપરિવાર,હા,હા,હા,હા,હા,Pending
Godhara Mahendra,9727098865,મહુવા / અમદાવાદ,સપરિવાર,હા,હા,હા,હા,હા,Pending
Babu Bavadiya Haripara,9904298051,મહુવા / અમદાવાદ,સપરિવાર,હા,હા,હા,હા,હા,Pending
Dharmaraj  Hetalba,8780048855,મહુવા / અમદાવાદ,સપરિવાર,હા,હા,હા,હા,હા,Pending
Rfo Mituraj Vala,9714197966,મહુવા / અમદાવાદ,સપરિવાર,હા,હા,હા,હા,હા,Pending
Kashyap Sih Vala Vidhyarthi,7016962662,મહુવા / અમદાવાદ,સપરિવાર,હા,હા,હા,હા,હા,Pending
Laxman Bhai Kalotra,9979882632,મહુવા / અમદાવાદ,સપરિવાર,હા,હા,હા,હા,હા,Pending
Block Ram bhai rajula,9925699666,મહુવા / અમદાવાદ,સપરિવાર,હા,હા,હા,હા,હા,Pending
Haresh Hari Om Provijan,9904386247,મહુવા / અમદાવાદ,સપરિવાર,હા,હા,હા,હા,હા,Pending
Bharat Bhagvati,8000901800,મહુવા / અમદાવાદ,સપરિવાર,હા,હા,હા,હા,હા,Pending
Shyam Swami Vadtal,9925205611,મહુવા / અમદાવાદ,સપરિવાર,હા,હા,હા,હા,હા,Pending
Chata Mate Dhiru Chapri,9687581601,મહુવા / અમદાવાદ,સપરિવાર,હા,હા,હા,હા,હા,Pending
Payal Gaurang Rathod,9409138384,મહુવા / અમદાવાદ,સપરિવાર,હા,હા,હા,હા,હા,Pending
Payal Gaurang Rathod,8200201495,મહુવા / અમદાવાદ,સપરિવાર,હા,હા,હા,હા,હા,Pending
Pravin Maruti Print,9537072840,મહુવા / અમદાવાદ,સપરિવાર,હા,હા,હા,હા,હા,Pending
Pravin Maruti Print,8200460091,મહુવા / અમદાવાદ,સપરિવાર,હા,હા,હા,હા,હા,Pending
Pande Sir E I,6351800762,મહુવા / અમદાવાદ,સપરિવાર,હા,હા,હા,હા,હા,Pending
BSNL Broandband,6352895703,મહુવા / અમદાવાદ,સપરિવાર,હા,હા,હા,હા,હા,Pending
BSNL Broandband,18001028028,મહુવા / અમદાવાદ,સપરિવાર,હા,હા,હા,હા,હા,Pending
Kushal Kumar Ahd,9909965360,અમદાવાદ,સપરિવાર,હા,હા,હા,હા,હા,Pending
Jayesh Gautam Dery,2844225553,મહુવા / અમદાવાદ,સપરિવાર,હા,હા,હા,હા,હા,Pending
Jayesh Gautam Dery,9824220731,મહુવા / અમદાવાદ,સપરિવાર,હા,હા,હા,હા,હા,Pending
Navin Bhai Dave  Rjt,9821068269,રાજકોટ,સપરિવાર,હા,હા,હા,હા,હા,Pending
Dr Bagdiya,8734878484,મહુવા / અમદાવાદ,સપરિવાર,હા,હા,હા,હા,હા,Pending
Laghumati Office Vanraj Bhai,2782422696,મહુવા / અમદાવાદ,સપરિવાર,હા,હા,હા,હા,હા,Pending
Bhanu Purani Swami Lathidad,9426345106,મહુવા / અમદાવાદ,સપરિવાર,હા,હા,હા,હા,હા,Pending
Bhanu Purani Swami Lathidad,7984316472,મહુવા / અમદાવાદ,સપરિવાર,હા,હા,હા,હા,હા,Pending
Shree Swami. Mandir Kalupur Office,8238001666,મહુવા / અમદાવાદ,સપરિવાર,હા,હા,હા,હા,હા,Pending
Shree Swami. Mandir Kalupur Office,9909967104,મહુવા / અમદાવાદ,સપરિવાર,હા,હા,હા,હા,હા,Pending
Virbhadra Sih Sarvaiya,9723721307,મહુવા / અમદાવાદ,સપરિવાર,હા,હા,હા,હા,હા,Pending
Dr Dharmesh Dhaduk,9925392322,મહુવા / અમદાવાદ,સપરિવાર,હા,હા,હા,હા,હા,Pending
Jaydip Goswami Bhavik,7046674074,મહુવા / અમદાવાદ,સપરિવાર,હા,હા,હા,હા,હા,Pending
Sonal Jani Teacher,9157237030,મહુવા / અમદાવાદ,સપરિવાર,હા,હા,હા,હા,હા,Pending
Sonal Jani Teacher,7043283445,મહુવા / અમદાવાદ,સપરિવાર,હા,હા,હા,હા,હા,Pending
R k Jani Astro,9427748631,મહુવા / અમદાવાદ,સપરિવાર,હા,હા,હા,હા,હા,Pending
R k Jani Astro,9687605873,મહુવા / અમદાવાદ,સપરિવાર,હા,હા,હા,હા,હા,Pending
Raju Kanojiya,9909113300,મહુવા / અમદાવાદ,સપરિવાર,હા,હા,હા,હા,હા,Pending
Shukan Pravin Bhai,9898837072,મહુવા / અમદાવાદ,સપરિવાર,હા,હા,હા,હા,હા,Pending
Pi  S N Barot Sir,9879206011,મહુવા / અમદાવાદ,સપરિવાર,હા,હા,હા,હા,હા,Pending
Q 4 Jay Somnath Madhya Shala,9925083485,મહુવા / અમદાવાદ,સપરિવાર,હા,હા,હા,હા,હા,Pending
Dhirajlal Chhaniyara Rjt Fee Comity,9624099863,રાજકોટ,સપરિવાર,હા,હા,હા,હા,હા,Pending
Ba Mumbai,2223633145,મુંબઈ,સપરિવાર,હા,હા,હા,હા,હા,Pending
Dhuvin Kathiriya,9824325907,મહુવા / અમદાવાદ,સપરિવાર,હા,હા,હા,હા,હા,Pending
Darshak  Sandesh News,8140638460,મહુવા / અમદાવાદ,સપરિવાર,હા,હા,હા,હા,હા,Pending
Uday Bhai Stap,7777922119,મહુવા / અમદાવાદ,સપરિવાર,હા,હા,હા,હા,હા,Pending
Mehul Bhada Mate Bhv,9825905905,ભાવનગર,સપરિવાર,હા,હા,હા,હા,હા,Pending
Dinesh Makvana Sarpanch,9586345142,મહુવા / અમદાવાદ,સપરિવાર,હા,હા,હા,હા,હા,Pending
Dr Ankit badheka,9825023935,મહુવા / અમદાવાદ,સપરિવાર,હા,હા,હા,હા,હા,Pending
Mahesh Sir Sakhat,8160011862,મહુવા / અમદાવાદ,સપરિવાર,હા,હા,હા,હા,હા,Pending
Pragna Ben Day School,6354542091,મહુવા / અમદાવાદ,સપરિવાર,હા,હા,હા,હા,હા,Pending
Bio Metrik,7600078545,મહુવા / અમદાવાદ,સપરિવાર,હા,હા,હા,હા,હા,Pending
Kartik Joshi  Prabhu,6351302792,મહુવા / અમદાવાદ,સપરિવાર,હા,હા,હા,હા,હા,Pending
Day School Mate Sejal,8849363856,મહુવા / અમદાવાદ,સપરિવાર,હા,હા,હા,હા,હા,Pending
Bharat Bhai Seta,7698635050,મહુવા / અમદાવાદ,સપરિવાર,હા,હા,હા,હા,હા,Pending
Ami ben Teacher,8780510333,મહુવા / અમદાવાદ,સપરિવાર,હા,હા,હા,હા,હા,Pending
Devenbhai Mavani DEO,9033728637,મહુવા / અમદાવાદ,સપરિવાર,હા,હા,હા,હા,હા,Pending
Devenbhai Mavani DEO,7984142860,મહુવા / અમદાવાદ,સપરિવાર,હા,હા,હા,હા,હા,Pending
Pandya Nidhi Ben Teacher,8000858281,મહુવા / અમદાવાદ,સપરિવાર,હા,હા,હા,હા,હા,Pending
Darshana Ba Sarvaiya Teacher,7203980965,મહુવા / અમદાવાદ,સપરિવાર,હા,હા,હા,હા,હા,Pending
Dival Folding,9427743530,મહુવા / અમદાવાદ,સપરિવાર,હા,હા,હા,હા,હા,Pending
Akta Ben Mum Dr Kamlesh,7021267838,મુંબઈ,સપરિવાર,હા,હા,હા,હા,હા,Pending
Ram Swami. Gandhinagar,9173416091,મહુવા / અમદાવાદ,સપરિવાર,હા,હા,હા,હા,હા,Pending
Ram Swami. Gandhinagar,9428049419,મહુવા / અમદાવાદ,સપરિવાર,હા,હા,હા,હા,હા,Pending
Frc Rajkot Munaf Nagani,9586972999,રાજકોટ,સપરિવાર,હા,હા,હા,હા,હા,Pending
Vivek Ranjan Pani Purvatha,9978901054,મહુવા / અમદાવાદ,સપરિવાર,હા,હા,હા,હા,હા,Pending
Nishant Bhatt Bagdaba,8000146104,મહુવા / અમદાવાદ,સપરિવાર,હા,હા,હા,હા,હા,Pending
Nishant Bhatt Bagdaba,9428590800,મહુવા / અમદાવાદ,સપરિવાર,હા,હા,હા,હા,હા,Pending
Gautam sweet Main Bazar,2844223793,મહુવા / અમદાવાદ,સપરિવાર,હા,હા,હા,હા,હા,Pending
Gautam sweet Main Bazar,9825155353,મહુવા / અમદાવાદ,સપરિવાર,હા,હા,હા,હા,હા,Pending
Mahesh Bhai C A,9824226812,મહુવા / અમદાવાદ,સપરિવાર,હા,હા,હા,હા,હા,Pending
Mahesh Bhai C A,2844226882,મહુવા / અમદાવાદ,સપરિવાર,હા,હા,હા,હા,હા,Pending
Ghanshyam Bhai R R,9898004281,મહુવા / અમદાવાદ,સપરિવાર,હા,હા,હા,હા,હા,Pending
Ismail Kalania,2844223341,મહુવા / અમદાવાદ,સપરિવાર,હા,હા,હા,હા,હા,Pending
Ismail Kalania,9879023350,મહુવા / અમદાવાદ,સપરિવાર,હા,હા,હા,હા,હા,Pending
Gaurang Bhai Rathod,9978446969,મહુવા / અમદાવાદ,સપરિવાર,હા,હા,હા,હા,હા,Pending
Gaurang Bhai Rathod,9426851151,મહુવા / અમદાવાદ,સપરિવાર,હા,હા,હા,હા,હા,Pending
Haresh Bhai G Mehta,9825132230,મહુવા / અમદાવાદ,સપરિવાર,હા,હા,હા,હા,હા,Pending
Amarish Bhai Der MLA Rajula,9427255555,મહુવા / અમદાવાદ,સપરિવાર,હા,હા,હા,હા,હા,Pending
Manish Bhai Bhatt,9428342889,મહુવા / અમદાવાદ,સપરિવાર,હા,હા,હા,હા,હા,Pending
Jayesh Magan Kapadiya,9687808899,મહુવા / અમદાવાદ,સપરિવાર,હા,હા,હા,હા,હા,Pending
Bhagvat Bhai Amin Hiramani Ahd,9824676983,અમદાવાદ,સપરિવાર,હા,હા,હા,હા,હા,Pending
Madhu Bhai Choksi Mum,8369058963,મુંબઈ,સપરિવાર,હા,હા,હા,હા,હા,Pending
Madhu Bhai Choksi Mum,9833377341,મુંબઈ,સપરિવાર,હા,હા,હા,હા,હા,Pending
Dr Bhavesh Khodifad P S,9429643258,મહુવા / અમદાવાદ,સપરિવાર,હા,હા,હા,હા,હા,Pending
Dr Bhavesh Khodifad P S,9723464500,મહુવા / અમદાવાદ,સપરિવાર,હા,હા,હા,હા,હા,Pending
Anant Swami,9408854992,મહુવા / અમદાવાદ,સપરિવાર,હા,હા,હા,હા,હા,Pending
Dr Kamlesh Katriya,9909501440,મહુવા / અમદાવાદ,સપરિવાર,હા,હા,હા,હા,હા,Pending
Madhusudan Bhai Sheth,2632245500,મહુવા / અમદાવાદ,સપરિવાર,હા,હા,હા,હા,હા,Pending
Madhusudan Bhai Sheth,19042725960,મહુવા / અમદાવાદ,સપરિવાર,હા,હા,હા,હા,હા,Pending
Madhusudan Bhai Sheth,15177844224,મહુવા / અમદાવાદ,સપરિવાર,હા,હા,હા,હા,હા,Pending
Madhusudan Bhai Sheth,15173921676,મહુવા / અમદાવાદ,સપરિવાર,હા,હા,હા,હા,હા,Pending
Madhusudan Bhai Sheth,15179620205,મહુવા / અમદાવાદ,સપરિવાર,હા,હા,હા,હા,હા,Pending
Madhusudan Bhai Sheth,9429043298,મહુવા / અમદાવાદ,સપરિવાર,હા,હા,હા,હા,હા,Pending
Madhusudan Bhai Sheth,9323966530,મહુવા / અમદાવાદ,સપરિવાર,હા,હા,હા,હા,હા,Pending
Hitesh R T O,9825674526,મહુવા / અમદાવાદ,સપરિવાર,હા,હા,હા,હા,હા,Pending
Ghelu Bha Khutvada,9574551995,મહુવા / અમદાવાદ,સપરિવાર,હા,હા,હા,હા,હા,Pending
Bharat Bhai Thakar,7984500243,મહુવા / અમદાવાદ,સપરિવાર,હા,હા,હા,હા,હા,Pending
Bharat Bhai Thakar,9426463967,મહુવા / અમદાવાદ,સપરિવાર,હા,હા,હા,હા,હા,Pending
Bharat Bhai Thakar,9924401100,મહુવા / અમદાવાદ,સપરિવાર,હા,હા,હા,હા,હા,Pending
Maulik Naresh Gaudani,7575062426,મહુવા / અમદાવાદ,સપરિવાર,હા,હા,હા,હા,હા,Pending
Pankaj Sandhavi Vadodara,9033776462,વડોદરા,સપરિવાર,હા,હા,હા,હા,હા,Pending
Nikhil Bhai Unadkar S B I,8000453434,મહુવા / અમદાવાદ,સપરિવાર,હા,હા,હા,હા,હા,Pending
Kishor Nagarpalika,9974746331,મહુવા / અમદાવાદ,સપરિવાર,હા,હા,હા,હા,હા,Pending
Dimpal Bhai Bhv,9825288105,ભાવનગર,સપરિવાર,હા,હા,હા,હા,હા,Pending
Jitu Bhai  Vaghani,9913134700,મહુવા / અમદાવાદ,સપરિવાર,હા,હા,હા,હા,હા,Pending
Parva Zalavadiya,9510551131,મહુવા / અમદાવાદ,સપરિવાર,હા,હા,હા,હા,હા,Pending
Gadi Shikhva,9714042900,મહુવા / અમદાવાદ,સપરિવાર,હા,હા,હા,હા,હા,Pending
Chandrika Mami Amreli,7990824903,અમરેલી,સપરિવાર,હા,હા,હા,હા,હા,Pending
Chandrika Mami Amreli,9429186267,અમરેલી,સપરિવાર,હા,હા,હા,હા,હા,Pending
Sahdev Sih Police,9428859788,મહુવા / અમદાવાદ,સપરિવાર,હા,હા,હા,હા,હા,Pending
Sahdev Sih Police,8866639009,મહુવા / અમદાવાદ,સપરિવાર,હા,હા,હા,હા,હા,Pending
Sahdev Sih Police,9662044917,મહુવા / અમદાવાદ,સપરિવાર,હા,હા,હા,હા,હા,Pending
Sahil Bhai Dubai,00971501044453,દુબઈ (UAE),સપરિવાર,હા,હા,હા,હા,હા,Pending
Sahil Bhai Dubai,971505577643,દુબઈ (UAE),સપરિવાર,હા,હા,હા,હા,હા,Pending
Dilavar Bhai,9825162423,મહુવા / અમદાવાદ,સપરિવાર,હા,હા,હા,હા,હા,Pending
Tadha Lalji Bhai Surat,9979945300,સુરત,સપરિવાર,હા,હા,હા,હા,હા,Pending
Alang Dhanji B,9925235755,મહુવા / અમદાવાદ,સપરિવાર,હા,હા,હા,હા,હા,Pending
Manhar Bhai Bardoli,9727760056,મહુવા / અમદાવાદ,સપરિવાર,હા,હા,હા,હા,હા,Pending
Swaraz Mazda Pinakin Bhai,8401573748,મહુવા / અમદાવાદ,સપરિવાર,હા,હા,હા,હા,હા,Pending
Lasu Ben Bhaguda,9712626399,મહુવા / અમદાવાદ,સપરિવાર,હા,હા,હા,હા,હા,Pending
Hundai motor Amreli,2792240215,અમરેલી,સપરિવાર,હા,હા,હા,હા,હા,Pending
Pasti Amarsi bhai,9909067286,મહુવા / અમદાવાદ,સપરિવાર,હા,હા,હા,હા,હા,Pending
Pasti Amarsi bhai,8154040804,મહુવા / અમદાવાદ,સપરિવાર,હા,હા,હા,હા,હા,Pending
Nagar palika plaber govind bhai,8140646025,મહુવા / અમદાવાદ,સપરિવાર,હા,હા,હા,હા,હા,Pending
Prahalad bhai,9374845146,મહુવા / અમદાવાદ,સપરિવાર,હા,હા,હા,હા,હા,Pending
Ahd Bhandari,9638524935,અમદાવાદ,સપરિવાર,હા,હા,હા,હા,હા,Pending
Pathan Arbaz,9574372497,મહુવા / અમદાવાદ,સપરિવાર,હા,હા,હા,હા,હા,Pending
P G Korat Sir Bhv,9428112258,ભાવનગર,સપરિવાર,હા,હા,હા,હા,હા,Pending
Note Book Ramesh Bhai,9824085438,મહુવા / અમદાવાદ,સપરિવાર,હા,હા,હા,હા,હા,Pending
S M S Mate Bhv,8155066167,ભાવનગર,સપરિવાર,હા,હા,હા,હા,હા,Pending
Draiver bhimaj,9924572515,મહુવા / અમદાવાદ,સપરિવાર,હા,હા,હા,હા,હા,Pending
Suthar ramesh bhai,8140536992,મહુવા / અમદાવાદ,સપરિવાર,હા,હા,હા,હા,હા,Pending
Zeri madh vijay bhai,9924413738,મહુવા / અમદાવાદ,સપરિવાર,હા,હા,હા,હા,હા,Pending
Renu Ben Dolu Bhai,9429437489,મહુવા / અમદાવાદ,સપરિવાર,હા,હા,હા,હા,હા,Pending
Tilu Bapu,9426463899,મહુવા / અમદાવાદ,સપરિવાર,હા,હા,હા,હા,હા,Pending
Magan Mama Bhacha,9601100240,મહુવા / અમદાવાદ,સપરિવાર,હા,હા,હા,હા,હા,Pending
Dr A Jesing Bhai,9924155244,મહુવા / અમદાવાદ,સપરિવાર,હા,હા,હા,હા,હા,Pending
Bhavesh Vela Bhai,9429335834,મહુવા / અમદાવાદ,સપરિવાર,હા,હા,હા,હા,હા,Pending
Lila Ben,9327596275,મહુવા / અમદાવાદ,સપરિવાર,હા,હા,હા,હા,હા,Pending
Magan Dada Bhv,9712156454,ભાવનગર,સપરિવાર,હા,હા,હા,હા,હા,Pending
Ramesh Magan Aangdiya,2844227256,મહુવા / અમદાવાદ,સપરિવાર,હા,હા,હા,હા,હા,Pending
Babu bhadaraka,9879542323,મહુવા / અમદાવાદ,સપરિવાર,હા,હા,હા,હા,હા,Pending
Kana Aata,9979240501,મહુવા / અમદાવાદ,સપરિવાર,હા,હા,હા,હા,હા,Pending
Savita Ben,7874479449,મહુવા / અમદાવાદ,સપરિવાર,હા,હા,હા,હા,હા,Pending
Bhagat,9978319624,મહુવા / અમદાવાદ,સપરિવાર,હા,હા,હા,હા,હા,Pending
Mahila Co Op Benk,9054892622,મહુવા / અમદાવાદ,સપરિવાર,હા,હા,હા,હા,હા,Pending
Bharat Bhai Trasti U S A,971525114995,મહુવા / અમદાવાદ,સપરિવાર,હા,હા,હા,હા,હા,Pending
Market prakash bhai,9825914461,મહુવા / અમદાવાદ,સપરિવાર,હા,હા,હા,હા,હા,Pending
Draivar ramji bhai,9925184939,મહુવા / અમદાવાદ,સપરિવાર,હા,હા,હા,હા,હા,Pending
Lift Jayesh Ahd,9904400840,અમદાવાદ,સપરિવાર,હા,હા,હા,હા,હા,Pending
Dr Akshit Gajera,9278243420,મહુવા / અમદાવાદ,સપરિવાર,હા,હા,હા,હા,હા,Pending
Dr Bhatur Bhut Hos,2844226444,મહુવા / અમદાવાદ,સપરિવાર,હા,હા,હા,હા,હા,Pending
Bharti Ben Sanghavi  U S A,6093257619,મહુવા / અમદાવાદ,સપરિવાર,હા,હા,હા,હા,હા,Pending
J B Baraiya Grant Shakha Bhv,9825570586,ભાવનગર,સપરિવાર,હા,હા,હા,હા,હા,Pending
D E O Office Bhavnagar,2782421002,ભાવનગર,સપરિવાર,હા,હા,હા,હા,હા,Pending
Bhavnagar Book Store Bhv,2782516739,ભાવનગર,સપરિવાર,હા,હા,હા,હા,હા,Pending
P M Angadiya,9099918690,મહુવા / અમદાવાદ,સપરિવાર,હા,હા,હા,હા,હા,Pending
P M Angadiya,2844221211,મહુવા / અમદાવાદ,સપરિવાર,હા,હા,હા,હા,હા,Pending
Arun Bhai Dave,2846283122,મહુવા / અમદાવાદ,સપરિવાર,હા,હા,હા,હા,હા,Pending
Bapa Sitaram Vidhya Shala Bagdana,8140222264,બગદાણા,સપરિવાર,હા,હા,હા,હા,હા,Pending
Bhagat kaka,9909522355,મહુવા / અમદાવાદ,સપરિવાર,હા,હા,હા,હા,હા,Pending
Jet Airvej Bhv,2782202004,ભાવનગર,સપરિવાર,હા,હા,હા,હા,હા,Pending
Bus Amdavad,8860947521,મહુવા / અમદાવાદ,સપરિવાર,હા,હા,હા,હા,હા,Pending
Itaranal Motors Bhv,9227893001,ભાવનગર,સપરિવાર,હા,હા,હા,હા,હા,Pending
Dr Vijay Ahir,9737455185,મહુવા / અમદાવાદ,સપરિવાર,હા,હા,હા,હા,હા,Pending
Paresh Koldiya,9429128928,મહુવા / અમદાવાદ,સપરિવાર,હા,હા,હા,હા,હા,Pending
Sant swami Rj,9925026025,મહુવા / અમદાવાદ,સપરિવાર,હા,હા,હા,હા,હા,Pending
Shasanadhikari Office,2844223347,મહુવા / અમદાવાદ,સપરિવાર,હા,હા,હા,હા,હા,Pending
Shasanadhikari Office,2844222182,મહુવા / અમદાવાદ,સપરિવાર,હા,હા,હા,હા,હા,Pending
Axis Benk Mhv,2844224301,મહુવા / અમદાવાદ,સપરિવાર,હા,હા,હા,હા,હા,Pending
Janak bhai vrudhashram,8866282412,મહુવા / અમદાવાદ,સપરિવાર,હા,હા,હા,હા,હા,Pending
Rajni bhai abharampara,9408260271,મહુવા / અમદાવાદ,સપરિવાર,હા,હા,હા,હા,હા,Pending
Lumbha Bhai,9824704391,મહુવા / અમદાવાદ,સપરિવાર,હા,હા,હા,હા,હા,Pending
Yogesh Pandya Studio,8734024835,મહુવા / અમદાવાદ,સપરિવાર,હા,હા,હા,હા,હા,Pending
Note book ditesh vapi,8866034243,વાપી,સપરિવાર,હા,હા,હા,હા,હા,Pending
Note book ditesh vapi,8141341043,વાપી,સપરિવાર,હા,હા,હા,હા,હા,Pending
Toyota Ramesh,9998026820,મહુવા / અમદાવાદ,સપરિવાર,હા,હા,હા,હા,હા,Pending
S b i bhalala,9426711414,મહુવા / અમદાવાદ,સપરિવાર,હા,હા,હા,હા,હા,Pending
Kausik B Padsala Ahd,9925233167,અમદાવાદ,સપરિવાર,હા,હા,હા,હા,હા,Pending
M P MAHARAJ,8735986844,મહુવા / અમદાવાદ,સપરિવાર,હા,હા,હા,હા,હા,Pending
Foram Papa,9825541633,મહુવા / અમદાવાદ,સપરિવાર,હા,હા,હા,હા,હા,Pending
Himat Vavadi,9374123237,મહુવા / અમદાવાદ,સપરિવાર,હા,હા,હા,હા,હા,Pending
Jani Bhai,9925005070,મહુવા / અમદાવાદ,સપરિવાર,હા,હા,હા,હા,હા,Pending
Jyoti surat,9429074815,સુરત,સપરિવાર,હા,હા,હા,હા,હા,Pending
P O P Toufik Surat,9726976651,સુરત,સપરિવાર,હા,હા,હા,હા,હા,Pending
P O P Toufik Surat,9137954172,સુરત,સપરિવાર,હા,હા,હા,હા,હા,Pending
Manav Mandir Shala,2844224250,મહુવા / અમદાવાદ,સપરિવાર,હા,હા,હા,હા,હા,Pending
Radhe eng school,2844227617,મહુવા / અમદાવાદ,સપરિવાર,હા,હા,હા,હા,હા,Pending
Savaji bhai Ta,9328293579,મહુવા / અમદાવાદ,સપરિવાર,હા,હા,હા,હા,હા,Pending
Mansukh Mama S,9824215048,મહુવા / અમદાવાદ,સપરિવાર,હા,હા,હા,હા,હા,Pending
Manu bhai jurani,9427033255,મહુવા / અમદાવાદ,સપરિવાર,હા,હા,હા,હા,હા,Pending
Radhe Shcool,2844224555,મહુવા / અમદાવાદ,સપરિવાર,હા,હા,હા,હા,હા,Pending
Devang Bhai Barot Pipavav,9574694888,મહુવા / અમદાવાદ,સપરિવાર,હા,હા,હા,હા,હા,Pending
Chatur Kaka He,9974540260,મહુવા / અમદાવાદ,સપરિવાર,હા,હા,હા,હા,હા,Pending
Himansu Hemal,7874400708,મહુવા / અમદાવાદ,સપરિવાર,હા,હા,હા,હા,હા,Pending
Aadhar Dise No,24141113134,મહુવા / અમદાવાદ,સપરિવાર,હા,હા,હા,હા,હા,Pending
Rajni Joshi Patrakar,9824197074,મહુવા / અમદાવાદ,સપરિવાર,હા,હા,હા,હા,હા,Pending
Tele Joshi Sir,9426624300,મહુવા / અમદાવાદ,સપરિવાર,હા,હા,હા,હા,હા,Pending
Tele Joshi Sir,2844222950,મહુવા / અમદાવાદ,સપરિવાર,હા,હા,હા,હા,હા,Pending
Ranchod Bhai Butani Surat,9879544985,સુરત,સપરિવાર,હા,હા,હા,હા,હા,Pending
Goda Bhai Bhaguda,9426262375,મહુવા / અમદાવાદ,સપરિવાર,હા,હા,હા,હા,હા,Pending
Vinod Chatra Mate,9898959502,મહુવા / અમદાવાદ,સપરિવાર,હા,હા,હા,હા,હા,Pending
Bhojalram Mahesh,9537118560,મહુવા / અમદાવાદ,સપરિવાર,હા,હા,હા,હા,હા,Pending
Kanu Bhai Padsala,9904388118,મહુવા / અમદાવાદ,સપરિવાર,હા,હા,હા,હા,હા,Pending
Tapan,9408694873,મહુવા / અમદાવાદ,સપરિવાર,હા,હા,હા,હા,હા,Pending
M Na Mehta School,2844222555,મહુવા / અમદાવાદ,સપરિવાર,હા,હા,હા,હા,હા,Pending
Aajva Fun World Vadodara,8980037089,વડોદરા,સપરિવાર,હા,હા,હા,હા,હા,Pending
Bhavna Lalesh Sir,8347671454,મહુવા / અમદાવાદ,સપરિવાર,હા,હા,હા,હા,હા,Pending
Haidar,8000042775,મહુવા / અમદાવાદ,સપરિવાર,હા,હા,હા,હા,હા,Pending
Gaful bhai home,2844290414,મહુવા / અમદાવાદ,સપરિવાર,હા,હા,હા,હા,હા,Pending
Haku Bhai Josh,9909113291,મહુવા / અમદાવાદ,સપરિવાર,હા,હા,હા,હા,હા,Pending
gabha bhai Ladi,9924826409,મહુવા / અમદાવાદ,સપરિવાર,હા,હા,હા,હા,હા,Pending
Jitu bhai vakil,9429344397,મહુવા / અમદાવાદ,સપરિવાર,હા,હા,હા,હા,હા,Pending
C k kapadia,9427759359,મહુવા / અમદાવાદ,સપરિવાર,હા,હા,હા,હા,હા,Pending
Javer mama,9925380033,મહુવા / અમદાવાદ,સપરિવાર,હા,હા,હા,હા,હા,Pending
Bhv Dress Mate,9377100053,ભાવનગર,સપરિવાર,હા,હા,હા,હા,હા,Pending
Javahar navoda,2842286300,મહુવા / અમદાવાદ,સપરિવાર,હા,હા,હા,હા,હા,Pending
Jaysukh bhai harsora,9737411829,મહુવા / અમદાવાદ,સપરિવાર,હા,હા,હા,હા,હા,Pending
Mahuva janaral hospital,2844222431,મહુવા,સપરિવાર,હા,હા,હા,હા,હા,Pending
Mahuva janaral hospital,2844223109,મહુવા,સપરિવાર,હા,હા,હા,હા,હા,Pending
Shastriji Gadhada,9426357874,ગઢડા,સપરિવાર,હા,હા,હા,હા,હા,Pending
Mansukh Bhai Nagadiya,9601157308,મહુવા / અમદાવાદ,સપરિવાર,હા,હા,હા,હા,હા,Pending
Masi kumbhan,8141507227,મહુવા / અમદાવાદ,સપરિવાર,હા,હા,હા,હા,હા,Pending
Mukesh gondalia Rd,9824230324,મહુવા / અમદાવાદ,સપરિવાર,હા,હા,હા,હા,હા,Pending
Ramesh Bhai Chhatra,9904237480,મહુવા / અમદાવાદ,સપરિવાર,હા,હા,હા,હા,હા,Pending
Mehta redio,9925332209,મહુવા / અમદાવાદ,સપરિવાર,હા,હા,હા,હા,હા,Pending
Ramani Sir J P,9375814951,મહુવા / અમદાવાદ,સપરિવાર,હા,હા,હા,હા,હા,Pending
Nilesh Luhar,9737412702,મહુવા / અમદાવાદ,સપરિવાર,હા,હા,હા,હા,હા,Pending
Mistri Foto,9428342890,મહુવા / અમદાવાદ,સપરિવાર,હા,હા,હા,હા,હા,Pending
Pau Mate,2844223227,મહુવા / અમદાવાદ,સપરિવાર,હા,હા,હા,હા,હા,Pending
Matheran Coli,9209813997,મહુવા / અમદાવાદ,સપરિવાર,હા,હા,હા,હા,હા,Pending
Munda Shop,2844222128,મહુવા / અમદાવાદ,સપરિવાર,હા,હા,હા,હા,હા,Pending
Pani mate,2844222250,મહુવા / અમદાવાદ,સપરિવાર,હા,હા,હા,હા,હા,Pending
Rati kaka ahd,9898063973,અમદાવાદ,સપરિવાર,હા,હા,હા,હા,હા,Pending
Pravin joshi jamnagar,9825677622,જામનગર,સપરિવાર,હા,હા,હા,હા,હા,Pending
Prakash kailash maha,8238116737,મહુવા / અમદાવાદ,સપરિવાર,હા,હા,હા,હા,હા,Pending
Sanjay finail,9228125732,મહુવા / અમદાવાદ,સપરિવાર,હા,હા,હા,હા,હા,Pending
Dhiru Raj Daing Teble,9825827287,મહુવા / અમદાવાદ,સપરિવાર,હા,હા,હા,હા,હા,Pending
Draiver sagar,9924774463,મહુવા / અમદાવાદ,સપરિવાર,હા,હા,હા,હા,હા,Pending
Shiva bhai Rabari,9974139281,મહુવા / અમદાવાદ,સપરિવાર,હા,હા,હા,હા,હા,Pending
Ramkada Vijay,9824186162,મહુવા / અમદાવાદ,સપરિવાર,હા,હા,હા,હા,હા,Pending
Mahuva callector,2844222765,મહુવા,સપરિવાર,હા,હા,હા,હા,હા,Pending
S t parsal kanaksih,8511161190,મહુવા / અમદાવાદ,સપરિવાર,હા,હા,હા,હા,હા,Pending
Sheth anterpraiz,9924259880,મહુવા / અમદાવાદ,સપરિવાર,હા,હા,હા,હા,હા,Pending
Ramesh bhai ch,9924882801,મહુવા / અમદાવાદ,સપરિવાર,હા,હા,હા,હા,હા,Pending
Shakti Frem,9428431755,મહુવા / અમદાવાદ,સપરિવાર,હા,હા,હા,હા,હા,Pending
Bhavesh goyani,9879208545,મહુવા / અમદાવાદ,સપરિવાર,હા,હા,હા,હા,હા,Pending
Harji Bhai Hirani,9825726352,મહુવા / અમદાવાદ,સપરિવાર,હા,હા,હા,હા,હા,Pending
Jadav Bhai Ges,9428785209,મહુવા / અમદાવાદ,સપરિવાર,હા,હા,હા,હા,હા,Pending
Radhe high school,2844227610,મહુવા / અમદાવાદ,સપરિવાર,હા,હા,હા,હા,હા,Pending
Shambhu bhai Karate,9724638368,મહુવા / અમદાવાદ,સપરિવાર,હા,હા,હા,હા,હા,Pending
Ramesh Barot home,9377489823,મહુવા / અમદાવાદ,સપરિવાર,હા,હા,હા,હા,હા,Pending
Saf dilip janta plot,9712229760,મહુવા / અમદાવાદ,સપરિવાર,હા,હા,હા,હા,હા,Pending
Mitul Patel Fafda,8140250819,મહુવા / અમદાવાદ,સપરિવાર,હા,હા,હા,હા,હા,Pending
Shishu bhavan,2844224967,મહુવા / અમદાવાદ,સપરિવાર,હા,હા,હા,હા,હા,Pending
Markand bhai,9825333796,મહુવા / અમદાવાદ,સપરિવાર,હા,હા,હા,હા,હા,Pending
Manu bhai Ripe,9327738498,મહુવા / અમદાવાદ,સપરિવાર,હા,હા,હા,હા,હા,Pending
Rannade marbal,9824285393,મહુવા / અમદાવાદ,સપરિવાર,હા,હા,હા,હા,હા,Pending
Mahesana Yuniform,9924294549,મહુવા / અમદાવાદ,સપરિવાર,હા,હા,હા,હા,હા,Pending
Mukesh Maharaj,9571498831,મહુવા / અમદાવાદ,સપરિવાર,હા,હા,હા,હા,હા,Pending
Mukesh Maharaj,8128142153,મહુવા / અમદાવાદ,સપરિવાર,હા,હા,હા,હા,હા,Pending
Mukesh Nagri,9327745194,મહુવા / અમદાવાદ,સપરિવાર,હા,હા,હા,હા,હા,Pending
Sadabhavana Hospital,2844222012,મહુવા / અમદાવાદ,સપરિવાર,હા,હા,હા,હા,હા,Pending
Sadabhavana Hospital,2844227612,મહુવા / અમદાવાદ,સપરિવાર,હા,હા,હા,હા,હા,Pending
Sadabhavana Hospital,2844225400,મહુવા / અમદાવાદ,સપરિવાર,હા,હા,હા,હા,હા,Pending
Manji bapa bagdana,9825148899,બગદાણા,સપરિવાર,હા,હા,હા,હા,હા,Pending
Jitu Dalal,9898861627,મહુવા / અમદાવાદ,સપરિવાર,હા,હા,હા,હા,હા,Pending
Satyam plet,9426978253,મહુવા / અમદાવાદ,સપરિવાર,હા,હા,હા,હા,હા,Pending
Manish Bhudev Shastri,9924082576,મહુવા / અમદાવાદ,સપરિવાર,હા,હા,હા,હા,હા,Pending
Manish Bhudev Shastri,2844225360,મહુવા / અમદાવાદ,સપરિવાર,હા,હા,હા,હા,હા,Pending
M p maraj,9724487667,મહુવા / અમદાવાદ,સપરિવાર,હા,હા,હા,હા,હા,Pending
Raval bhai mahesana,9377675432,મહુવા / અમદાવાદ,સપરિવાર,હા,હા,હા,હા,હા,Pending
Ramesh Kaka Kumbhan,9978224563,મહુવા / અમદાવાદ,સપરિવાર,હા,હા,હા,હા,હા,Pending
Sashi bhai hemal,9904807263,મહુવા / અમદાવાદ,સપરિવાર,હા,હા,હા,હા,હા,Pending
Jayesh Dada,9979717062,મહુવા / અમદાવાદ,સપરિવાર,હા,હા,હા,હા,હા,Pending
Satkar naresh,9825640014,મહુવા / અમદાવાદ,સપરિવાર,હા,હા,હા,હા,હા,Pending
Rice Jadav Bhai Tarapur,9879861245,મહુવા / અમદાવાદ,સપરિવાર,હા,હા,હા,હા,હા,Pending
Pramukh swami,9825235481,મહુવા / અમદાવાદ,સપરિવાર,હા,હા,હા,હા,હા,Pending
Plamber Jagdis,9904215296,મહુવા / અમદાવાદ,સપરિવાર,હા,હા,હા,હા,હા,Pending
Rakesh Bhai Home Mammy,9374440417,મહુવા / અમદાવાદ,સપરિવાર,હા,હા,હા,હા,હા,Pending
Nitin Bhai Mishtri,6352973936,મહુવા / અમદાવાદ,સપરિવાર,હા,હા,હા,હા,હા,Pending
Nitin Bhai Mishtri,9574642380,મહુવા / અમદાવાદ,સપરિવાર,હા,હા,હા,હા,હા,Pending
Painter Dhiru,9974798510,મહુવા / અમદાવાદ,સપરિવાર,હા,હા,હા,હા,હા,Pending
Mashin Ripera,9824888909,મહુવા / અમદાવાદ,સપરિવાર,હા,હા,હા,હા,હા,Pending
Bhupat Bhai Ga,9825029419,મહુવા / અમદાવાદ,સપરિવાર,હા,હા,હા,હા,હા,Pending
Dharati Makvana,9724188919,મહુવા / અમદાવાદ,સપરિવાર,હા,હા,હા,હા,હા,Pending
Lonavala Maharaja Inn,9326166666,મહુવા / અમદાવાદ,સપરિવાર,હા,હા,હા,હા,હા,Pending
Jagdis toy mart,9428637234,મહુવા / અમદાવાદ,સપરિવાર,હા,હા,હા,હા,હા,Pending
Kerocin Office bhv,2782428908,ભાવનગર,સપરિવાર,હા,હા,હા,હા,હા,Pending
Kerocin Office bhv,2782432318,ભાવનગર,સપરિવાર,હા,હા,હા,હા,હા,Pending
Haresh Gaid,0941620813,મહુવા / અમદાવાદ,સપરિવાર,હા,હા,હા,હા,હા,Pending
Kundal dham,2711291291,મહુવા / અમદાવાદ,સપરિવાર,હા,હા,હા,હા,હા,Pending
Jaysukh kaka,9913920775,મહુવા / અમદાવાદ,સપરિવાર,હા,હા,હા,હા,હા,Pending
Hast Giri Palitana,2848284101,પાલીતાણા,સપરિવાર,હા,હા,હા,હા,હા,Pending
Hast Giri Palitana,2848284105,પાલીતાણા,સપરિવાર,હા,હા,હા,હા,હા,Pending
P P Rakesh Prasad Ji Maharaj,9879581008,મહુવા / અમદાવાદ,સપરિવાર,હા,હા,હા,હા,હા,Pending
Mohanlal s mithaiwala,7926765178,મહુવા / અમદાવાદ,સપરિવાર,હા,હા,હા,હા,હા,Pending
Mohanlal s mithaiwala,7926421133,મહુવા / અમદાવાદ,સપરિવાર,હા,હા,હા,હા,હા,Pending
Mohanlal s mithaiwala,7932909911,મહુવા / અમદાવાદ,સપરિવાર,હા,હા,હા,હા,હા,Pending
Khadi Bhandar,2844222975,મહુવા / અમદાવાદ,સપરિવાર,હા,હા,હા,હા,હા,Pending
Labhu Fuva,9979017287,મહુવા / અમદાવાદ,સપરિવાર,હા,હા,હા,હા,હા,Pending
Manji bhai home,9925407734,મહુવા / અમદાવાદ,સપરિવાર,હા,હા,હા,હા,હા,Pending
Kam mate bhanu maraj,9924194026,મહુવા / અમદાવાદ,સપરિવાર,હા,હા,હા,હા,હા,Pending
Kalu Bhai Dhaba,9712181278,મહુવા / અમદાવાદ,સપરિવાર,હા,હા,હા,હા,હા,Pending
Manu Khatri,9374207063,મહુવા / અમદાવાદ,સપરિવાર,હા,હા,હા,હા,હા,Pending
Jaydev Makad,9427753604,મહુવા / અમદાવાદ,સપરિવાર,હા,હા,હા,હા,હા,Pending
Kachinch Teilo,2844226557,મહુવા / અમદાવાદ,સપરિવાર,હા,હા,હા,હા,હા,Pending
Mital Surat,7575093123,સુરત,સપરિવાર,હા,હા,હા,હા,હા,Pending
Charodi GURUKUL,2717242142,મહુવા / અમદાવાદ,સપરિવાર,હા,હા,હા,હા,હા,Pending
Charodi GURUKUL,2717242141,મહુવા / અમદાવાદ,સપરિવાર,હા,હા,હા,હા,હા,Pending
Mahuva polish station,2844223099,મહુવા,સપરિવાર,હા,હા,હા,હા,હા,Pending
Magan bhai kapadia,9429164940,મહુવા / અમદાવાદ,સપરિવાર,હા,હા,હા,હા,હા,Pending
Gunjan Bhai Nagar Palika,9428591370,મહુવા / અમદાવાદ,સપરિવાર,હા,હા,હા,હા,હા,Pending
Manish Bhai Real Vala,9429503354,મહુવા / અમદાવાદ,સપરિવાર,હા,હા,હા,હા,હા,Pending
Gseb Secretary Gandhinagar,9099073167,મહુવા / અમદાવાદ,સપરિવાર,હા,હા,હા,હા,હા,Pending
Gseb Secretary Gandhinagar,9898346066,મહુવા / અમદાવાદ,સપરિવાર,હા,હા,હા,હા,હા,Pending
0,2652792844,મહુવા / અમદાવાદ,સપરિવાર,હા,હા,હા,હા,હા,Pending
Mahavir Motor,9377408014,મહુવા / અમદાવાદ,સપરિવાર,હા,હા,હા,હા,હા,Pending
Rilance Petrol Pamp,9228010550,મહુવા / અમદાવાદ,સપરિવાર,હા,હા,હા,હા,હા,Pending
Radhe Office,2844223049,મહુવા / અમદાવાદ,સપરિવાર,હા,હા,હા,હા,હા,Pending
Ram krun Shcool Asarana,2844241111,મહુવા / અમદાવાદ,સપરિવાર,હા,હા,હા,હા,હા,Pending
Bharat Bhai Shreeji Engi,7621029240,મહુવા / અમદાવાદ,સપરિવાર,હા,હા,હા,હા,હા,Pending
Pravin Safai,7600230863,મહુવા / અમદાવાદ,સપરિવાર,હા,હા,હા,હા,હા,Pending
Hari Swarup Das laathidad,9978488654,મહુવા / અમદાવાદ,સપરિવાર,હા,હા,હા,હા,હા,Pending
Kareli bag vadodara,2652462628,વડોદરા,સપરિવાર,હા,હા,હા,હા,હા,Pending
Mahesh Patta Vala,8140617595,મહુવા / અમદાવાદ,સપરિવાર,હા,હા,હા,હા,હા,Pending
Memnagar Hk Swami,9925003504,મહુવા / અમદાવાદ,સપરિવાર,હા,હા,હા,હા,હા,Pending
Bhavesh Bharad bhv,9426255999,ભાવનગર,સપરિવાર,હા,હા,હા,હા,હા,Pending
Bakul bhai Rajula,9879509966,મહુવા / અમદાવાદ,સપરિવાર,હા,હા,હા,હા,હા,Pending
Pavagadh Udan Khatola,2676293415,મહુવા / અમદાવાદ,સપરિવાર,હા,હા,હા,હા,હા,Pending
Pavagadh Udan Khatola,2676293184,મહુવા / અમદાવાદ,સપરિવાર,હા,હા,હા,હા,હા,Pending
Dipak vinay ma,2844223927,મહુવા / અમદાવાદ,સપરિવાર,હા,હા,હા,હા,હા,Pending
Vithal kansara,9825760444,મહુવા / અમદાવાદ,સપરિવાર,હા,હા,હા,હા,હા,Pending
Haresh camera,9879487521,મહુવા / અમદાવાદ,સપરિવાર,હા,હા,હા,હા,હા,Pending
Sabir chhuna vala,2844224307,મહુવા / અમદાવાદ,સપરિવાર,હા,હા,હા,હા,હા,Pending
Sabir chhuna vala,9879210656,મહુવા / અમદાવાદ,સપરિવાર,હા,હા,હા,હા,હા,Pending
Lonavala Narayani Dham,2114270047,મહુવા / અમદાવાદ,સપરિવાર,હા,હા,હા,હા,હા,Pending
Lonavala Narayani Dham,9321140475,મહુવા / અમદાવાદ,સપરિવાર,હા,હા,હા,હા,હા,Pending
Lonavala Narayani Dham,9321140483,મહુવા / અમદાવાદ,સપરિવાર,હા,હા,હા,હા,હા,Pending
Vinu bhai trakuda,9429240000,મહુવા / અમદાવાદ,સપરિવાર,હા,હા,હા,હા,હા,Pending
Bhuma Medical,9825632532,મહુવા / અમદાવાદ,સપરિવાર,હા,હા,હા,હા,હા,Pending
Twinkle Kiran Bhai Upleta,9537195422,મહુવા / અમદાવાદ,સપરિવાર,હા,હા,હા,હા,હા,Pending
Paresh Voda,9227726669,મહુવા / અમદાવાદ,સપરિવાર,હા,હા,હા,હા,હા,Pending
H swami pardi,7874051852,મહુવા / અમદાવાદ,સપરિવાર,હા,હા,હા,હા,હા,Pending
Dinesh Takkar,9428181418,મહુવા / અમદાવાદ,સપરિવાર,હા,હા,હા,હા,હા,Pending
Dinesh Takkar,2844222141,મહુવા / અમદાવાદ,સપરિવાર,હા,હા,હા,હા,હા,Pending
Balaji courier,9924573128,મહુવા / અમદાવાદ,સપરિવાર,હા,હા,હા,હા,હા,Pending
Nilesh Bhagat Vadodara,9601290006,વડોદરા,સપરિવાર,હા,હા,હા,હા,હા,Pending
Tanu Mangroliya,9429688383,મહુવા / અમદાવાદ,સપરિવાર,હા,હા,હા,હા,હા,Pending
Bhargav Contra,9924700171,મહુવા / અમદાવાદ,સપરિવાર,હા,હા,હા,હા,હા,Pending
Jafri Principle,7203033927,મહુવા / અમદાવાદ,સપરિવાર,હા,હા,હા,હા,હા,Pending
Sudhir Bhai Medical,8734877272,મહુવા / અમદાવાદ,સપરિવાર,હા,હા,હા,હા,હા,Pending
Jigar Bhai Ahd Bhavik,9825160806,અમદાવાદ,સપરિવાર,હા,હા,હા,હા,હા,Pending
Hanu Schools Of Sci,2844246190,મહુવા / અમદાવાદ,સપરિવાર,હા,હા,હા,હા,હા,Pending
Bsc Hadiya Sir,9724424243,મહુવા / અમદાવાદ,સપરિવાર,હા,હા,હા,હા,હા,Pending
Tution Class,9998456939,મહુવા / અમદાવાદ,સપરિવાર,હા,હા,હા,હા,હા,Pending
Shree Swami Mandir Junagadh,2852650680,જુનાગઢ,સપરિવાર,હા,હા,હા,હા,હા,Pending
Mandaliya S B I,9408689647,મહુવા / અમદાવાદ,સપરિવાર,હા,હા,હા,હા,હા,Pending
Tata Menezar,8980808111,મહુવા / અમદાવાદ,સપરિવાર,હા,હા,હા,હા,હા,Pending
Bsc Yogesh Pandya,9428429616,મહુવા / અમદાવાદ,સપરિવાર,હા,હા,હા,હા,હા,Pending
Shivam Stationary Dinesh,9427146630,મહુવા / અમદાવાદ,સપરિવાર,હા,હા,હા,હા,હા,Pending
Bhana Bhai Makvana,9913706777,મહુવા / અમદાવાદ,સપરિવાર,હા,હા,હા,હા,હા,Pending
Sch Mate Parash Dobaria,9099915548,મહુવા / અમદાવાદ,સપરિવાર,હા,હા,હા,હા,હા,Pending
Brc Bhavan Mahuva,6353133364,મહુવા,સપરિવાર,હા,હા,હા,હા,હા,Pending
Salim Bhai Kalvatar,9925563103,મહુવા / અમદાવાદ,સપરિવાર,હા,હા,હા,હા,હા,Pending
Magan Bhai Rathod,9825573821,મહુવા / અમદાવાદ,સપરિવાર,હા,હા,હા,હા,હા,Pending
Una Gurukul,2875221655,મહુવા / અમદાવાદ,સપરિવાર,હા,હા,હા,હા,હા,Pending
Sanjay Bhai Nagpur,8055003770,મહુવા / અમદાવાદ,સપરિવાર,હા,હા,હા,હા,હા,Pending
Ram Mantra Hospital,2782569100,મહુવા / અમદાવાદ,સપરિવાર,હા,હા,હા,હા,હા,Pending
Ram Mantra Hospital,2782564191,મહુવા / અમદાવાદ,સપરિવાર,હા,હા,હા,હા,હા,Pending
Sbi Vaniya Sir,7490053937,મહુવા / અમદાવાદ,સપરિવાર,હા,હા,હા,હા,હા,Pending
Harsad Bhai Kundla,7567708355,સાવરકુંડલા,સપરિવાર,હા,હા,હા,હા,હા,Pending
Hansa Ben Yasvant Ahd,9998657147,અમદાવાદ,સપરિવાર,હા,હા,હા,હા,હા,Pending
Dada Kumbhan,9913936562,મહુવા / અમદાવાદ,સપરિવાર,હા,હા,હા,હા,હા,Pending
Rachna Siletion,8200312385,મહુવા / અમદાવાદ,સપરિવાર,હા,હા,હા,હા,હા,Pending
Ghanshyam Guna,9374739473,મહુવા / અમદાવાદ,સપરિવાર,હા,હા,હા,હા,હા,Pending
Raju Bhai Trivedi Nagar Palika,9429344388,મહુવા / અમદાવાદ,સપરિવાર,હા,હા,હા,હા,હા,Pending
Jitu Ben Pramukh,9426440454,મહુવા / અમદાવાદ,સપરિવાર,હા,હા,હા,હા,હા,Pending
B L Trivedi G E B,9925205866,મહુવા / અમદાવાદ,સપરિવાર,હા,હા,હા,હા,હા,Pending
Nilesh Stemp,9904570435,મહુવા / અમદાવાદ,સપરિવાર,હા,હા,હા,હા,હા,Pending
Gopal Ansar,7016538977,મહુવા / અમદાવાદ,સપરિવાર,હા,હા,હા,હા,હા,Pending
Dindayal Medical,2844223817,મહુવા / અમદાવાદ,સપરિવાર,હા,હા,હા,હા,હા,Pending
Harsh Pandya Ghan. Nagar,8866331787,મહુવા / અમદાવાદ,સપરિવાર,હા,હા,હા,હા,હા,Pending
Manisha D Surat,8780718981,સુરત,સપરિવાર,હા,હા,હા,હા,હા,Pending
Manisha D Surat,9924543901,સુરત,સપરિવાર,હા,હા,હા,હા,હા,Pending
Eto Mate Bharat Vali,9825676162,મહુવા / અમદાવાદ,સપરિવાર,હા,હા,હા,હા,હા,Pending
Goha Fuva Charodiya,9586129853,મહુવા / અમદાવાદ,સપરિવાર,હા,હા,હા,હા,હા,Pending
Rasik Kaka Dronewar,9099105646,મહુવા / અમદાવાદ,સપરિવાર,હા,હા,હા,હા,હા,Pending
Babu Kaka J Padsala Hemal,7984068803,મહુવા / અમદાવાદ,સપરિવાર,હા,હા,હા,હા,હા,Pending
Bsc Mehul,9574513382,મહુવા / અમદાવાદ,સપરિવાર,હા,હા,હા,હા,હા,Pending
Hitiksha Didi,9825474648,મહુવા / અમદાવાદ,સપરિવાર,હા,હા,હા,હા,હા,Pending
Ramnik Bhai Soni Mum,8779161596,મુંબઈ,સપરિવાર,હા,હા,હા,હા,હા,Pending
Shree Om Con Surat,9825442526,સુરત,સપરિવાર,હા,હા,હા,હા,હા,Pending
Shree Om Con Surat,2612562526,સુરત,સપરિવાર,હા,હા,હા,હા,હા,Pending
Ramesh Bhai Ram Sadhu,9638659769,મહુવા / અમદાવાદ,સપરિવાર,હા,હા,હા,હા,હા,Pending
Vinod Bhai Ind U S A,9820761113,મહુવા / અમદાવાદ,સપરિવાર,હા,હા,હા,હા,હા,Pending
Gajera Haresh,9724291255,મહુવા / અમદાવાદ,સપરિવાર,હા,હા,હા,હા,હા,Pending
Visaman Bapu Jagya Paliyad,8758104040,મહુવા / અમદાવાદ,સપરિવાર,હા,હા,હા,હા,હા,Pending
Yogi Selection,9428785234,મહુવા / અમદાવાદ,સપરિવાર,હા,હા,હા,હા,હા,Pending
Asutosh Surat,9824822322,સુરત,સપરિવાર,હા,હા,હા,હા,હા,Pending
Bhupat Aal Gir Nes,9099563438,મહુવા / અમદાવાદ,સપરિવાર,હા,હા,હા,હા,હા,Pending
Samrpan Vidyalaya Talaja,9427162746,તળાજા,સપરિવાર,હા,હા,હા,હા,હા,Pending
Bhavin Chemical,7574809626,મહુવા / અમદાવાદ,સપરિવાર,હા,હા,હા,હા,હા,Pending
Praful Bhai Pandya Jilla Convinar,9429344317,મહુવા / અમદાવાદ,સપરિવાર,હા,હા,હા,હા,હા,Pending
Harsh Pardi,9898577556,મહુવા / અમદાવાદ,સપરિવાર,હા,હા,હા,હા,હા,Pending
Daya surat,9638070254,સુરત,સપરિવાર,હા,હા,હા,હા,હા,Pending
G E B Kalu Bhai,9925216923,મહુવા / અમદાવાદ,સપરિવાર,હા,હા,હા,હા,હા,Pending
Champak Bhai J K Stil,9824197847,મહુવા / અમદાવાદ,સપરિવાર,હા,હા,હા,હા,હા,Pending
emergency alert,8527355100,મહુવા / અમદાવાદ,સપરિવાર,હા,હા,હા,હા,હા,Pending
Preyash Surat,9824990444,સુરત,સપરિવાર,હા,હા,હા,હા,હા,Pending
Manoj Vagh Bhv Maths,9099050631,ભાવનગર,સપરિવાર,હા,હા,હા,હા,હા,Pending
Chetan Nakrani Phy Bhv,7069024702,ભાવનગર,સપરિવાર,હા,હા,હા,હા,હા,Pending
Mansukh Bhai Shiyal,9327157708,મહુવા / અમદાવાદ,સપરિવાર,હા,હા,હા,હા,હા,Pending
Cha bharat bhai,9714650717,મહુવા / અમદાવાદ,સપરિવાર,હા,હા,હા,હા,હા,Pending
Arpit Seniteion,9825836357,મહુવા / અમદાવાદ,સપરિવાર,હા,હા,હા,હા,હા,Pending
Ahd bhargav hirapara,9714123877,અમદાવાદ,સપરિવાર,હા,હા,હા,હા,હા,Pending
Ashok Bhai Malviya,9824427766,મહુવા / અમદાવાદ,સપરિવાર,હા,હા,હા,હા,હા,Pending
Anand deri,9913151692,આણંદ,સપરિવાર,હા,હા,હા,હા,હા,Pending
Akshar dham gandhinagar,9998999800,મહુવા / અમદાવાદ,સપરિવાર,હા,હા,હા,હા,હા,Pending
Aanad Bhai Nutan,9727383080,મહુવા / અમદાવાદ,સપરિવાર,હા,હા,હા,હા,હા,Pending
Akshay Shah High Atho,9727765954,મહુવા / અમદાવાદ,સપરિવાર,હા,હા,હા,હા,હા,Pending
Dinesh Bhai Vidya Manjari,7359018919,મહુવા / અમદાવાદ,સપરિવાર,હા,હા,હા,હા,હા,Pending
Angadiya Rama Mohan,9328275800,મહુવા / અમદાવાદ,સપરિવાર,હા,હા,હા,હા,હા,Pending
Angadiya Rama Mohan,2844222174,મહુવા / અમદાવાદ,સપરિવાર,હા,હા,હા,હા,હા,Pending
Hetal Bhabhi  Bhv,7990303506,ભાવનગર,સપરિવાર,હા,હા,હા,હા,હા,Pending
Hetal Bhabhi  Bhv,9427150959,ભાવનગર,સપરિવાર,હા,હા,હા,હા,હા,Pending
Hetal Bhautik Amreli,9537614366,અમરેલી,સપરિવાર,હા,હા,હા,હા,હા,Pending
Babu Bhagat,9825638147,મહુવા / અમદાવાદ,સપરિવાર,હા,હા,હા,હા,હા,Pending
Devsand Fuva B,9925653121,મહુવા / અમદાવાદ,સપરિવાર,હા,હા,હા,હા,હા,Pending
Bharat Bhai Carodpati,9998994207,મહુવા / અમદાવાદ,સપરિવાર,હા,હા,હા,હા,હા,Pending
Haresh Shreeji Vapi,8141555511,વાપી,સપરિવાર,હા,હા,હા,હા,હા,Pending
Haresh Shreeji Vapi,9925505331,વાપી,સપરિવાર,હા,હા,હા,હા,હા,Pending
Sejal Malani,7778934064,મહુવા / અમદાવાદ,સપરિવાર,હા,હા,હા,હા,હા,Pending
Sejal Malani,7041550304,મહુવા / અમદાવાદ,સપરિવાર,હા,હા,હા,હા,હા,Pending
Soma Bhai Vagh,9824201419,મહુવા / અમદાવાદ,સપરિવાર,હા,હા,હા,હા,હા,Pending
Dance Kailash Sir,9714185826,મહુવા / અમદાવાદ,સપરિવાર,હા,હા,હા,હા,હા,Pending
Dance Kailash Sir,7016070067,મહુવા / અમદાવાદ,સપરિવાર,હા,હા,હા,હા,હા,Pending
Gadla mate,9979667063,મહુવા / અમદાવાદ,સપરિવાર,હા,હા,હા,હા,હા,Pending
Ghan bhai baraiya M N,9409417105,મહુવા / અમદાવાદ,સપરિવાર,હા,હા,હા,હા,હા,Pending
Ram Swami Tarvada,9925233180,મહુવા / અમદાવાદ,સપરિવાર,હા,હા,હા,હા,હા,Pending
Jitu draiver,9825766252,મહુવા / અમદાવાદ,સપરિવાર,હા,હા,હા,હા,હા,Pending
Pankaj morbi,9978988821,મોરબી,સપરિવાર,હા,હા,હા,હા,હા,Pending
Madha bhai Rabari,9979351993,મહુવા / અમદાવાદ,સપરિવાર,હા,હા,હા,હા,હા,Pending
Shanti bhai nagarpalika,9979620947,મહુવા / અમદાવાદ,સપરિવાર,હા,હા,હા,હા,હા,Pending
Ghan Jagani Sir,9428078197,મહુવા / અમદાવાદ,સપરિવાર,હા,હા,હા,હા,હા,Pending
B K Dundas,9374564242,મહુવા / અમદાવાદ,સપરિવાર,હા,હા,હા,હા,હા,Pending
Rupal pappu luhar,8000390385,મહુવા / અમદાવાદ,સપરિવાર,હા,હા,હા,હા,હા,Pending
Samaj Kal B D Virash,9725078555,મહુવા / અમદાવાદ,સપરિવાર,હા,હા,હા,હા,હા,Pending
Bsc siddhpura,9638000087,મહુવા / અમદાવાદ,સપરિવાર,હા,હા,હા,હા,હા,Pending
Stil Kam mate Surat,9978299412,સુરત,સપરિવાર,હા,હા,હા,હા,હા,Pending
Hasim bhai mum,9821019619,મુંબઈ,સપરિવાર,હા,હા,હા,હા,હા,Pending
R K Scincetifi Janak,9428009639,મહુવા / અમદાવાદ,સપરિવાર,હા,હા,હા,હા,હા,Pending
Mahesh Savaliya,9924552274,મહુવા / અમદાવાદ,સપરિવાર,હા,હા,હા,હા,હા,Pending
Motka Sir Shiksan Vibhag,9924495719,મહુવા / અમદાવાદ,સપરિવાર,હા,હા,હા,હા,હા,Pending
Akabari sir Rajkot,9879573854,રાજકોટ,સપરિવાર,હા,હા,હા,હા,હા,Pending
Kumud ben,9428712340,મહુવા / અમદાવાદ,સપરિવાર,હા,હા,હા,હા,હા,Pending
Sanjay Briliyant,9712682511,મહુવા / અમદાવાદ,સપરિવાર,હા,હા,હા,હા,હા,Pending
Hirani Sudhir,9408456827,મહુવા / અમદાવાદ,સપરિવાર,હા,હા,હા,હા,હા,Pending
Nilkanth Bhagat Raj Guru,9925132522,મહુવા / અમદાવાદ,સપરિવાર,હા,હા,હા,હા,હા,Pending
Parixit Dave Gandhingr,9429356114,મહુવા / અમદાવાદ,સપરિવાર,હા,હા,હા,હા,હા,Pending
Akshar swami bhuj,9909015131,મહુવા / અમદાવાદ,સપરિવાર,હા,હા,હા,હા,હા,Pending
Plot 13/14 Kishor Kapadiya Morangi,9909471232,મહુવા / અમદાવાદ,સપરિવાર,હા,હા,હા,હા,હા,Pending
Plot 13/14 Kishor Kapadiya Morangi,9925558060,મહુવા / અમદાવાદ,સપરિવાર,હા,હા,હા,હા,હા,Pending
Himat Lal Rander surat,9879615555,સુરત,સપરિવાર,હા,હા,હા,હા,હા,Pending
Shyam Bhai Bhalani,9879277497,મહુવા / અમદાવાદ,સપરિવાર,હા,હા,હા,હા,હા,Pending
Shyam Bhai Bhalani,9429415735,મહુવા / અમદાવાદ,સપરિવાર,હા,હા,હા,હા,હા,Pending
Kumbhan Mishtri,9824446264,મહુવા / અમદાવાદ,સપરિવાર,હા,હા,હા,હા,હા,Pending
Ashok bhai bhalala,9824288175,મહુવા / અમદાવાદ,સપરિવાર,હા,હા,હા,હા,હા,Pending
Kishan dodia,9724273764,મહુવા / અમદાવાદ,સપરિવાર,હા,હા,હા,હા,હા,Pending
Dudh pavdar vipul shah,9426145720,મહુવા / અમદાવાદ,સપરિવાર,હા,હા,હા,હા,હા,Pending
Sanmukh bhai mumbai,9820061476,મુંબઈ,સપરિવાર,હા,હા,હા,હા,હા,Pending
Sanmukh bhai mumbai,2226182473,મુંબઈ,સપરિવાર,હા,હા,હા,હા,હા,Pending
Harshad Bhai Bed Surat,9879052881,સુરત,સપરિવાર,હા,હા,હા,હા,હા,Pending
Kanu Bhai Vapi,9909011817,વાપી,સપરિવાર,હા,હા,હા,હા,હા,Pending
Sima Ben Bhv,9428797885,ભાવનગર,સપરિવાર,હા,હા,હા,હા,હા,Pending
Jatin Bhai Mum,9820994144,મુંબઈ,સપરિવાર,હા,હા,હા,હા,હા,Pending
Vishvas elotronic,9427748671,મહુવા / અમદાવાદ,સપરિવાર,હા,હા,હા,હા,હા,Pending
Vishvas elotronic,0284422888,મહુવા / અમદાવાદ,સપરિવાર,હા,હા,હા,હા,હા,Pending
Godhani Sir Road,9824481052,મહુવા / અમદાવાદ,સપરિવાર,હા,હા,હા,હા,હા,Pending
Invator vipul ahd,9825068394,અમદાવાદ,સપરિવાર,હા,હા,હા,હા,હા,Pending
Vijay Surgical Vijay Shah Ahd,9825323472,અમદાવાદ,સપરિવાર,હા,હા,હા,હા,હા,Pending
Vijay Surgical Vijay Shah Ahd,9924827597,અમદાવાદ,સપરિવાર,હા,હા,હા,હા,હા,Pending
Vikram Ultratek Cement,8347557030,મહુવા / અમદાવાદ,સપરિવાર,હા,હા,હા,હા,હા,Pending
Varsha Surat,9978366006,સુરત,સપરિવાર,હા,હા,હા,હા,હા,Pending
Varsha Surat,6353005536,સુરત,સપરિવાર,હા,હા,હા,હા,હા,Pending
Jaydev mehta,9428618180,મહુવા / અમદાવાદ,સપરિવાર,હા,હા,હા,હા,હા,Pending
Bhatti Sir Droing,9408464964,મહુવા / અમદાવાદ,સપરિવાર,હા,હા,હા,હા,હા,Pending
Ladva Sir Ahd,7567999699,અમદાવાદ,સપરિવાર,હા,હા,હા,હા,હા,Pending
Madhu Bhai Kapadiya,9687609929,મહુવા / અમદાવાદ,સપરિવાર,હા,હા,હા,હા,હા,Pending
Haresh Sonpal,9428496175,મહુવા / અમદાવાદ,સપરિવાર,હા,હા,હા,હા,હા,Pending
Bhakti Kishor Swami Chala,9426809676,મહુવા / અમદાવાદ,સપરિવાર,હા,હા,હા,હા,હા,Pending
Kordiya Ramesh Kumbhan,9429230855,મહુવા / અમદાવાદ,સપરિવાર,હા,હા,હા,હા,હા,Pending
Shiv D K Pandya,9979186978,મહુવા / અમદાવાદ,સપરિવાર,હા,હા,હા,હા,હા,Pending
Mansi/khusali,9924248523,મહુવા / અમદાવાદ,સપરિવાર,હા,હા,હા,હા,હા,Pending
Nirali Didi U S A,0018622760803,મહુવા / અમદાવાદ,સપરિવાર,હા,હા,હા,હા,હા,Pending
Shashi Bhai Hemal,8690275647,મહુવા / અમદાવાદ,સપરિવાર,હા,હા,હા,હા,હા,Pending
Jay Sanghavi Travels,8401113166,મહુવા / અમદાવાદ,સપરિવાર,હા,હા,હા,હા,હા,Pending
S Khuman Chif Officier,9723811141,મહુવા / અમદાવાદ,સપરિવાર,હા,હા,હા,હા,હા,Pending
Surya Kamal Bekri,9408022333,મહુવા / અમદાવાદ,સપરિવાર,હા,હા,હા,હા,હા,Pending
Eshwarsih Patel Mantri Shree,9825128261,મહુવા / અમદાવાદ,સપરિવાર,હા,હા,હા,હા,હા,Pending
Shree Lebo Yadav,9825359877,મહુવા / અમદાવાદ,સપરિવાર,હા,હા,હા,હા,હા,Pending
Dinesh Bhai Aandani Surat,9925008911,સુરત,સપરિવાર,હા,હા,હા,હા,હા,Pending
Shanti Bhai Seta B K Food,9824778279,મહુવા / અમદાવાદ,સપરિવાર,હા,હા,હા,હા,હા,Pending
Manish Bhudev,9099090666,મહુવા / અમદાવાદ,સપરિવાર,હા,હા,હા,હા,હા,Pending
Suresh Renuka,9879517123,મહુવા / અમદાવાદ,સપરિવાર,હા,હા,હા,હા,હા,Pending
Dipti Medam,8866693471,મહુવા / અમદાવાદ,સપરિવાર,હા,હા,હા,હા,હા,Pending
Hansa Ben Valsad,9824002540,મહુવા / અમદાવાદ,સપરિવાર,હા,હા,હા,હા,હા,Pending
Hansa Ben Valsad,9327353540,મહુવા / અમદાવાદ,સપરિવાર,હા,હા,હા,હા,હા,Pending
Jitu Bhai Surat Fai,9904548469,સુરત,સપરિવાર,હા,હા,હા,હા,હા,Pending
Pallavi Rajkot,8141100098,રાજકોટ,સપરિવાર,હા,હા,હા,હા,હા,Pending
Rizvan Tranport Mahuva,2844227238,મહુવા,સપરિવાર,હા,હા,હા,હા,હા,Pending
Gobar Kumbhani,8347759339,મહુવા / અમદાવાદ,સપરિવાર,હા,હા,હા,હા,હા,Pending
Ashvin Kathiriya,9979044942,મહુવા / અમદાવાદ,સપરિવાર,હા,હા,હા,હા,હા,Pending
Dhiren Bhai Parekh Mum,9820141829,મુંબઈ,સપરિવાર,હા,હા,હા,હા,હા,Pending
Anju Ben Surat,9978031821,સુરત,સપરિવાર,હા,હા,હા,હા,હા,Pending
Himat Bhai Ambika Seed,9574382427,મહુવા / અમદાવાદ,સપરિવાર,હા,હા,હા,હા,હા,Pending
Himat Bhai Ambika Seed,2844222627,મહુવા / અમદાવાદ,સપરિવાર,હા,હા,હા,હા,હા,Pending
Kumar Prakashan Dizital Mate,9898664640,મહુવા / અમદાવાદ,સપરિવાર,હા,હા,હા,હા,હા,Pending
Kanu Bhai Purohit,9909190174,મહુવા / અમદાવાદ,સપરિવાર,હા,હા,હા,હા,હા,Pending
Manglu Bhai Dudh,9824957912,મહુવા / અમદાવાદ,સપરિવાર,હા,હા,હા,હા,હા,Pending
Ramji Elektrik,9924739466,મહુવા / અમદાવાદ,સપરિવાર,હા,હા,હા,હા,હા,Pending
Falguni Jethva Teacher,9714025353,મહુવા / અમદાવાદ,સપરિવાર,હા,હા,હા,હા,હા,Pending
Muni Swami Bhuj,9428946131,મહુવા / અમદાવાદ,સપરિવાર,હા,હા,હા,હા,હા,Pending
Navin MAHARAJ  Bhuj,9724136751,મહુવા / અમદાવાદ,સપરિવાર,હા,હા,હા,હા,હા,Pending
Vejalpar Akshar Swami,7778034034,મહુવા / અમદાવાદ,સપરિવાર,હા,હા,હા,હા,હા,Pending
Batuk Bhai Stempvendar,9825871219,મહુવા / અમદાવાદ,સપરિવાર,હા,હા,હા,હા,હા,Pending
Jasu Bhai Devangi,8200464590,મહુવા / અમદાવાદ,સપરિવાર,હા,હા,હા,હા,હા,Pending
Ritesh shashi bhai vadodara,9624044464,વડોદરા,સપરિવાર,હા,હા,હા,હા,હા,Pending
Ritesh shashi bhai vadodara,7435856768,વડોદરા,સપરિવાર,હા,હા,હા,હા,હા,Pending
Bansipat,8094015051,મહુવા / અમદાવાદ,સપરિવાર,હા,હા,હા,હા,હા,Pending
Hotel Heavan Yogesh Bhai,2844224052,મહુવા / અમદાવાદ,સપરિવાર,હા,હા,હા,હા,હા,Pending
Hotel Heavan Yogesh Bhai,9879528674,મહુવા / અમદાવાદ,સપરિવાર,હા,હા,હા,હા,હા,Pending
Vithal Kaka Surat,8866668812,સુરત,સપરિવાર,હા,હા,હા,હા,હા,Pending
Mukesh Bhai Mum,8169288983,મુંબઈ,સપરિવાર,હા,હા,હા,હા,હા,Pending
Mukesh Bhai Mum,0986771727,મુંબઈ,સપરિવાર,હા,હા,હા,હા,હા,Pending
Plaber Dhiru Bhai Vali,9924082470,મહુવા / અમદાવાદ,સપરિવાર,હા,હા,હા,હા,હા,Pending
Ramesh Elektric,9726911522,મહુવા / અમદાવાદ,સપરિવાર,હા,હા,હા,હા,હા,Pending
Raju Solanki Tour,8511123150,મહુવા / અમદાવાદ,સપરિવાર,હા,હા,હા,હા,હા,Pending
Ramesh Bhai Surat,9925044962,સુરત,સપરિવાર,હા,હા,હા,હા,હા,Pending
Sanjay Bhai Baraiya Home,9510038086,મહુવા / અમદાવાદ,સપરિવાર,હા,હા,હા,હા,હા,Pending
Bipin Bhai Home,9714485863,મહુવા / અમદાવાદ,સપરિવાર,હા,હા,હા,હા,હા,Pending
Nilkanth Dham Poicha Bhagvan Das Swa,9879000251,મહુવા / અમદાવાદ,સપરિવાર,હા,હા,હા,હા,હા,Pending
Kishor bhai srimankar,9825246535,મહુવા / અમદાવાદ,સપરિવાર,હા,હા,હા,હા,હા,Pending
Haresh Nimisa Bhai,7043632207,મહુવા / અમદાવાદ,સપરિવાર,હા,હા,હા,હા,હા,Pending
Dr manoj goyle,9723709130,મહુવા / અમદાવાદ,સપરિવાર,હા,હા,હા,હા,હા,Pending
Dr D b ladani,2844222965,મહુવા / અમદાવાદ,સપરિવાર,હા,હા,હા,હા,હા,Pending
Dr Jani Sir,2844223030,મહુવા / અમદાવાદ,સપરિવાર,હા,હા,હા,હા,હા,Pending
Dr Ami dixit,9924190309,મહુવા / અમદાવાદ,સપરિવાર,હા,હા,હા,હા,હા,Pending
HCG Hospital Bhv,2786640108,ભાવનગર,સપરિવાર,હા,હા,હા,હા,હા,Pending
HCG Hospital Bhv,2786640100,ભાવનગર,સપરિવાર,હા,હા,હા,હા,હા,Pending
V D Zalavadiya,9824118122,મહુવા / અમદાવાદ,સપરિવાર,હા,હા,હા,હા,હા,Pending
Shree Ram auto bhv,2782444555,ભાવનગર,સપરિવાર,હા,હા,હા,હા,હા,Pending
Shree Ram auto bhv,2782444666,ભાવનગર,સપરિવાર,હા,હા,હા,હા,હા,Pending
Naran Bhai Kasdiya M P,2792227878,મહુવા / અમદાવાદ,સપરિવાર,હા,હા,હા,હા,હા,Pending
Naran Bhai Kasdiya M P,9925140545,મહુવા / અમદાવાદ,સપરિવાર,હા,હા,હા,હા,હા,Pending
Raju Bhai Amravati,8999215641,મહુવા / અમદાવાદ,સપરિવાર,હા,હા,હા,હા,હા,Pending
Bala mama,9327655938,મહુવા / અમદાવાદ,સપરિવાર,હા,હા,હા,હા,હા,Pending
Bala mama,9904292996,મહુવા / અમદાવાદ,સપરિવાર,હા,હા,હા,હા,હા,Pending
Gautam Bhai Dress Ahd,9427805225,અમદાવાદ,સપરિવાર,હા,હા,હા,હા,હા,Pending
Sonet Sanjay Morbi Vasan,2822240203,મોરબી,સપરિવાર,હા,હા,હા,હા,હા,Pending
S B I Belence Inquiry,9223266666,મહુવા / અમદાવાદ,સપરિવાર,હા,હા,હા,હા,હા,Pending
S B I Belence Inquiry,9223866666,મહુવા / અમદાવાદ,સપરિવાર,હા,હા,હા,હા,હા,Pending
S B I Belence Inquiry,1800112211,મહુવા / અમદાવાદ,સપરિવાર,હા,હા,હા,હા,હા,Pending
Raju Bhai Navneet,9879150000,મહુવા / અમદાવાદ,સપરિવાર,હા,હા,હા,હા,હા,Pending
D E O Sir Bhv,2782426629,ભાવનગર,સપરિવાર,હા,હા,હા,હા,હા,Pending
D E O Sir Bhv,9909970212,ભાવનગર,સપરિવાર,હા,હા,હા,હા,હા,Pending
Gu G K Kamalia,32082895011,મહુવા / અમદાવાદ,સપરિવાર,હા,હા,હા,હા,હા,Pending
Vela Bhai Bus,9426849556,મહુવા / અમદાવાદ,સપરિવાર,હા,હા,હા,હા,હા,Pending
Kedar  Hajari Prasad,9410527534,મહુવા / અમદાવાદ,સપરિવાર,હા,હા,હા,હા,હા,Pending
Devji bhai,9824639158,મહુવા / અમદાવાદ,સપરિવાર,હા,હા,હા,હા,હા,Pending
Tele Folt Imran Kashmani,9427748686,મહુવા / અમદાવાદ,સપરિવાર,હા,હા,હા,હા,હા,Pending
Tele Folt Imran Kashmani,9426730635,મહુવા / અમદાવાદ,સપરિવાર,હા,હા,હા,હા,હા,Pending
Ideal Pankil Gandhi,8488881390,મહુવા / અમદાવાદ,સપરિવાર,હા,હા,હા,હા,હા,Pending
Dr K D Parekh,9408706171,મહુવા / અમદાવાદ,સપરિવાર,હા,હા,હા,હા,હા,Pending
Lakha Mama Moli,8320472124,મહુવા / અમદાવાદ,સપરિવાર,હા,હા,હા,હા,હા,Pending
Keshu Vanda,7567325585,મહુવા / અમદાવાદ,સપરિવાર,હા,હા,હા,હા,હા,Pending
Unmati Sir,9428120205,મહુવા / અમદાવાદ,સપરિવાર,હા,હા,હા,હા,હા,Pending
Post office,2844222216,મહુવા / અમદાવાદ,સપરિવાર,હા,હા,હા,હા,હા,Pending
Post office,2844223950,મહુવા / અમદાવાદ,સપરિવાર,હા,હા,હા,હા,હા,Pending
D C Pandya Shiv,9979186878,મહુવા / અમદાવાદ,સપરિવાર,હા,હા,હા,હા,હા,Pending
Bhavna ben dharasabhya,9427412719,મહુવા / અમદાવાદ,સપરિવાર,હા,હા,હા,હા,હા,Pending
Bhavna ben dharasabhya,2844226725,મહુવા / અમદાવાદ,સપરિવાર,હા,હા,હા,હા,હા,Pending
Bhavna ben dharasabhya,7990938383,મહુવા / અમદાવાદ,સપરિવાર,હા,હા,હા,હા,હા,Pending
Matrukrupa Box,9879072390,મહુવા / અમદાવાદ,સપરિવાર,હા,હા,હા,હા,હા,Pending
Matrukrupa Box,9924334039,મહુવા / અમદાવાદ,સપરિવાર,હા,હા,હા,હા,હા,Pending
Husaini hardwer,9824462506,મહુવા / અમદાવાદ,સપરિવાર,હા,હા,હા,હા,હા,Pending
Yuvraj Dhadal,9825296465,મહુવા / અમદાવાદ,સપરિવાર,હા,હા,હા,હા,હા,Pending
Yuvraj Dhadal,7878484748,મહુવા / અમદાવાદ,સપરિવાર,હા,હા,હા,હા,હા,Pending
Pinjara Babu Bhai,9624956474,મહુવા / અમદાવાદ,સપરિવાર,હા,હા,હા,હા,હા,Pending
Kumar Prakashan,7359662200,મહુવા / અમદાવાદ,સપરિવાર,હા,હા,હા,હા,હા,Pending
Vidhya sahayak Helpline,7923256592,મહુવા / અમદાવાદ,સપરિવાર,હા,હા,હા,હા,હા,Pending
Mahesh Solar,9898213679,મહુવા / અમદાવાદ,સપરિવાર,હા,હા,હા,હા,હા,Pending
Jitu Bhai Pepar Bhav,9328079344,ભાવનગર,સપરિવાર,હા,હા,હા,હા,હા,Pending
Mahesh Parmar Navvneet,9067003892,મહુવા / અમદાવાદ,સપરિવાર,હા,હા,હા,હા,હા,Pending
Vipul Butani Kumbhan(surat),9924286900,સુરત,સપરિવાર,હા,હા,હા,હા,હા,Pending
Puspa Ben Bal,9265787588,મહુવા / અમદાવાદ,સપરિવાર,હા,હા,હા,હા,હા,Pending
Puspa Ben Bal,9714039920,મહુવા / અમદાવાદ,સપરિવાર,હા,હા,હા,હા,હા,Pending
Suvidha Gunu Bhai,9825209252,મહુવા / અમદાવાદ,સપરિવાર,હા,હા,હા,હા,હા,Pending
Gujrat Ceramic,9428786017,મહુવા / અમદાવાદ,સપરિવાર,હા,હા,હા,હા,હા,Pending
Gujrat Ceramic,8758222310,મહુવા / અમદાવાદ,સપરિવાર,હા,હા,હા,હા,હા,Pending
Jaykishan Amul Dudh,7874527721,મહુવા / અમદાવાદ,સપરિવાર,હા,હા,હા,હા,હા,Pending
Chiman bhai Vaghela,9825108316,મહુવા / અમદાવાદ,સપરિવાર,હા,હા,હા,હા,હા,Pending
Bhoj bhai bhukan,9824350410,મહુવા / અમદાવાદ,સપરિવાર,હા,હા,હા,હા,હા,Pending
Bhoj bhai bhukan,9328221888,મહુવા / અમદાવાદ,સપરિવાર,હા,હા,હા,હા,હા,Pending
Raju Bapu Rampas Raho,9825161772,મહુવા / અમદાવાદ,સપરિવાર,હા,હા,હા,હા,હા,Pending
Pankaj Bhai Ruparel,9898908651,મહુવા / અમદાવાદ,સપરિવાર,હા,હા,હા,હા,હા,Pending
Mena Bhai Gautam,9979235353,મહુવા / અમદાવાદ,સપરિવાર,હા,હા,હા,હા,હા,Pending
Megha trector,9825575225,મહુવા / અમદાવાદ,સપરિવાર,હા,હા,હા,હા,હા,Pending
IELTS SHRI HARI BHV,7227912424,ભાવનગર,સપરિવાર,હા,હા,હા,હા,હા,Pending
IELTS SHRI HARI BHV,2782471424,ભાવનગર,સપરિવાર,હા,હા,હા,હા,હા,Pending
Gautam Patel,9428282441,મહુવા / અમદાવાદ,સપરિવાર,હા,હા,હા,હા,હા,Pending
Ajay Swami Bhavnager Mandir,9714868599,મહુવા / અમદાવાદ,સપરિવાર,હા,હા,હા,હા,હા,Pending
Lakhu Kaka Hemal,9913536432,મહુવા / અમદાવાદ,સપરિવાર,હા,હા,હા,હા,હા,Pending
D K Swami Nahiyer,9687190004,મહુવા / અમદાવાદ,સપરિવાર,હા,હા,હા,હા,હા,Pending
D K Swami Nahiyer,9265615062,મહુવા / અમદાવાદ,સપરિવાર,હા,હા,હા,હા,હા,Pending
Block Mate Vijay,9712300023,મહુવા / અમદાવાદ,સપરિવાર,હા,હા,હા,હા,હા,Pending
Block Mate Vijay,9998913000,મહુવા / અમદાવાદ,સપરિવાર,હા,હા,હા,હા,હા,Pending
Mukesh Balaji Wefars,9426957758,મહુવા / અમદાવાદ,સપરિવાર,હા,હા,હા,હા,હા,Pending
Mukesh Balaji Wefars,8732911861,મહુવા / અમદાવાદ,સપરિવાર,હા,હા,હા,હા,હા,Pending
R H Jadeja Dysp Mahuva,9978407986,મહુવા,સપરિવાર,હા,હા,હા,હા,હા,Pending
Vadan bhai kamal,9924573064,મહુવા / અમદાવાદ,સપરિવાર,હા,હા,હા,હા,હા,Pending
Pipe 2 Karshan Bhai Kundheli,9913825817,મહુવા / અમદાવાદ,બે વ્યક્તિ,હા,હા,હા,હા,હા,Pending
Parsotam Swami Lathidad,7043129729,મહુવા / અમદાવાદ,સપરિવાર,હા,હા,હા,હા,હા,Pending
Mamlatdar joliya sir,9925126048,મહુવા / અમદાવાદ,સપરિવાર,હા,હા,હા,હા,હા,Pending
Manji bhai Nakrani Surat,9426841498,સુરત,સપરિવાર,હા,હા,હા,હા,હા,Pending
Hiral Aunty Mena Bhai,6351628328,મહુવા / અમદાવાદ,સપરિવાર,હા,હા,હા,હા,હા,Pending
Charda Vala Harun Amrutvel,9408674577,મહુવા / અમદાવાદ,સપરિવાર,હા,હા,હા,હા,હા,Pending
Magan Bhai Gajjar,9925850693,મહુવા / અમદાવાદ,સપરિવાર,હા,હા,હા,હા,હા,Pending
Parmar Darshna Teacher,8154962521,મહુવા / અમદાવાદ,સપરિવાર,હા,હા,હા,હા,હા,Pending
Shital Sarvaiya Teacher,7698942210,મહુવા / અમદાવાદ,સપરિવાર,હા,હા,હા,હા,હા,Pending
Munna Bhai Sheth Sweet,9924978384,મહુવા / અમદાવાદ,સપરિવાર,હા,હા,હા,હા,હા,Pending
Mahila Gruh Aml,8000593326,અમરેલી,સપરિવાર,હા,હા,હા,હા,હા,Pending
Sbi A G M Bhv,7600040200,ભાવનગર,સપરિવાર,હા,હા,હા,હા,હા,Pending
Aasha Travels,2844223163,મહુવા / અમદાવાદ,સપરિવાર,હા,હા,હા,હા,હા,Pending
Pran bhai jani,9427559541,મહુવા / અમદાવાદ,સપરિવાર,હા,હા,હા,હા,હા,Pending
Pran bhai jani,8690320761,મહુવા / અમદાવાદ,સપરિવાર,હા,હા,હા,હા,હા,Pending
Kishor Bhai Modha,7923250196,મહુવા / અમદાવાદ,સપરિવાર,હા,હા,હા,હા,હા,Pending
Dipak medical,9033413405,મહુવા / અમદાવાદ,સપરિવાર,હા,હા,હા,હા,હા,Pending
Gol mate Nares/Endu Kaka,2844224026,મહુવા / અમદાવાદ,સપરિવાર,હા,હા,હા,હા,હા,Pending
Vithal Patel,9879678527,મહુવા / અમદાવાદ,સપરિવાર,હા,હા,હા,હા,હા,Pending
Gop Bhai Refrizretion,9428495355,મહુવા / અમદાવાદ,સપરિવાર,હા,હા,હા,હા,હા,Pending
Teliphone Office,2844222336,મહુવા / અમદાવાદ,સપરિવાર,હા,હા,હા,હા,હા,Pending
Guptaji Amreli,9408622327,અમરેલી,સપરિવાર,હા,હા,હા,હા,હા,Pending
Draivar Kiran1,9757202842,મહુવા / અમદાવાદ,સપરિવાર,હા,હા,હા,હા,હા,Pending
Draivar Kiran1,9428951717,મહુવા / અમદાવાદ,સપરિવાર,હા,હા,હા,હા,હા,Pending
Bhumi sopari,9426993844,મહુવા / અમદાવાદ,સપરિવાર,હા,હા,હા,હા,હા,Pending
Purvatha Chetan Bhai,9408542285,મહુવા / અમદાવાદ,સપરિવાર,હા,હા,હા,હા,હા,Pending
Purvatha Chetan Bhai,9978153863,મહુવા / અમદાવાદ,સપરિવાર,હા,હા,હા,હા,હા,Pending
Mukesh V T,9725571215,મહુવા / અમદાવાદ,સપરિવાર,હા,હા,હા,હા,હા,Pending
Kumar kundala,9925965940,મહુવા / અમદાવાદ,સપરિવાર,હા,હા,હા,હા,હા,Pending
Dr vijali vala,2782422262,મહુવા / અમદાવાદ,સપરિવાર,હા,હા,હા,હા,હા,Pending
Ravat Bhai Kamalia,9426455821,મહુવા / અમદાવાદ,સપરિવાર,હા,હા,હા,હા,હા,Pending
Chirag Bhai Joshi Vakil,8690079555,મહુવા / અમદાવાદ,સપરિવાર,હા,હા,હા,હા,હા,Pending
Chirag Bhai Joshi Vakil,9904141445,મહુવા / અમદાવાદ,સપરિવાર,હા,હા,હા,હા,હા,Pending
Praful  Rajula,9909472687,મહુવા / અમદાવાદ,સપરિવાર,હા,હા,હા,હા,હા,Pending
Danu Bhuva,9924960525,મહુવા / અમદાવાદ,સપરિવાર,હા,હા,હા,હા,હા,Pending
Baby Lend Schools,9427632207,મહુવા / અમદાવાદ,સપરિવાર,હા,હા,હા,હા,હા,Pending
Dr Hadia,9825620972,મહુવા / અમદાવાદ,સપરિવાર,હા,હા,હા,હા,હા,Pending
Bhai Lal Kaka Jikiyali,9913262399,મહુવા / અમદાવાદ,સપરિવાર,હા,હા,હા,હા,હા,Pending
Gaushala Mahuva,2844222067,મહુવા,સપરિવાર,હા,હા,હા,હા,હા,Pending
Somadas aangadia,9724336883,મહુવા / અમદાવાદ,સપરિવાર,હા,હા,હા,હા,હા,Pending
Somadas aangadia,2844225151,મહુવા / અમદાવાદ,સપરિવાર,હા,હા,હા,હા,હા,Pending
Nilesh Asha Londry,9925642644,મહુવા / અમદાવાદ,સપરિવાર,હા,હા,હા,હા,હા,Pending
Nilesh Asha Londry,9898781463,મહુવા / અમદાવાદ,સપરિવાર,હા,હા,હા,હા,હા,Pending
Raju swami,9879003379,મહુવા / અમદાવાદ,સપરિવાર,હા,હા,હા,હા,હા,Pending
B K Sadi,9824945807,મહુવા / અમદાવાદ,સપરિવાર,હા,હા,હા,હા,હા,Pending
Jaydev Goswami Teacher,9904739978,મહુવા / અમદાવાદ,સપરિવાર,હા,હા,હા,હા,હા,Pending
Param Shakti Tredash,0983700868,મહુવા / અમદાવાદ,સપરિવાર,હા,હા,હા,હા,હા,Pending
Chhagan ladi ghasava vala,9824165734,મહુવા / અમદાવાદ,સપરિવાર,હા,હા,હા,હા,હા,Pending
Junagadh color harish bhai,2852620382,જુનાગઢ,સપરિવાર,હા,હા,હા,હા,હા,Pending
Suresh mistri,9879575631,મહુવા / અમદાવાદ,સપરિવાર,હા,હા,હા,હા,હા,Pending
Navnit Peper Vibhag,9099505050,મહુવા / અમદાવાદ,સપરિવાર,હા,હા,હા,હા,હા,Pending
Dr kanojiya,9428079052,મહુવા / અમદાવાદ,સપરિવાર,હા,હા,હા,હા,હા,Pending
Raghuvirsih vaza,9825829005,મહુવા / અમદાવાદ,સપરિવાર,હા,હા,હા,હા,હા,Pending
Tele Folt Inquiry,2844226040,મહુવા / અમદાવાદ,સપરિવાર,હા,હા,હા,હા,હા,Pending
Tele Folt Inquiry,2844222223,મહુવા / અમદાવાદ,સપરિવાર,હા,હા,હા,હા,હા,Pending
Uniforn palitana alpesh,9427753721,પાલીતાણા,સપરિવાર,હા,હા,હા,હા,હા,Pending
Haresh patel,9427759284,મહુવા / અમદાવાદ,સપરિવાર,હા,હા,હા,હા,હા,Pending
Priyavadan bha,9825229245,મહુવા / અમદાવાદ,સપરિવાર,હા,હા,હા,હા,હા,Pending
Suresh joshi,9016087030,મહુવા / અમદાવાદ,સપરિવાર,હા,હા,હા,હા,હા,Pending
Haresh pandya,9913499536,મહુવા / અમદાવાદ,સપરિવાર,હા,હા,હા,હા,હા,Pending
Thakrshi Bhai Surat,9879461723,સુરત,સપરિવાર,હા,હા,હા,હા,હા,Pending
Dipak nagar pa,9601754331,મહુવા / અમદાવાદ,સપરિવાર,હા,હા,હા,હા,હા,Pending
Hira lala maha,9783320961,મહુવા / અમદાવાદ,સપરિવાર,હા,હા,હા,હા,હા,Pending
Ges sandh Office,2844222543,મહુવા / અમદાવાદ,સપરિવાર,હા,હા,હા,હા,હા,Pending
Ges sandh Office,2844222750,મહુવા / અમદાવાદ,સપરિવાર,હા,હા,હા,હા,હા,Pending
Ramesh Masa U S A,17065726405,મહુવા / અમદાવાદ,સપરિવાર,હા,હા,હા,હા,હા,Pending
Ramesh Masa U S A,6265189184,મહુવા / અમદાવાદ,સપરિવાર,હા,હા,હા,હા,હા,Pending
Dr ladumor,2844229272,મહુવા / અમદાવાદ,સપરિવાર,હા,હા,હા,હા,હા,Pending
Dr ladumor,2844229271,મહુવા / અમદાવાદ,સપરિવાર,હા,હા,હા,હા,હા,Pending
Dr Gurumukhani Bhv,2783004936,ભાવનગર,સપરિવાર,હા,હા,હા,હા,હા,Pending
Dr Gurumukhani Bhv,2782224936,ભાવનગર,સપરિવાર,હા,હા,હા,હા,હા,Pending
Dr Gurumukhani Bhv,9898355080,ભાવનગર,સપરિવાર,હા,હા,હા,હા,હા,Pending
Kanti Bhai Bhalala,9909031802,મહુવા / અમદાવાદ,સપરિવાર,હા,હા,હા,હા,હા,Pending
J P Doshi News,9974329635,મહુવા / અમદાવાદ,સપરિવાર,હા,હા,હા,હા,હા,Pending
Vaikuth Swami Guru Surat,9979202434,સુરત,સપરિવાર,હા,હા,હા,હા,હા,Pending
Vaikuth Swami Guru Surat,9173714256,સુરત,સપરિવાર,હા,હા,હા,હા,હા,Pending
Sagir bapu,9374539791,મહુવા / અમદાવાદ,સપરિવાર,હા,હા,હા,હા,હા,Pending
Dipak riksha,9727215357,મહુવા / અમદાવાદ,સપરિવાર,હા,હા,હા,હા,હા,Pending
Ramesh Bhai Dabhi Hanumant,9824444435,મહુવા / અમદાવાદ,સપરિવાર,હા,હા,હા,હા,હા,Pending
Mayur Khardi,9714141567,મહુવા / અમદાવાદ,સપરિવાર,હા,હા,હા,હા,હા,Pending
Dhiru Bhai Mati vala Mum,9867283986,મુંબઈ,સપરિવાર,હા,હા,હા,હા,હા,Pending
Bus Rajan Bhai Mum,9820214980,મુંબઈ,સપરિવાર,હા,હા,હા,હા,હા,Pending
Bhagat Draiver,9879987652,મહુવા / અમદાવાદ,સપરિવાર,હા,હા,હા,હા,હા,Pending
Ramesh Gandhi,9825147087,મહુવા / અમદાવાદ,સપરિવાર,હા,હા,હા,હા,હા,Pending
G L Seta Sir,9737343549,મહુવા / અમદાવાદ,સપરિવાર,હા,હા,હા,હા,હા,Pending
Panchratna Shala Kutvada,9586320202,મહુવા / અમદાવાદ,સપરિવાર,હા,હા,હા,હા,હા,Pending
Dr kamlia,9824242202,મહુવા / અમદાવાદ,સપરિવાર,હા,હા,હા,હા,હા,Pending
Bhai lal Fuva Amreli,9825235475,અમરેલી,સપરિવાર,હા,હા,હા,હા,હા,Pending
Sbi Shah Saheb Mahuva,7600040309,મહુવા,સપરિવાર,હા,હા,હા,હા,હા,Pending
Rajesh Ripal U S A,17702316857,મહુવા / અમદાવાદ,સપરિવાર,હા,હા,હા,હા,હા,Pending
Rajesh Ripal U S A,8200135741,મહુવા / અમદાવાદ,સપરિવાર,હા,હા,હા,હા,હા,Pending
Seta Sir Bhv,9428108550,ભાવનગર,સપરિવાર,હા,હા,હા,હા,હા,Pending
Seta Sir Bhv,7984872192,ભાવનગર,સપરિવાર,હા,હા,હા,હા,હા,Pending
Seta Sir Bhv,9313589017,ભાવનગર,સપરિવાર,હા,હા,હા,હા,હા,Pending
Gseb Dinesh Bhai Bord,9099948257,મહુવા / અમદાવાદ,સપરિવાર,હા,હા,હા,હા,હા,Pending
Gurudev medical Dada,2844223577,મહુવા / અમદાવાદ,સપરિવાર,હા,હા,હા,હા,હા,Pending
Gurudev medical Dada,7984914972,મહુવા / અમદાવાદ,સપરિવાર,હા,હા,હા,હા,હા,Pending
Gurudev medical Dada,9724598856,મહુવા / અમદાવાદ,સપરિવાર,હા,હા,હા,હા,હા,Pending
Ami Himat MN Teacher,9724013017,મહુવા / અમદાવાદ,સપરિવાર,હા,હા,હા,હા,હા,Pending
DR. Alpesh Sir,9925332979,મહુવા / અમદાવાદ,સપરિવાર,હા,હા,હા,હા,હા,Pending
Balu Swami Ahd,9825023001,અમદાવાદ,સપરિવાર,હા,હા,હા,હા,હા,Pending
Balu Swami Ahd,8160409991,અમદાવાદ,સપરિવાર,હા,હા,હા,હા,હા,Pending
Vasram bhagat,9825210095,મહુવા / અમદાવાદ,સપરિવાર,હા,હા,હા,હા,હા,Pending
Gunvant Hadiya Math,9913357027,મહુવા / અમદાવાદ,સપરિવાર,હા,હા,હા,હા,હા,Pending
Sch Nesvad Yogesh Pandya,9427555530,મહુવા / અમદાવાદ,સપરિવાર,હા,હા,હા,હા,હા,Pending
Sch Nesvad Yogesh Pandya,7490008111,મહુવા / અમદાવાદ,સપરિવાર,હા,હા,હા,હા,હા,Pending
VT Darji Sir,9998484956,મહુવા / અમદાવાદ,સપરિવાર,હા,હા,હા,હા,હા,Pending
Damji Kaka,7878237911,મહુવા / અમદાવાદ,સપરિવાર,હા,હા,હા,હા,હા,Pending
Rakesh taveda,9913643144,મહુવા / અમદાવાદ,સપરિવાર,હા,હા,હા,હા,હા,Pending
Sonet Ceramic Morbi,2822240428,મોરબી,સપરિવાર,હા,હા,હા,હા,હા,Pending
Sonet Ceramic Morbi,2822243184,મોરબી,સપરિવાર,હા,હા,હા,હા,હા,Pending
Sonet Ceramic Morbi,9909203040,મોરબી,સપરિવાર,હા,હા,હા,હા,હા,Pending
Darshana Ben Pipliya,7567110044,મહુવા / અમદાવાદ,સપરિવાર,હા,હા,હા,હા,હા,Pending
Darshana Ben Pipliya,7016314862,મહુવા / અમદાવાદ,સપરિવાર,હા,હા,હા,હા,હા,Pending
Suresh Luhar Hemal,9979572025,મહુવા / અમદાવાદ,સપરિવાર,હા,હા,હા,હા,હા,Pending
Tirupati curiar curiar,9925123135,મહુવા / અમદાવાદ,સપરિવાર,હા,હા,હા,હા,હા,Pending
Vinayak Light Bhavesh,9924878704,મહુવા / અમદાવાદ,સપરિવાર,હા,હા,હા,હા,હા,Pending
Vinayak Light Bhavesh,9574505010,મહુવા / અમદાવાદ,સપરિવાર,હા,હા,હા,હા,હા,Pending
Vinayak Light Bhavesh,7435814151,મહુવા / અમદાવાદ,સપરિવાર,હા,હા,હા,હા,હા,Pending
Paresh Bhai Katha,7434078111,મહુવા / અમદાવાદ,સપરિવાર,હા,હા,હા,હા,હા,Pending
Paresh Bhai Katha,7434090333,મહુવા / અમદાવાદ,સપરિવાર,હા,હા,હા,હા,હા,Pending
Akshita Chagan talgajrda,9662063269,મહુવા / અમદાવાદ,સપરિવાર,હા,હા,હા,હા,હા,Pending
Akshita Chagan talgajrda,7046452693,મહુવા / અમદાવાદ,સપરિવાર,હા,હા,હા,હા,હા,Pending
Ges Nondhani,7718955555,મહુવા / અમદાવાદ,સપરિવાર,હા,હા,હા,હા,હા,Pending
Bhajan Swami Botad,7779016509,બોટાદ,સપરિવાર,હા,હા,હા,હા,હા,Pending
Gujarat Ges Jaydev,7777949534,મહુવા / અમદાવાદ,સપરિવાર,હા,હા,હા,હા,હા,Pending
Bhavdip Jani Bhv Police Station,8140544688,ભાવનગર,સપરિવાર,હા,હા,હા,હા,હા,Pending
Manish Bhalriya,9823178303,મહુવા / અમદાવાદ,સપરિવાર,હા,હા,હા,હા,હા,Pending
Bhavesh Bhai S O S,9925243778,મહુવા / અમદાવાદ,સપરિવાર,હા,હા,હા,હા,હા,Pending
Krishna Pepar Bhavesh,8347550302,મહુવા / અમદાવાદ,સપરિવાર,હા,હા,હા,હા,હા,Pending
Keyur Bhai Yogna Shakha,9723904342,મહુવા / અમદાવાદ,સપરિવાર,હા,હા,હા,હા,હા,Pending
Krunal Pethani Nilkanthdham,9408531336,મહુવા / અમદાવાદ,સપરિવાર,હા,હા,હા,હા,હા,Pending
Krunal Pethani Nilkanthdham,8160645605,મહુવા / અમદાવાદ,સપરિવાર,હા,હા,હા,હા,હા,Pending
Madhvi Papa,9427242452,મહુવા / અમદાવાદ,સપરિવાર,હા,હા,હા,હા,હા,Pending
Raju bhai Botad Gurukul,9904720199,બોટાદ,સપરિવાર,હા,હા,હા,હા,હા,Pending
Kanu Patel Rab,9825802097,મહુવા / અમદાવાદ,સપરિવાર,હા,હા,હા,હા,હા,Pending
Ripal surat,9377824563,સુરત,સપરિવાર,હા,હા,હા,હા,હા,Pending
Ripal surat,9409318504,સુરત,સપરિવાર,હા,હા,હા,હા,હા,Pending
Punam Refrigerator Bhv,9898577808,ભાવનગર,સપરિવાર,હા,હા,હા,હા,હા,Pending
Gita ben mumbai,9930071045,મુંબઈ,સપરિવાર,હા,હા,હા,હા,હા,Pending
Dr Viral Gordiya,9825760345,મહુવા / અમદાવાદ,સપરિવાર,હા,હા,હા,હા,હા,Pending
0,9429074283,મહુવા / અમદાવાદ,સપરિવાર,હા,હા,હા,હા,હા,Pending
Hitesh soham T,9909019165,મહુવા / અમદાવાદ,સપરિવાર,હા,હા,હા,હા,હા,Pending
Rtn Ashok Kapdiya,9824113830,મહુવા / અમદાવાદ,સપરિવાર,હા,હા,હા,હા,હા,Pending
Satish Satkar,9429589059,મહુવા / અમદાવાદ,સપરિવાર,હા,હા,હા,હા,હા,Pending
Vikram Bhai Mehta Mum,9920655575,મુંબઈ,સપરિવાર,હા,હા,હા,હા,હા,Pending
Vivek  V Misty Ahd,9227400500,અમદાવાદ,સપરિવાર,હા,હા,હા,હા,હા,Pending
Vivek  V Misty Ahd,9429586879,અમદાવાદ,સપરિવાર,હા,હા,હા,હા,હા,Pending
P M Nakum Belur,9979477965,મહુવા / અમદાવાદ,સપરિવાર,હા,હા,હા,હા,હા,Pending
Jitu bhai V T,9909910980,મહુવા / અમદાવાદ,સપરિવાર,હા,હા,હા,હા,હા,Pending
Shailesh Kalu Bhai Ahd,9998155639,અમદાવાદ,સપરિવાર,હા,હા,હા,હા,હા,Pending
Ideal Dharmedra Bhai,9426246473,મહુવા / અમદાવાદ,સપરિવાર,હા,હા,હા,હા,હા,Pending
Ideal Dharmedra Bhai,8238016537,મહુવા / અમદાવાદ,સપરિવાર,હા,હા,હા,હા,હા,Pending
Shailesh bhai mumbai,9820681808,મુંબઈ,સપરિવાર,હા,હા,હા,હા,હા,Pending
Mukesh Chuhan Kumbhan Pri,9979633929,મહુવા / અમદાવાદ,સપરિવાર,હા,હા,હા,હા,હા,Pending
Tushar Anjariya,9825159024,મહુવા / અમદાવાદ,સપરિવાર,હા,હા,હા,હા,હા,Pending
Mohan Kaka Surat,9825146282,સુરત,સપરિવાર,હા,હા,હા,હા,હા,Pending
Tushar Aum Infosic,9429642273,મહુવા / અમદાવાદ,સપરિવાર,હા,હા,હા,હા,હા,Pending
Alpesh Butani Surat,8238282000,સુરત,સપરિવાર,હા,હા,હા,હા,હા,Pending
Niranjan Pandya,9426459796,મહુવા / અમદાવાદ,સપરિવાર,હા,હા,હા,હા,હા,Pending
Kumbhan mahesh bhai,9601649855,મહુવા / અમદાવાદ,સપરિવાર,હા,હા,હા,હા,હા,Pending
Dharma raj Bapu S B I,7600054040,મહુવા / અમદાવાદ,સપરિવાર,હા,હા,હા,હા,હા,Pending
Dharma raj Bapu S B I,9033736880,મહુવા / અમદાવાદ,સપરિવાર,હા,હા,હા,હા,હા,Pending
Ranjeet Sih,9067850272,મહુવા / અમદાવાદ,સપરિવાર,હા,હા,હા,હા,હા,Pending
Rtn Deval  Bhai Bhv,9426211778,ભાવનગર,સપરિવાર,હા,હા,હા,હા,હા,Pending
Prarthna Joshi Papa,9510377425,મહુવા / અમદાવાદ,સપરિવાર,હા,હા,હા,હા,હા,Pending
Tejas Upadhyay Radhe,9904741116,મહુવા / અમદાવાદ,સપરિવાર,હા,હા,હા,હા,હા,Pending
Tejas Upadhyay Radhe,8320738453,મહુવા / અમદાવાદ,સપરિવાર,હા,હા,હા,હા,હા,Pending
Sidharth Luxuria Ahd,9375555636,અમદાવાદ,સપરિવાર,હા,હા,હા,હા,હા,Pending
Mukesh Bhai Plaber,9998224493,મહુવા / અમદાવાદ,સપરિવાર,હા,હા,હા,હા,હા,Pending
Bsc,7016585330,મહુવા / અમદાવાદ,સપરિવાર,હા,હા,હા,હા,હા,Pending
Jitendra Kumbhani SBI,7600055026,મહુવા / અમદાવાદ,સપરિવાર,હા,હા,હા,હા,હા,Pending
Ture Mate Dhaval Pandya,9925055757,મહુવા / અમદાવાદ,સપરિવાર,હા,હા,હા,હા,હા,Pending
Nayan Kanti Kaka Surat,9574546134,સુરત,સપરિવાર,હા,હા,હા,હા,હા,Pending
Hari Bhai Katriya  Vadli,9978047647,મહુવા / અમદાવાદ,સપરિવાર,હા,હા,હા,હા,હા,Pending
Hari Bhai Katriya  Vadli,6352557623,મહુવા / અમદાવાદ,સપરિવાર,હા,હા,હા,હા,હા,Pending
Hitarth Bhai,9428992526,મહુવા / અમદાવાદ,સપરિવાર,હા,હા,હા,હા,હા,Pending
Hitarth Bhai,8200367143,મહુવા / અમદાવાદ,સપરિવાર,હા,હા,હા,હા,હા,Pending
Haresh Makvana Army,7359907213,મહુવા / અમદાવાદ,સપરિવાર,હા,હા,હા,હા,હા,Pending
Punam Ben Mitesh Bhai Rathod,8000707261,મહુવા / અમદાવાદ,સપરિવાર,હા,હા,હા,હા,હા,Pending
Kucha Raju Kumbhan,7046510464,મહુવા / અમદાવાદ,સપરિવાર,હા,હા,હા,હા,હા,Pending
Vishvajivan Kothari Swami,9879898777,મહુવા / અમદાવાદ,સપરિવાર,હા,હા,હા,હા,હા,Pending
Chetan Bhai Rajkot,8530338344,રાજકોટ,સપરિવાર,હા,હા,હા,હા,હા,Pending
Chetan Bhai Rajkot,7383767612,રાજકોટ,સપરિવાર,હા,હા,હા,હા,હા,Pending
PB Khasiya Register Botad,9879786083,બોટાદ,સપરિવાર,હા,હા,હા,હા,હા,Pending
Haresh Bhai Sanghvi Mumbai,9819361188,મુંબઈ,સપરિવાર,હા,હા,હા,હા,હા,Pending
Haresh Bhai Sanghvi Mumbai,2228663582,મુંબઈ,સપરિવાર,હા,હા,હા,હા,હા,Pending
Rajkot Gurukul,7048480009,રાજકોટ,સપરિવાર,હા,હા,હા,હા,હા,Pending
Hitesh Bharat Art Studio,9428079093,મહુવા / અમદાવાદ,સપરિવાર,હા,હા,હા,હા,હા,Pending
Rafikbhai Baiding Vala,9727218617,મહુવા / અમદાવાદ,સપરિવાર,હા,હા,હા,હા,હા,Pending
Jainil Trivedi Ahd,9327193046,અમદાવાદ,સપરિવાર,હા,હા,હા,હા,હા,Pending
Maharaja Gold Nilesh,9898809588,મહુવા / અમદાવાદ,સપરિવાર,હા,હા,હા,હા,હા,Pending
Kanu Bhai Hemal,9727662654,મહુવા / અમદાવાદ,સપરિવાર,હા,હા,હા,હા,હા,Pending
Sharda Nagdiya,7874373142,મહુવા / અમદાવાદ,સપરિવાર,હા,હા,હા,હા,હા,Pending
Kartik Mehta Stemp,9825272646,મહુવા / અમદાવાદ,સપરિવાર,હા,હા,હા,હા,હા,Pending
Himanshu Sharma Bhv,9427456998,ભાવનગર,સપરિવાર,હા,હા,હા,હા,હા,Pending
Shital  Mota Ben Kamaliya,9173190339,મહુવા / અમદાવાદ,સપરિવાર,હા,હા,હા,હા,હા,Pending
Kaushik Mehta C A,9824886280,મહુવા / અમદાવાદ,સપરિવાર,હા,હા,હા,હા,હા,Pending
Tramba Gurukul,7575096096,મહુવા / અમદાવાદ,સપરિવાર,હા,હા,હા,હા,હા,Pending
Stat Bank Of India,7208933148,મહુવા / અમદાવાદ,સપરિવાર,હા,હા,હા,હા,હા,Pending
SBI Amit Parmar,9033424446,મહુવા / અમદાવાદ,સપરિવાર,હા,હા,હા,હા,હા,Pending
Hitesh Vagh Eng,7874413940,મહુવા / અમદાવાદ,સપરિવાર,હા,હા,હા,હા,હા,Pending
Chiman Dancer,7878716132,મહુવા / અમદાવાદ,સપરિવાર,હા,હા,હા,હા,હા,Pending
Bsc Anil Bhai Bhut Chemitry,9879873075,મહુવા / અમદાવાદ,સપરિવાર,હા,હા,હા,હા,હા,Pending
TV 9,9099988392,મહુવા / અમદાવાદ,સપરિવાર,હા,હા,હા,હા,હા,Pending
Bhavesh Stamp,8200737655,મહુવા / અમદાવાદ,સપરિવાર,હા,હા,હા,હા,હા,Pending
Nasit Viral Jikiyali,9974163872,મહુવા / અમદાવાદ,સપરિવાર,હા,હા,હા,હા,હા,Pending
Dinesh Gondliya Junagadh,9104103335,જુનાગઢ,સપરિવાર,હા,હા,હા,હા,હા,Pending
Dinesh Gondliya Junagadh,7990029998,જુનાગઢ,સપરિવાર,હા,હા,હા,હા,હા,Pending
Mukesh Bhai Safai,9979730831,મહુવા / અમદાવાદ,સપરિવાર,હા,હા,હા,હા,હા,Pending
Mukesh Bhai Safai,7046060276,મહુવા / અમદાવાદ,સપરિવાર,હા,હા,હા,હા,હા,Pending
Shivsagar Tours & Travles,9624929505,મહુવા / અમદાવાદ,સપરિવાર,હા,હા,હા,હા,હા,Pending
Rina Ravi Bhalala,9898094746,મહુવા / અમદાવાદ,સપરિવાર,હા,હા,હા,હા,હા,Pending
Zerox Pepar Leva Mate,8200407467,મહુવા / અમદાવાદ,સપરિવાર,હા,હા,હા,હા,હા,Pending
Science City Bhv Joshi Bhai,9664609640,ભાવનગર,સપરિવાર,હા,હા,હા,હા,હા,Pending
Goswami Sir Science City Bhv,7575051672,ભાવનગર,સપરિવાર,હા,હા,હા,હા,હા,Pending
Dr bhupat Pateliya,9228179038,મહુવા / અમદાવાદ,સપરિવાર,હા,હા,હા,હા,હા,Pending
Kiran Rathod,9016443843,મહુવા / અમદાવાદ,સપરિવાર,હા,હા,હા,હા,હા,Pending
Bhargav Hadiya Aditya Birla Capital,8460989995,મહુવા / અમદાવાદ,સપરિવાર,હા,હા,હા,હા,હા,Pending
Gajera Rameshbhai MIT,9825676629,મહુવા / અમદાવાદ,સપરિવાર,હા,હા,હા,હા,હા,Pending
Ravi Bhai Okha Bet Dwarka,9099846304,મહુવા / અમદાવાદ,સપરિવાર,હા,હા,હા,હા,હા,Pending
Nasit Chetan Sir Rjt It,9033152603,રાજકોટ,સપરિવાર,હા,હા,હા,હા,હા,Pending
Sidharth Aambliya,8487878178,મહુવા / અમદાવાદ,સપરિવાર,હા,હા,હા,હા,હા,Pending
Ashvin Koradiya,9825838131,મહુવા / અમદાવાદ,સપરિવાર,હા,હા,હા,હા,હા,Pending
Vishal Dodiya Astet Bro Ahd,9601405563,અમદાવાદ,સપરિવાર,હા,હા,હા,હા,હા,Pending
Bhartiben Ashvin Kathiriya Nesdi,9429773310,મહુવા / અમદાવાદ,સપરિવાર,હા,હા,હા,હા,હા,Pending
Raghu Kamliya,7041569254,મહુવા / અમદાવાદ,સપરિવાર,હા,હા,હા,હા,હા,Pending
Jasabhai Mota Jadra,7016587709,મહુવા / અમદાવાદ,સપરિવાર,હા,હા,હા,હા,હા,Pending
Kanti Bhai Gajera Rupavati,9825887075,મહુવા / અમદાવાદ,સપરિવાર,હા,હા,હા,હા,હા,Pending
Lal Sai Tarachand,9428779191,મહુવા / અમદાવાદ,સપરિવાર,હા,હા,હા,હા,હા,Pending
Nikunj bhanderi Surat,9727200722,સુરત,સપરિવાર,હા,હા,હા,હા,હા,Pending
Ravi Mahesh Bhai C A,7043558042,મહુવા / અમદાવાદ,સપરિવાર,હા,હા,હા,હા,હા,Pending
Harshad Padsala Ankleswar,9574061000,મહુવા / અમદાવાદ,સપરિવાર,હા,હા,હા,હા,હા,Pending
Nesadi Hasu Bhai Na Sadhu,9913763013,મહુવા / અમદાવાદ,સપરિવાર,હા,હા,હા,હા,હા,Pending
Gu  I K Patel Sanskar Balmandir,50200047121502,મહુવા / અમદાવાદ,સપરિવાર,હા,હા,હા,હા,હા,Pending
Ladi,9426804101,મહુવા / અમદાવાદ,સપરિવાર,હા,હા,હા,હા,હા,Pending
Ladi,9586459574,મહુવા / અમદાવાદ,સપરિવાર,હા,હા,હા,હા,હા,Pending
Phy Dugrani Shailesh,9662101014,મહુવા / અમદાવાદ,સપરિવાર,હા,હા,હા,હા,હા,Pending
Devsand Kaka Badhda,9824542584,મહુવા / અમદાવાદ,સપરિવાર,હા,હા,હા,હા,હા,Pending
Vasu Jurani,9428545656,મહુવા / અમદાવાદ,સપરિવાર,હા,હા,હા,હા,હા,Pending
Vasu Jurani,7778036846,મહુવા / અમદાવાદ,સપરિવાર,હા,હા,હા,હા,હા,Pending
Vasu Jurani,7016682250,મહુવા / અમદાવાદ,સપરિવાર,હા,હા,હા,હા,હા,Pending
Raju Bhai Kachdiya,9099516300,મહુવા / અમદાવાદ,સપરિવાર,હા,હા,હા,હા,હા,Pending
Balubhai Bhalala,9824222742,મહુવા / અમદાવાદ,સપરિવાર,હા,હા,હા,હા,હા,Pending
Sanjay Gaudani,9824955248,મહુવા / અમદાવાદ,સપરિવાર,હા,હા,હા,હા,હા,Pending
Vipul Bavadiya,9824212213,મહુવા / અમદાવાદ,સપરિવાર,હા,હા,હા,હા,હા,Pending
Sanjnavav Astet Bro,9909191421,મહુવા / અમદાવાદ,સપરિવાર,હા,હા,હા,હા,હા,Pending
Fire Ruchir Sheth Bhv,8488084885,ભાવનગર,સપરિવાર,હા,હા,હા,હા,હા,Pending
Vinmramuni Swami,8200706009,મહુવા / અમદાવાદ,સપરિવાર,હા,હા,હા,હા,હા,Pending
Vinmramuni Swami,9998994141,મહુવા / અમદાવાદ,સપરિવાર,હા,હા,હા,હા,હા,Pending
Gargi Mohit Kumar,6355179666,મહુવા / અમદાવાદ,સપરિવાર,હા,હા,હા,હા,હા,Pending
Jaga Bhai Dhabo,9824581478,મહુવા / અમદાવાદ,સપરિવાર,હા,હા,હા,હા,હા,Pending
Jaga Bhai Dhabo,8140581478,મહુવા / અમદાવાદ,સપરિવાર,હા,હા,હા,હા,હા,Pending
Math Mate Abhay Sir Gove Tea,9687675454,મહુવા / અમદાવાદ,સપરિવાર,હા,હા,હા,હા,હા,Pending
Dada Surat Yogi High,9879488198,સુરત,સપરિવાર,હા,હા,હા,હા,હા,Pending
Dhanji Dada Kheni,9898851584,મહુવા / અમદાવાદ,સપરિવાર,હા,હા,હા,હા,હા,Pending
Safa Surat,9998500593,સુરત,સપરિવાર,હા,હા,હા,હા,હા,Pending
Car Alfa Surat,8530489360,સુરત,સપરિવાર,હા,હા,હા,હા,હા,Pending
Brijesh Bhai Ahd,7698076980,અમદાવાદ,સપરિવાર,હા,હા,હા,હા,હા,Pending
Mukesh Bhai Datradi,8155864287,મહુવા / અમદાવાદ,સપરિવાર,હા,હા,હા,હા,હા,Pending
Dr Datardi,7942782695,મહુવા / અમદાવાદ,સપરિવાર,હા,હા,હા,હા,હા,Pending
Ashmita Haresh Taveda,8200052383,મહુવા / અમદાવાદ,સપરિવાર,હા,હા,હા,હા,હા,Pending
Nita busa,9974690364,મહુવા / અમદાવાદ,સપરિવાર,હા,હા,હા,હા,હા,Pending
Mahimna Pandya College,8160894613,મહુવા / અમદાવાદ,સપરિવાર,હા,હા,હા,હા,હા,Pending
Hdfc Life Insurance,7337770000,મહુવા / અમદાવાદ,સપરિવાર,હા,હા,હા,હા,હા,Pending
Darshan Uni Bhavin Vegda,9825366601,મહુવા / અમદાવાદ,સપરિવાર,હા,હા,હા,હા,હા,Pending
Radhe Card Jayesh Bhai,9925332215,મહુવા / અમદાવાદ,સપરિવાર,હા,હા,હા,હા,હા,Pending
Dr Nimbark Sir,9825775947,મહુવા / અમદાવાદ,સપરિવાર,હા,હા,હા,હા,હા,Pending
Maulik C A Office,9909272752,મહુવા / અમદાવાદ,સપરિવાર,હા,હા,હા,હા,હા,Pending
Mira Baldaniya,9714521778,મહુવા / અમદાવાદ,સપરિવાર,હા,હા,હા,હા,હા,Pending
Mahesh bhai surat,9825115465,સુરત,સપરિવાર,હા,હા,હા,હા,હા,Pending
Chetan Sir Rku Dar. Class Sir,9601578480,મહુવા / અમદાવાદ,સપરિવાર,હા,હા,હા,હા,હા,Pending
Narigra,9913530377,મહુવા / અમદાવાદ,સપરિવાર,હા,હા,હા,હા,હા,Pending
Unagar Narotam Bhai Nana Jadra,9978807590,મહુવા / અમદાવાદ,સપરિવાર,હા,હા,હા,હા,હા,Pending
Pravin Khasiya Xrey,9824435791,મહુવા / અમદાવાદ,સપરિવાર,હા,હા,હા,હા,હા,Pending
Ghanshyam abrama,9428786901,મહુવા / અમદાવાદ,સપરિવાર,હા,હા,હા,હા,હા,Pending
Ghanshyam abrama,8141555500,મહુવા / અમદાવાદ,સપરિવાર,હા,હા,હા,હા,હા,Pending
Dr Ashok Bhutak Gy,9825209071,મહુવા / અમદાવાદ,સપરિવાર,હા,હા,હા,હા,હા,Pending
Dr Ashok Bhutak Gy,9428856877,મહુવા / અમદાવાદ,સપરિવાર,હા,હા,હા,હા,હા,Pending
P M Dadar Mum,9322699999,મુંબઈ,સપરિવાર,હા,હા,હા,હા,હા,Pending
Nutan Vidhyapith,9638280580,મહુવા / અમદાવાદ,સપરિવાર,હા,હા,હા,હા,હા,Pending
Dr Utsav Nimbark,8320278763,મહુવા / અમદાવાદ,સપરિવાર,હા,હા,હા,હા,હા,Pending
Dr Utsav Nimbark,8128973921,મહુવા / અમદાવાદ,સપરિવાર,હા,હા,હા,હા,હા,Pending
Chirag Bhai Gajjar,6356195784,મહુવા / અમદાવાદ,સપરિવાર,હા,હા,હા,હા,હા,Pending
Sch Visaliya Gunvant Saheb,9978132884,મહુવા / અમદાવાદ,સપરિવાર,હા,હા,હા,હા,હા,Pending
Jagruti Pandya M N,7984715331,મહુવા / અમદાવાદ,સપરિવાર,હા,હા,હા,હા,હા,Pending
Jagruti Pandya M N,9429637750,મહુવા / અમદાવાદ,સપરિવાર,હા,હા,હા,હા,હા,Pending
0,9428855966,મહુવા / અમદાવાદ,સપરિવાર,હા,હા,હા,હા,હા,Pending
Shiva Bhai M L A,9512407060,મહુવા / અમદાવાદ,સપરિવાર,હા,હા,હા,હા,હા,Pending
Hariyani Hariom Bhaveshbhai,9638995079,મહુવા / અમદાવાદ,સપરિવાર,હા,હા,હા,હા,હા,Pending
STD 12 ARTS  Dungrani Prince Gopalbhai,9574013016,મહુવા / અમદાવાદ,સપરિવાર,હા,હા,હા,હા,હા,Pending
Somnath Leuva Samaj Atithi Gruh,8758788860,મહુવા / અમદાવાદ,સપરિવાર,હા,હા,હા,હા,હા,Pending
Somnath Leuva Samaj Atithi Gruh,8758788861,મહુવા / અમદાવાદ,સપરિવાર,હા,હા,હા,હા,હા,Pending
Manoj Hadiya Talgajrda,8238816718,મહુવા / અમદાવાદ,સપરિવાર,હા,હા,હા,હા,હા,Pending
KoRe MoBiLe,8200302082,મહુવા / અમદાવાદ,સપરિવાર,હા,હા,હા,હા,હા,Pending
Yatarth Trivedi Travel Bhv,7878987272,ભાવનગર,સપરિવાર,હા,હા,હા,હા,હા,Pending
Ketan Chana Aata,9106446298,મહુવા / અમદાવાદ,સપરિવાર,હા,હા,હા,હા,હા,Pending
Nidhi Pandya Aml Post,9974580055,અમરેલી,સપરિવાર,હા,હા,હા,હા,હા,Pending
Klaus 11 Ture Travel Bhv,9099097300,ભાવનગર,સપરિવાર,હા,હા,હા,હા,હા,Pending
Punam Mahesh courier,9978850848,મહુવા / અમદાવાદ,સપરિવાર,હા,હા,હા,હા,હા,Pending
Piyush luhar,7048432165,મહુવા / અમદાવાદ,સપરિવાર,હા,હા,હા,હા,હા,Pending
Trusha,8320346867,મહુવા / અમદાવાદ,સપરિવાર,હા,હા,હા,હા,હા,Pending
Paras Ben Savar Kundla,9427265244,સાવરકુંડલા,સપરિવાર,હા,હા,હા,હા,હા,Pending
Sonal Ben Amreli,9429943588,અમરેલી,સપરિવાર,હા,હા,હા,હા,હા,Pending
Bhavya,9898242053,મહુવા / અમદાવાદ,સપરિવાર,હા,હા,હા,હા,હા,Pending
Bhupendra Gadi Vala,6239984313,મહુવા / અમદાવાદ,સપરિવાર,હા,હા,હા,હા,હા,Pending
Pay Help Line Number,9004990049,મહુવા / અમદાવાદ,સપરિવાર,હા,હા,હા,હા,હા,Pending
Malay Shah GEB,9825736995,મહુવા / અમદાવાદ,સપરિવાર,હા,હા,હા,હા,હા,Pending
Dr Punit Hanumant,9426127033,મહુવા / અમદાવાદ,સપરિવાર,હા,હા,હા,હા,હા,Pending
Chetan Shingadiya Sir (RK),9327809550,મહુવા / અમદાવાદ,સપરિવાર,હા,હા,હા,હા,હા,Pending
Clark Kajal Ben Chudasama,7016587772,મહુવા / અમદાવાદ,સપરિવાર,હા,હા,હા,હા,હા,Pending
Kanti Comars Mate,9574862759,મહુવા / અમદાવાદ,સપરિવાર,હા,હા,હા,હા,હા,Pending
Ela Ben Jaysukh Vora Ahd,9426286042,અમદાવાદ,સપરિવાર,હા,હા,હા,હા,હા,Pending
Shakil Sir RTE BHV,9879177172,ભાવનગર,સપરિવાર,હા,હા,હા,હા,હા,Pending
Sourav Ghosh Eng Tea,7365886530,મહુવા / અમદાવાદ,સપરિવાર,હા,હા,હા,હા,હા,Pending
Jagdish Gajera Kik Home,9909622722,મહુવા / અમદાવાદ,સપરિવાર,હા,હા,હા,હા,હા,Pending
BELUR EduHub,7575854400,મહુવા / અમદાવાદ,સપરિવાર,હા,હા,હા,હા,હા,Pending
Dhabliya Mita Tea,9879815985,મહુવા / અમદાવાદ,સપરિવાર,હા,હા,હા,હા,હા,Pending
Sonal Maam - Allen Ahd,9898754774,અમદાવાદ,સપરિવાર,હા,હા,હા,હા,હા,Pending
Sonal Maam - Allen Ahd,7949033100,અમદાવાદ,સપરિવાર,હા,હા,હા,હા,હા,Pending
Surat Thi Mal Lavva,7567372368,સુરત,સપરિવાર,હા,હા,હા,હા,હા,Pending
Sadgun Swami Mandir,9662651008,મહુવા / અમદાવાદ,સપરિવાર,હા,હા,હા,હા,હા,Pending
Bhakti Ben Pithva,9409072831,મહુવા / અમદાવાદ,સપરિવાર,હા,હા,હા,હા,હા,Pending
Aaya Mukta Ben,8980243900,મહુવા / અમદાવાદ,સપરિવાર,હા,હા,હા,હા,હા,Pending
Aaya Mukta Ben,7698866083,મહુવા / અમદાવાદ,સપરિવાર,હા,હા,હા,હા,હા,Pending
Vyas Varuni  Tea,9408166133,મહુવા / અમદાવાદ,સપરિવાર,હા,હા,હા,હા,હા,Pending
Pandya Bhai Datradi,9428125402,મહુવા / અમદાવાદ,સપરિવાર,હા,હા,હા,હા,હા,Pending
Nitika Parmar Eng,9313220208,મહુવા / અમદાવાદ,સપરિવાર,હા,હા,હા,હા,હા,Pending
Himanshu Hemal,9265636996,મહુવા / અમદાવાદ,સપરિવાર,હા,હા,હા,હા,હા,Pending
Nagrik Benk Yard,2844246246,મહુવા / અમદાવાદ,સપરિવાર,હા,હા,હા,હા,હા,Pending
ADEI Seta sir Cctv,9924407690,મહુવા / અમદાવાદ,સપરિવાર,હા,હા,હા,હા,હા,Pending
belur vidhyalay,7575857049,મહુવા / અમદાવાદ,સપરિવાર,હા,હા,હા,હા,હા,Pending
Punit Mehta Surat,9427928484,સુરત,સપરિવાર,હા,હા,હા,હા,હા,Pending
Dharmendra Pandya Teacher,9016254505,મહુવા / અમદાવાદ,સપરિવાર,હા,હા,હા,હા,હા,Pending
Bal Chetna Ben Teacher,9429005288,મહુવા / અમદાવાદ,સપરિવાર,હા,હા,હા,હા,હા,Pending
Bal Chetna Ben Teacher,6352857578,મહુવા / અમદાવાદ,સપરિવાર,હા,હા,હા,હા,હા,Pending
Maniya Talaja,9016980508,તળાજા,સપરિવાર,હા,હા,હા,હા,હા,Pending
Manoj Sathvara Hdfc Sip,9638780069,મહુવા / અમદાવાદ,સપરિવાર,હા,હા,હા,હા,હા,Pending
Vinu Bhai Plant,7567271764,મહુવા / અમદાવાદ,સપરિવાર,હા,હા,હા,હા,હા,Pending
Loan Nandkishor Nursery,9925403280,મહુવા / અમદાવાદ,સપરિવાર,હા,હા,હા,હા,હા,Pending
Frc Patel Sir Rjt,9426216167,રાજકોટ,સપરિવાર,હા,હા,હા,હા,હા,Pending
Khushboo Prajapat teacher,9799916575,મહુવા / અમદાવાદ,સપરિવાર,હા,હા,હા,હા,હા,Pending
Bharat Bhai Bhagiya,9909694283,મહુવા / અમદાવાદ,સપરિવાર,હા,હા,હા,હા,હા,Pending
Gita Press Gorakhpur,9839900748,મહુવા / અમદાવાદ,સપરિવાર,હા,હા,હા,હા,હા,Pending
Gita Press Gorakhpur,5422413551,મહુવા / અમદાવાદ,સપરિવાર,હા,હા,હા,હા,હા,Pending
RFO BARAIYA SIR,9723972600,મહુવા / અમદાવાદ,સપરિવાર,હા,હા,હા,હા,હા,Pending
Ghanshyam Bhai Satkar,7777922767,મહુવા / અમદાવાદ,સપરિવાર,હા,હા,હા,હા,હા,Pending
Manekben V J Office Samaj Kalyan,9327605394,મહુવા / અમદાવાદ,સપરિવાર,હા,હા,હા,હા,હા,Pending
Shree Ramkrishna Ashrama,6355331340,મહુવા / અમદાવાદ,સપરિવાર,હા,હા,હા,હા,હા,Pending
Dysp Vadodara,9978445873,વડોદરા,સપરિવાર,હા,હા,હા,હા,હા,Pending
Gu Swami International Sch,50200081929487,મહુવા / અમદાવાદ,સપરિવાર,હા,હા,હા,હા,હા,Pending
Chandan Medical,2844226722,મહુવા / અમદાવાદ,સપરિવાર,હા,હા,હા,હા,હા,Pending
Anand Swami Ujjain,9909949911,આણંદ,સપરિવાર,હા,હા,હા,હા,હા,Pending
Sagarbhai Khodiyar Khaman,9726951272,મહુવા / અમદાવાદ,સપરિવાર,હા,હા,હા,હા,હા,Pending
Joshi Dhara Eng,9727560912,મહુવા / અમદાવાદ,સપરિવાર,હા,હા,હા,હા,હા,Pending
Joshi Dhara Eng,8849393098,મહુવા / અમદાવાદ,સપરિવાર,હા,હા,હા,હા,હા,Pending
Ugalvan Mukesh Mama,9724225864,મહુવા / અમદાવાદ,સપરિવાર,હા,હા,હા,હા,હા,Pending
Ramji Bhai Kapadiya,9898182545,મહુવા / અમદાવાદ,સપરિવાર,હા,હા,હા,હા,હા,Pending
Prant Mahuva,7567010268,મહુવા,સપરિવાર,હા,હા,હા,હા,હા,Pending
Bhumi,9426427291,મહુવા / અમદાવાદ,સપરિવાર,હા,હા,હા,હા,હા,Pending
Bhumi,7359843043,મહુવા / અમદાવાદ,સપરિવાર,હા,હા,હા,હા,હા,Pending
Kiran Nagari,9428181914,મહુવા / અમદાવાદ,સપરિવાર,હા,હા,હા,હા,હા,Pending
Hdfc Vima,8655925540,મહુવા / અમદાવાદ,સપરિવાર,હા,હા,હા,હા,હા,Pending
Eng Manoj Tared,9662405772,મહુવા / અમદાવાદ,સપરિવાર,હા,હા,હા,હા,હા,Pending
R T Valiya City Talati,8200836172,મહુવા / અમદાવાદ,સપરિવાર,હા,હા,હા,હા,હા,Pending
R T Valiya City Talati,9727216247,મહુવા / અમદાવાદ,સપરિવાર,હા,હા,હા,હા,હા,Pending
Dhara Parva Zalavadiya,6355107312,મહુવા / અમદાવાદ,સપરિવાર,હા,હા,હા,હા,હા,Pending
Daksh Resort Sasan,9925152953,મહુવા / અમદાવાદ,સપરિવાર,હા,હા,હા,હા,હા,Pending
Surendra Patel Vishala,9909030520,મહુવા / અમદાવાદ,સપરિવાર,હા,હા,હા,હા,હા,Pending
Hitesh Bhanderi,9925210178,મહુવા / અમદાવાદ,સપરિવાર,હા,હા,હા,હા,હા,Pending
Naghera Sir College,8200876672,મહુવા / અમદાવાદ,સપરિવાર,હા,હા,હા,હા,હા,Pending
DR. Mahesh BAMBHANIYA,8905136982,મહુવા / અમદાવાદ,સપરિવાર,હા,હા,હા,હા,હા,Pending
Paresh K R Son's,9426500916,મહુવા / અમદાવાદ,સપરિવાર,હા,હા,હા,હા,હા,Pending
Dr Himmat bhai Hanumant,9979530003,મહુવા / અમદાવાદ,સપરિવાર,હા,હા,હા,હા,હા,Pending
Dr Himmat bhai Hanumant,9408706155,મહુવા / અમદાવાદ,સપરિવાર,હા,હા,હા,હા,હા,Pending
Balu Thakrshi Bhai Padsala,8347619511,મહુવા / અમદાવાદ,સપરિવાર,હા,હા,હા,હા,હા,Pending
Ketan Babu Kaka Padsala Ahd,8141204040,અમદાવાદ,સપરિવાર,હા,હા,હા,હા,હા,Pending
Marvadi Uni Keyur,8980030077,મહુવા / અમદાવાદ,સપરિવાર,હા,હા,હા,હા,હા,Pending
Harijivan Swamiji Chairman,9825065940,મહુવા / અમદાવાદ,સપરિવાર,હા,હા,હા,હા,હા,Pending
Mukesh Kharak,9978128099,મહુવા / અમદાવાદ,સપરિવાર,હા,હા,હા,હા,હા,Pending
ANJALI PUBLICATION,9925869283,મહુવા / અમદાવાદ,સપરિવાર,હા,હા,હા,હા,હા,Pending
Paresh Bheda,9429354080,મહુવા / અમદાવાદ,સપરિવાર,હા,હા,હા,હા,હા,Pending
Jayesh Joshi Gayatri Mandir,9978774532,મહુવા / અમદાવાદ,સપરિવાર,હા,હા,હા,હા,હા,Pending
Hari om provij Bhavesh,9924247008,મહુવા / અમદાવાદ,સપરિવાર,હા,હા,હા,હા,હા,Pending
Hari om provij Bhavesh,9106744281,મહુવા / અમદાવાદ,સપરિવાર,હા,હા,હા,હા,હા,Pending
Dr Bhavesh Valaki Skin,9774932197,મહુવા / અમદાવાદ,સપરિવાર,હા,હા,હા,હા,હા,Pending
Dharma Swarup Das Sardhar,9099999647,મહુવા / અમદાવાદ,સપરિવાર,હા,હા,હા,હા,હા,Pending
Mahuva Swami mandir,7700098000,મહુવા,સપરિવાર,હા,હા,હા,હા,હા,Pending
Hasmukh Dr Ashok Campa,9904123025,મહુવા / અમદાવાદ,સપરિવાર,હા,હા,હા,હા,હા,Pending
Gaurang Poicha,9099651000,મહુવા / અમદાવાદ,સપરિવાર,હા,હા,હા,હા,હા,Pending
Vatsal Sou Kevdiya,7043586305,મહુવા / અમદાવાદ,સપરિવાર,હા,હા,હા,હા,હા,Pending
Ashvin Manu Kaka Desai,9662411159,મહુવા / અમદાવાદ,સપરિવાર,હા,હા,હા,હા,હા,Pending
Statue of Unity Package,9979886305,મહુવા / અમદાવાદ,સપરિવાર,હા,હા,હા,હા,હા,Pending
Eng Mate Payal Baraiya New,9429194806,મહુવા / અમદાવાદ,સપરિવાર,હા,હા,હા,હા,હા,Pending
Alpha Softwares - Rajkot,9408631600,રાજકોટ,સપરિવાર,હા,હા,હા,હા,હા,Pending
Parsana Ketan Mama Simla,9318611011,મહુવા / અમદાવાદ,સપરિવાર,હા,હા,હા,હા,હા,Pending
Manali Hotel Ketan Mama,7018228664,મહુવા / અમદાવાદ,સપરિવાર,હા,હા,હા,હા,હા,Pending
Muni Swami Rjt Gurukul,9825211167,રાજકોટ,સપરિવાર,હા,હા,હા,હા,હા,Pending
Parul Jivan Zalavadiya,8347986223,મહુવા / અમદાવાદ,સપરિવાર,હા,હા,હા,હા,હા,Pending
0,9824438698,મહુવા / અમદાવાદ,સપરિવાર,હા,હા,હા,હા,હા,Pending
Sidharth Joshi Ligal Ghogha,9426414246,મહુવા / અમદાવાદ,સપરિવાર,હા,હા,હા,હા,હા,Pending
Sufiyan Demolation Surat,9979456435,સુરત,સપરિવાર,હા,હા,હા,હા,હા,Pending
Virji Bhai Ugalvan,9429588203,મહુવા / અમદાવાદ,સપરિવાર,હા,હા,હા,હા,હા,Pending
Pankaj Bhai Surat,9726695366,સુરત,સપરિવાર,હા,હા,હા,હા,હા,Pending
Ashwin Butani Kumbhan,9824212243,મહુવા / અમદાવાદ,સપરિવાર,હા,હા,હા,હા,હા,Pending
Hirin Bitani Ashwin Bro,8905044630,મહુવા / અમદાવાદ,સપરિવાર,હા,હા,હા,હા,હા,Pending
Varsha Masi Ahd,9825163300,અમદાવાદ,સપરિવાર,હા,હા,હા,હા,હા,Pending
Dr R K Patel Hadad(Ambaji),7575096856,મહુવા / અમદાવાદ,સપરિવાર,હા,હા,હા,હા,હા,Pending
Mahesh Dobariya Kho.Nagar,8200289494,મહુવા / અમદાવાદ,સપરિવાર,હા,હા,હા,હા,હા,Pending
Naklang Dham Haridwar,8449907268,મહુવા / અમદાવાદ,સપરિવાર,હા,હા,હા,હા,હા,Pending
Ramnik Davra,9979267153,મહુવા / અમદાવાદ,સપરિવાર,હા,હા,હા,હા,હા,Pending
Hdfc Life,8291890569,મહુવા / અમદાવાદ,સપરિવાર,હા,હા,હા,હા,હા,Pending
Nisha Chauhan Tea,9067550034,મહુવા / અમદાવાદ,સપરિવાર,હા,હા,હા,હા,હા,Pending
Dev Xerox,9909113411,મહુવા / અમદાવાદ,સપરિવાર,હા,હા,હા,હા,હા,Pending
Manisha Sankhat,8799695223,મહુવા / અમદાવાદ,સપરિવાર,હા,હા,હા,હા,હા,Pending
Dipak Bhai Sheth Bhavik,9825037359,મહુવા / અમદાવાદ,સપરિવાર,હા,હા,હા,હા,હા,Pending
Archanaben Gurukul Svk,9429075222,મહુવા / અમદાવાદ,સપરિવાર,હા,હા,હા,હા,હા,Pending
Nipa Ben Pratik Bhai Shah Ahd,9727992222,અમદાવાદ,સપરિવાર,હા,હા,હા,હા,હા,Pending
Vinod Kumar Sumi Ben Ahd,9426529499,અમદાવાદ,સપરિવાર,હા,હા,હા,હા,હા,Pending
Bhupat Bhai Pagi,9998506538,મહુવા / અમદાવાદ,સપરિવાર,હા,હા,હા,હા,હા,Pending
Sarvaiya sir Help Astang Aayurveda,7284828282,મહુવા / અમદાવાદ,સપરિવાર,હા,હા,હા,હા,હા,Pending
Jayesh Mama (Aashu Dada)Rajkot,9664908131,રાજકોટ,સપરિવાર,હા,હા,હા,હા,હા,Pending
D K Sir Botad Gurukul,9879574861,બોટાદ,સપરિવાર,હા,હા,હા,હા,હા,Pending
fun world Rajkot,8160865991,રાજકોટ,સપરિવાર,હા,હા,હા,હા,હા,Pending
Sudhir Jadeja,9081342896,મહુવા / અમદાવાદ,સપરિવાર,હા,હા,હા,હા,હા,Pending
Mathur Bhai ( Khodi),9925422972,મહુવા / અમદાવાદ,સપરિવાર,હા,હા,હા,હા,હા,Pending
LIC WHATSAPP,8976862090,મહુવા / અમદાવાદ,સપરિવાર,હા,હા,હા,હા,હા,Pending
M V CONSTRUCTION CO Rjt,9925002442,રાજકોટ,સપરિવાર,હા,હા,હા,હા,હા,Pending
Esha Malani London,447767954665,UK,સપરિવાર,હા,હા,હા,હા,હા,Pending
Gu Govind Swami,35425674843,મહુવા / અમદાવાદ,સપરિવાર,હા,હા,હા,હા,હા,Pending
Gu Govind Swami,50100291598211,મહુવા / અમદાવાદ,સપરિવાર,હા,હા,હા,હા,હા,Pending
Harshadbhai Padshala Hemal,9909188621,મહુવા / અમદાવાદ,સપરિવાર,હા,હા,હા,હા,હા,Pending
V M Swami Tatam,9558770777,મહુવા / અમદાવાદ,સપરિવાર,હા,હા,હા,હા,હા,Pending
GSEB. Malay Sir Bord,9879624162,મહુવા / અમદાવાદ,સપરિવાર,હા,હા,હા,હા,હા,Pending
Popat Bhagat,8690954054,મહુવા / અમદાવાદ,સપરિવાર,હા,હા,હા,હા,હા,Pending
Popat Bhagat,9427754054,મહુવા / અમદાવાદ,સપરિવાર,હા,હા,હા,હા,હા,Pending
Safai Naresh Hanumant Hos,9624053295,મહુવા / અમદાવાદ,સપરિવાર,હા,હા,હા,હા,હા,Pending
Niraj Divya Bhaskar,9714611365,મહુવા / અમદાવાદ,સપરિવાર,હા,હા,હા,હા,હા,Pending
Mukti Fai Bhailal Fuva Aml,8980802047,અમરેલી,સપરિવાર,હા,હા,હા,હા,હા,Pending
Vaniya Sir Belur,9724259414,મહુવા / અમદાવાદ,સપરિવાર,હા,હા,હા,હા,હા,Pending
Harivallabh Swami Pondha,7574856391,મહુવા / અમદાવાદ,સપરિવાર,હા,હા,હા,હા,હા,Pending
Vithal Mahila Gruh Aml,7878785555,અમરેલી,સપરિવાર,હા,હા,હા,હા,હા,Pending
Mahila Punit Bhai Aml,9925975555,અમરેલી,સપરિવાર,હા,હા,હા,હા,હા,Pending
Saheli Shrugar Dress Mate Rjt,8866331293,રાજકોટ,સપરિવાર,હા,હા,હા,હા,હા,Pending
Parmar Sir,9898988696,મહુવા / અમદાવાદ,સપરિવાર,હા,હા,હા,હા,હા,Pending
Amisha Pateliya Student,9313797922,મહુવા / અમદાવાદ,સપરિવાર,હા,હા,હા,હા,હા,Pending
Janki Dholakia Eng,8200178211,મહુવા / અમદાવાદ,સપરિવાર,હા,હા,હા,હા,હા,Pending
Harshita Lahre,9713280152,મહુવા / અમદાવાદ,સપરિવાર,હા,હા,હા,હા,હા,Pending
Raju bhai pardi,9913105574,મહુવા / અમદાવાદ,સપરિવાર,હા,હા,હા,હા,હા,Pending
Dr Alpesh Sisara Mum,9913166431,મુંબઈ,સપરિવાર,હા,હા,હા,હા,હા,Pending
krupa joshi Student,9426314884,મહુવા / અમદાવાદ,સપરિવાર,હા,હા,હા,હા,હા,Pending
Oza Sir,9016560175,મહુવા / અમદાવાદ,સપરિવાર,હા,હા,હા,હા,હા,Pending
Chandni Ben Pramukh,9428342357,મહુવા / અમદાવાદ,સપરિવાર,હા,હા,હા,હા,હા,Pending
Shree Maruti Courier,6358250340,મહુવા / અમદાવાદ,સપરિવાર,હા,હા,હા,હા,હા,Pending
Dr. Pravinbhai Baldaniya Kalsar,9979186856,મહુવા / અમદાવાદ,સપરિવાર,હા,હા,હા,હા,હા,Pending
Dr. Pravinbhai Baldaniya Kalsar,9328605616,મહુવા / અમદાવાદ,સપરિવાર,હા,હા,હા,હા,હા,Pending
Divya Bhaskar News,6354303219,મહુવા / અમદાવાદ,સપરિવાર,હા,હા,હા,હા,હા,Pending
Kumar Shukla Patrakar,9737467070,મહુવા / અમદાવાદ,સપરિવાર,હા,હા,હા,હા,હા,Pending
Dr D C Ladumor,9824023646,મહુવા / અમદાવાદ,સપરિવાર,હા,હા,હા,હા,હા,Pending
Ashvin Joliya,8140240245,મહુવા / અમદાવાદ,સપરિવાર,હા,હા,હા,હા,હા,Pending
Pilu Jay Canada,15483983987,મહુવા / અમદાવાદ,સપરિવાર,હા,હા,હા,હા,હા,Pending
Vinay Kanu Jalaram,9723339401,મહુવા / અમદાવાદ,સપરિવાર,હા,હા,હા,હા,હા,Pending
Mitesh Baraiya IDFC,9714743406,મહુવા / અમદાવાદ,સપરિવાર,હા,હા,હા,હા,હા,Pending
Megha Mem,9724503139,મહુવા / અમદાવાદ,સપરિવાર,હા,હા,હા,હા,હા,Pending
Msc Bharat Kalasariya,9428804906,મહુવા / અમદાવાદ,સપરિવાર,હા,હા,હા,હા,હા,Pending
Nitin bhai rasoya,9428786213,મહુવા / અમદાવાદ,સપરિવાર,હા,હા,હા,હા,હા,Pending
Nitin bhai rasoya,8758798586,મહુવા / અમદાવાદ,સપરિવાર,હા,હા,હા,હા,હા,Pending
Nitin bhai rasoya,9427150773,મહુવા / અમદાવાદ,સપરિવાર,હા,હા,હા,હા,હા,Pending
Nitin bhai rasoya,9574552247,મહુવા / અમદાવાદ,સપરિવાર,હા,હા,હા,હા,હા,Pending
Block Alpesh Surat,9173342420,સુરત,સપરિવાર,હા,હા,હા,હા,હા,Pending
Sanskut Dhara Teacher Patel,7046813151,મહુવા / અમદાવાદ,સપરિવાર,હા,હા,હા,હા,હા,Pending
Sanskut Dhara Teacher Patel,9537206874,મહુવા / અમદાવાદ,સપરિવાર,હા,હા,હા,હા,હા,Pending
Sanskut Dhara Teacher Patel,7069059087,મહુવા / અમદાવાદ,સપરિવાર,હા,હા,હા,હા,હા,Pending
Kuldip Pandya Bhv,9227428254,ભાવનગર,સપરિવાર,હા,હા,હા,હા,હા,Pending
Himat BHAI Bila,9726071841,મહુવા / અમદાવાદ,સપરિવાર,હા,હા,હા,હા,હા,Pending
Labhu Fai Gadhda,9427623839,મહુવા / અમદાવાદ,સપરિવાર,હા,હા,હા,હા,હા,Pending
Chandra Sih Relve,9099929244,મહુવા / અમદાવાદ,સપરિવાર,હા,હા,હા,હા,હા,Pending
VIKRAM Relve,9033311298,મહુવા / અમદાવાદ,સપરિવાર,હા,હા,હા,હા,હા,Pending
VIKRAM Relve,7227989528,મહુવા / અમદાવાદ,સપરિવાર,હા,હા,હા,હા,હા,Pending
Darshita Laxman Bhacha,9913169715,મહુવા / અમદાવાદ,સપરિવાર,હા,હા,હા,હા,હા,Pending
Talaja Zone,9033409077,તળાજા,સપરિવાર,હા,હા,હા,હા,હા,Pending
Mayur Sih Sun Advanchur,9574761313,મહુવા / અમદાવાદ,સપરિવાર,હા,હા,હા,હા,હા,Pending
Pulkit Joshi Gseb,9909921911,મહુવા / અમદાવાદ,સપરિવાર,હા,હા,હા,હા,હા,Pending
Dr Anup Mekhiya,8140210201,મહુવા / અમદાવાદ,સપરિવાર,હા,હા,હા,હા,હા,Pending
Harshad Nagari,9328931093,મહુવા / અમદાવાદ,સપરિવાર,હા,હા,હા,હા,હા,Pending
Harshad Nagari,9428859598,મહુવા / અમદાવાદ,સપરિવાર,હા,હા,હા,હા,હા,Pending
Shailesh Bhai Bhuta Bal Mandir,9773054552,મહુવા / અમદાવાદ,સપરિવાર,હા,હા,હા,હા,હા,Pending
Pranav Kapadia,9106749496,મહુવા / અમદાવાદ,સપરિવાર,હા,હા,હા,હા,હા,Pending
Nutan Nagdiya,6359944466,મહુવા / અમદાવાદ,સપરિવાર,હા,હા,હા,હા,હા,Pending
Shila Lekh Mandir,9099570850,મહુવા / અમદાવાદ,સપરિવાર,હા,હા,હા,હા,હા,Pending
Nitya swarup Swamiji,7600058501,મહુવા / અમદાવાદ,સપરિવાર,હા,હા,હા,હા,હા,Pending
Nitya swarup Swamiji,9687558501,મહુવા / અમદાવાદ,સપરિવાર,હા,હા,હા,હા,હા,Pending
Raju Bhai ELE Motor Ripe,9033330032,મહુવા / અમદાવાદ,સપરિવાર,હા,હા,હા,હા,હા,Pending
Gajju Bhai,9574462048,મહુવા / અમદાવાદ,સપરિવાર,હા,હા,હા,હા,હા,Pending
Gajju Bhai,6355136742,મહુવા / અમદાવાદ,સપરિવાર,હા,હા,હા,હા,હા,Pending
Kavyaraj K SARVAIYA Prayosha,9316167577,મહુવા / અમદાવાદ,સપરિવાર,હા,હા,હા,હા,હા,Pending
sheth keyur Viren Bhai,6355120021,મહુવા / અમદાવાદ,સપરિવાર,હા,હા,હા,હા,હા,Pending
Yash Dhiru Bhai Solanki,8866015246,મહુવા / અમદાવાદ,સપરિવાર,હા,હા,હા,હા,હા,Pending
Hitesh Sarvaiya Bhv 1993 rjt,7016115248,ભાવનગર,સપરિવાર,હા,હા,હા,હા,હા,Pending
Meet Kamlesh Gajera,9427748736,મહુવા / અમદાવાદ,સપરિવાર,હા,હા,હા,હા,હા,Pending
Ghanshyam Bhai Rupavati,9879524381,મહુવા / અમદાવાદ,સપરિવાર,હા,હા,હા,હા,હા,Pending
Naka Bhai Lakhnotra,9824517368,મહુવા / અમદાવાદ,સપરિવાર,હા,હા,હા,હા,હા,Pending
Dabhi Krutik Shanti,9408917827,મહુવા / અમદાવાદ,સપરિવાર,હા,હા,હા,હા,હા,Pending
Manu Bhai Khatri Sharanam,9712907063,મહુવા / અમદાવાદ,સપરિવાર,હા,હા,હા,હા,હા,Pending
Gu Pri Swa Guru High School,50200047121311,મહુવા / અમદાવાદ,સપરિવાર,હા,હા,હા,હા,હા,Pending
Ketan vyas,9427753600,મહુવા / અમદાવાદ,સપરિવાર,હા,હા,હા,હા,હા,Pending
Jaysukh Bhai (Sukha)Gajera,9879515891,મહુવા / અમદાવાદ,સપરિવાર,હા,હા,હા,હા,હા,Pending
Dr Vikas Hiren Bhai Mehta,8866832165,મહુવા / અમદાવાદ,સપરિવાર,હા,હા,હા,હા,હા,Pending
Laxamn Bhai H P Pamp,9407282930,મહુવા / અમદાવાદ,સપરિવાર,હા,હા,હા,હા,હા,Pending
Kaal Dudharejiya,9624690015,મહુવા / અમદાવાદ,સપરિવાર,હા,હા,હા,હા,હા,Pending
Dr. D.S.Solanki (GES-ll),9979206514,મહુવા / અમદાવાદ,સપરિવાર,હા,હા,હા,હા,હા,Pending
Dr. D.S.Solanki (GES-ll),8320838865,મહુવા / અમદાવાદ,સપરિવાર,હા,હા,હા,હા,હા,Pending
Suresh Hemal,9913729797,મહુવા / અમદાવાદ,સપરિવાર,હા,હા,હા,હા,હા,Pending
Suresh Hemal,9173790883,મહુવા / અમદાવાદ,સપરિવાર,હા,હા,હા,હા,હા,Pending
Abhay Dudhrejiya Khared,8200857650,મહુવા / અમદાવાદ,સપરિવાર,હા,હા,હા,હા,હા,Pending
Manu Kaka Savliya Rjt,9537793372,રાજકોટ,સપરિવાર,હા,હા,હા,હા,હા,Pending
Manu Kaka Savliya Rjt,9427221790,રાજકોટ,સપરિવાર,હા,હા,હા,હા,હા,Pending
Ramnik Lal Aml,9825873280,અમરેલી,સપરિવાર,હા,હા,હા,હા,હા,Pending
Nilesh Panjab Honda,9925222885,મહુવા / અમદાવાદ,સપરિવાર,હા,હા,હા,હા,હા,Pending
Bhavesh Dhasiya Keri Mate,8155824082,મહુવા / અમદાવાદ,સપરિવાર,હા,હા,હા,હા,હા,Pending
Pujya Guruji,8154024024,મહુવા / અમદાવાદ,સપરિવાર,હા,હા,હા,હા,હા,Pending
Sachin Keri Dhasiya,9904461589,મહુવા / અમદાવાદ,સપરિવાર,હા,હા,હા,હા,હા,Pending
Maganbhai Dobariya Ringliyala,8866462714,મહુવા / અમદાવાદ,સપરિવાર,હા,હા,હા,હા,હા,Pending
Sanjay Parikh P F Bhv,9904183336,ભાવનગર,સપરિવાર,હા,હા,હા,હા,હા,Pending
Sanjay Parikh P F Bhv,2717403335,ભાવનગર,સપરિવાર,હા,હા,હા,હા,હા,Pending
Khasiya Kishor,8469554902,મહુવા / અમદાવાદ,સપરિવાર,હા,હા,હા,હા,હા,Pending
Radhika Ramesh BHAI Nagpur,8080041619,મહુવા / અમદાવાદ,સપરિવાર,હા,હા,હા,હા,હા,Pending
Jigna V Dasadiya D Mahuva,6352464736,મહુવા,સપરિવાર,હા,હા,હા,હા,હા,Pending
Kundal Keri Mate Manu Bhai,9712915547,મહુવા / અમદાવાદ,સપરિવાર,હા,હા,હા,હા,હા,Pending
Plot 21 Parmar Bhai,9427148854,મહુવા / અમદાવાદ,સપરિવાર,હા,હા,હા,હા,હા,Pending
Vinu Bapu Khimnath,8140545451,મહુવા / અમદાવાદ,સપરિવાર,હા,હા,હા,હા,હા,Pending
Mukund,8200134020,મહુવા / અમદાવાદ,સપરિવાર,હા,હા,હા,હા,હા,Pending
Dipak Dungarshi Mama surat,9979199666,સુરત,સપરિવાર,હા,હા,હા,હા,હા,Pending
Harikrushna Swami Droneswar,9879000951,મહુવા / અમદાવાદ,સપરિવાર,હા,હા,હા,હા,હા,Pending
Trivedi Harshvadan Kamal,9106539079,મહુવા / અમદાવાદ,સપરિવાર,હા,હા,હા,હા,હા,Pending
Haresh Bhanvad,9228375937,મહુવા / અમદાવાદ,સપરિવાર,હા,હા,હા,હા,હા,Pending
Haresh Bhanvad,9537777298,મહુવા / અમદાવાદ,સપરિવાર,હા,હા,હા,હા,હા,Pending
Pratap sinh Baps,9998816250,મહુવા / અમદાવાદ,સપરિવાર,હા,હા,હા,હા,હા,Pending
S P Virani Anu Jati Bhv,7041682024,ભાવનગર,સપરિવાર,હા,હા,હા,હા,હા,Pending
Joliya Arati Tea (Raju),9714847324,મહુવા / અમદાવાદ,સપરિવાર,હા,હા,હા,હા,હા,Pending
Mahendra Hemal,9714055700,મહુવા / અમદાવાદ,સપરિવાર,હા,હા,હા,હા,હા,Pending
Avinash Suvidha,9825615454,મહુવા / અમદાવાદ,સપરિવાર,હા,હા,હા,હા,હા,Pending
Lalji Makwana Khared,7621044213,મહુવા / અમદાવાદ,સપરિવાર,હા,હા,હા,હા,હા,Pending
Gopal (Gita Ben) Ahd,9925001521,અમદાવાદ,સપરિવાર,હા,હા,હા,હા,હા,Pending
Gopal (Gita Ben) Ahd,9714777457,અમદાવાદ,સપરિવાર,હા,હા,હા,હા,હા,Pending
Praful Joshi,6355950971,મહુવા / અમદાવાદ,સપરિવાર,હા,હા,હા,હા,હા,Pending
Samajik Kalyan 11-12 Kiran Baraiya,9316108582,મહુવા / અમદાવાદ,સપરિવાર,હા,હા,હા,હા,હા,Pending
Pratik  BHAI Vyas,8000410727,મહુવા / અમદાવાદ,સપરિવાર,હા,હા,હા,હા,હા,Pending
Mansi Joshi Tea Bal,8780953886,મહુવા / અમદાવાદ,સપરિવાર,હા,હા,હા,હા,હા,Pending
Sbi Manager Station Rd,7600040223,મહુવા / અમદાવાદ,સપરિવાર,હા,હા,હા,હા,હા,Pending
Khadim Bhv Himalaya Mall,2782530661,ભાવનગર,સપરિવાર,હા,હા,હા,હા,હા,Pending
Dharmik Dave,9484774015,મહુવા / અમદાવાદ,સપરિવાર,હા,હા,હા,હા,હા,Pending
Bus Today,7874334233,મહુવા / અમદાવાદ,સપરિવાર,હા,હા,હા,હા,હા,Pending
Vimlesh Amrut Treding,9426955517,મહુવા / અમદાવાદ,સપરિવાર,હા,હા,હા,હા,હા,Pending
Jay Janani Science School Bapada(Talaja),8999585050,તળાજા,સપરિવાર,હા,હા,હા,હા,હા,Pending
Sona Publication (marvel),8780110635,મહુવા / અમદાવાદ,સપરિવાર,હા,હા,હા,હા,હા,Pending
Arvind bhai Pardava surat,9377797779,સુરત,સપરિવાર,હા,હા,હા,હા,હા,Pending
Disha Pankaj Bhai surat,9428577366,સુરત,સપરિવાર,હા,હા,હા,હા,હા,Pending
shilaben  gudarani,9426315116,મહુવા / અમદાવાદ,સપરિવાર,હા,હા,હા,હા,હા,Pending
Kunj Dholiya,8140361269,મહુવા / અમદાવાદ,સપરિવાર,હા,હા,હા,હા,હા,Pending
Kunj Dholiya,7048452475,મહુવા / અમદાવાદ,સપરિવાર,હા,હા,હા,હા,હા,Pending
Bansari Auto Show Room,2844226664,મહુવા / અમદાવાદ,સપરિવાર,હા,હા,હા,હા,હા,Pending
Rasik Ghan.gajera,9824196291,મહુવા / અમદાવાદ,સપરિવાર,હા,હા,હા,હા,હા,Pending
V G Virdiya Contractor,9978917389,મહુવા / અમદાવાદ,સપરિવાર,હા,હા,હા,હા,હા,Pending
Gramin Benk Menager,2844225713,મહુવા / અમદાવાદ,સપરિવાર,હા,હા,હા,હા,હા,Pending
Gramin Benk Menager,7574808256,મહુવા / અમદાવાદ,સપરિવાર,હા,હા,હા,હા,હા,Pending
Ravi bhai Gopal seni,9879908403,મહુવા / અમદાવાદ,સપરિવાર,હા,હા,હા,હા,હા,Pending
Ravi bhai Gopal seni,2844224262,મહુવા / અમદાવાદ,સપરિવાર,હા,હા,હા,હા,હા,Pending
Thanth Savji Vidhyarthi,9099515200,મહુવા / અમદાવાદ,સપરિવાર,હા,હા,હા,હા,હા,Pending
Kishan Soni,7878456472,મહુવા / અમદાવાદ,સપરિવાર,હા,હા,હા,હા,હા,Pending
Prakash Bavadiya Taveda,9824534087,મહુવા / અમદાવાદ,સપરિવાર,હા,હા,હા,હા,હા,Pending
Bharat Nakarani sir,9099941256,મહુવા / અમદાવાદ,સપરિવાર,હા,હા,હા,હા,હા,Pending
BAL. Swami Sardhar,7600058502,મહુવા / અમદાવાદ,સપરિવાર,હા,હા,હા,હા,હા,Pending
BAL. Swami Sardhar,9859883083,મહુવા / અમદાવાદ,સપરિવાર,હા,હા,હા,હા,હા,Pending
Pradeep Mehta Stemp,9825639187,મહુવા / અમદાવાદ,સપરિવાર,હા,હા,હા,હા,હા,Pending
Maruti Vinod Ripe,6357314889,મહુવા / અમદાવાદ,સપરિવાર,હા,હા,હા,હા,હા,Pending
Prashant  Jaysukh Bhai,9909015891,મહુવા / અમદાવાદ,સપરિવાર,હા,હા,હા,હા,હા,Pending
302 Tushar Gajendra Desai,9427541555,મહુવા / અમદાવાદ,સપરિવાર,હા,હા,હા,હા,હા,Pending
Narshi Bhai Yogi Food,7203031005,મહુવા / અમદાવાદ,સપરિવાર,હા,હા,હા,હા,હા,Pending
R K Emaging Center,9081675468,મહુવા / અમદાવાદ,સપરિવાર,હા,હા,હા,હા,હા,Pending
Dr Krunal Baldania R K Emaging,9409471823,મહુવા / અમદાવાદ,સપરિવાર,હા,હા,હા,હા,હા,Pending
Nilesh  Nice And Next,9824882809,મહુવા / અમદાવાદ,સપરિવાર,હા,હા,હા,હા,હા,Pending
Belur Alpesh  Kalsariya,7202898993,મહુવા / અમદાવાદ,સપરિવાર,હા,હા,હા,હા,હા,Pending
Dpo Office Dinesh Katriya,9909113362,મહુવા / અમદાવાદ,સપરિવાર,હા,હા,હા,હા,હા,Pending
Hdfc Pathak Nikhil Bhai,9427233317,મહુવા / અમદાવાદ,સપરિવાર,હા,હા,હા,હા,હા,Pending
Hdfc Pathak Nikhil Bhai,9033311413,મહુવા / અમદાવાદ,સપરિવાર,હા,હા,હા,હા,હા,Pending
SBI RAHUL Mothiya,9106955919,મહુવા / અમદાવાદ,સપરિવાર,હા,હા,હા,હા,હા,Pending
SBI RAHUL Mothiya,9574205171,મહુવા / અમદાવાદ,સપરિવાર,હા,હા,હા,હા,હા,Pending
Nilam Ben Gauswami Tpo,9723732005,મહુવા / અમદાવાદ,સપરિવાર,હા,હા,હા,હા,હા,Pending
Sadhu Saral Jivan Das BAPS,9513511099,મહુવા / અમદાવાદ,સપરિવાર,હા,હા,હા,હા,હા,Pending
Sadhu Saral Jivan Das BAPS,9980500003,મહુવા / અમદાવાદ,સપરિવાર,હા,હા,હા,હા,હા,Pending
Surat Gurukul vishwa vandan swami,8000693000,સુરત,સપરિવાર,હા,હા,હા,હા,હા,Pending
Kishan Bhai Jb Bro,9574717007,મહુવા / અમદાવાદ,સપરિવાર,હા,હા,હા,હા,હા,Pending
Harish Vaghashiya Kundla,9428272233,સાવરકુંડલા,સપરિવાર,હા,હા,હા,હા,હા,Pending
Harish Vaghashiya Kundla,9408652010,સાવરકુંડલા,સપરિવાર,હા,હા,હા,હા,હા,Pending
Gu Darshan,50100582496562,મહુવા / અમદાવાદ,સપરિવાર,હા,હા,હા,હા,હા,Pending
Gu Darshan,36625363243,મહુવા / અમદાવાદ,સપરિવાર,હા,હા,હા,હા,હા,Pending
Gu Darshan,10225253577,મહુવા / અમદાવાદ,સપરિવાર,હા,હા,હા,હા,હા,Pending
Khaddiya Manish Sir,9586707666,મહુવા / અમદાવાદ,સપરિવાર,હા,હા,હા,હા,હા,Pending
Dugheri Sarpanch Lala BHAI Bhaliya,8000218080,મહુવા / અમદાવાદ,સપરિવાર,હા,હા,હા,હા,હા,Pending
Rakesh Dave Ges Mate,9824436947,મહુવા / અમદાવાદ,સપરિવાર,હા,હા,હા,હા,હા,Pending
Jitu Bhai Sakhat Pagi Dada,9624712191,મહુવા / અમદાવાદ,સપરિવાર,હા,હા,હા,હા,હા,Pending
Virdiya Bhai Laboretary,9328191317,મહુવા / અમદાવાદ,સપરિવાર,હા,હા,હા,હા,હા,Pending
Sbi Mutual Fund,9833657657,મહુવા / અમદાવાદ,સપરિવાર,હા,હા,હા,હા,હા,Pending
SBI MF Customer Service,8010968318,મહુવા / અમદાવાદ,સપરિવાર,હા,હા,હા,હા,હા,Pending
P F Balance,9966044425,મહુવા / અમદાવાદ,સપરિવાર,હા,હા,હા,હા,હા,Pending
Mukesh kaka,9725413098,મહુવા / અમદાવાદ,સપરિવાર,હા,હા,હા,હા,હા,Pending
Mukesh kaka,8758776090,મહુવા / અમદાવાદ,સપરિવાર,હા,હા,હા,હા,હા,Pending
Hasti Pandya Clark,8866639401,મહુવા / અમદાવાદ,સપરિવાર,હા,હા,હા,હા,હા,Pending
Gujariya Notary,9825737187,મહુવા / અમદાવાદ,સપરિવાર,હા,હા,હા,હા,હા,Pending
K L Suva Sir Deo Office,7621979498,મહુવા / અમદાવાદ,સપરિવાર,હા,હા,હા,હા,હા,Pending
Refund Peyment Mate,18001201740,મહુવા / અમદાવાદ,સપરિવાર,હા,હા,હા,હા,હા,Pending
C K. Tadha Resi,7622012020,મહુવા / અમદાવાદ,સપરિવાર,હા,હા,હા,હા,હા,Pending
Nation Complaint Divya Bhaskar,8955445599,મહુવા / અમદાવાદ,સપરિવાર,હા,હા,હા,હા,હા,Pending
Virat Enterprise Note Book,7990474047,મહુવા / અમદાવાદ,સપરિવાર,હા,હા,હા,હા,હા,Pending
Ramesh Bambhaniya Aone Dehi Una,9106071970,મહુવા / અમદાવાદ,સપરિવાર,હા,હા,હા,હા,હા,Pending
Raju Makvana Stemp,8671888568,મહુવા / અમદાવાદ,સપરિવાર,હા,હા,હા,હા,હા,Pending
Rutvik Bhai Mandir,7016667498,મહુવા / અમદાવાદ,સપરિવાર,હા,હા,હા,હા,હા,Pending
Himatgiri Goswami Timbi Hanuman,9913029403,મહુવા / અમદાવાદ,સપરિવાર,હા,હા,હા,હા,હા,Pending
Chhagan bhai dhakecha,9824828153,મહુવા / અમદાવાદ,સપરિવાર,હા,હા,હા,હા,હા,Pending
P M Korat,9033900505,મહુવા / અમદાવાદ,સપરિવાર,હા,હા,હા,હા,હા,Pending
R H HADIA Belur,9825134606,મહુવા / અમદાવાદ,સપરિવાર,હા,હા,હા,હા,હા,Pending
Kachchi Samaj Haridwar,7830738944,મહુવા / અમદાવાદ,સપરિવાર,હા,હા,હા,હા,હા,Pending
Datardi Megic Vala Bipin Dada,9879388785,મહુવા / અમદાવાદ,સપરિવાર,હા,હા,હા,હા,હા,Pending
Haresh Patel Savliya,9824402707,મહુવા / અમદાવાદ,સપરિવાર,હા,હા,હા,હા,હા,Pending
Parbat Bhai K Moradiya,9428052171,મહુવા / અમદાવાદ,સપરિવાર,હા,હા,હા,હા,હા,Pending
Dhiru bhai trector,9925540700,મહુવા / અમદાવાદ,સપરિવાર,હા,હા,હા,હા,હા,Pending
Become Adarsh Baps,7069065507,મહુવા / અમદાવાદ,સપરિવાર,હા,હા,હા,હા,હા,Pending
Prakash  Rathod Gyan Sadhna,9429343458,મહુવા / અમદાવાદ,સપરિવાર,હા,હા,હા,હા,હા,Pending
Dr Hitesh Koradiya Bhutpurva,9512008899,મહુવા / અમદાવાદ,સપરિવાર,હા,હા,હા,હા,હા,Pending
Many Bhai Ahir Relve,9913160165,મહુવા / અમદાવાદ,સપરિવાર,હા,હા,હા,હા,હા,Pending
Vipul Chauhan Bhv Federation,9898190634,ભાવનગર,સપરિવાર,હા,હા,હા,હા,હા,Pending
Kartik Bhai Matoshree Foods,9724839600,મહુવા / અમદાવાદ,સપરિવાર,હા,હા,હા,હા,હા,Pending
Birju Pandya Mamlatadar Mhv,8690965155,મહુવા / અમદાવાદ,સપરિવાર,હા,હા,હા,હા,હા,Pending
Hiral Vala Eng sch,8320550330,મહુવા / અમદાવાદ,સપરિવાર,હા,હા,હા,હા,હા,Pending
Kajal Padiya Eng Sch,7990975790,મહુવા / અમદાવાદ,સપરિવાર,હા,હા,હા,હા,હા,Pending
Lakha Bhai Pagi,7600691776,મહુવા / અમદાવાદ,સપરિવાર,હા,હા,હા,હા,હા,Pending
Plot 23 Shrinath Amit  Jethva,9512215343,મહુવા / અમદાવાદ,સપરિવાર,હા,હા,હા,હા,હા,Pending
Gita Ben Vadaviyala,7600075664,મહુવા / અમદાવાદ,સપરિવાર,હા,હા,હા,હા,હા,Pending
Vilas Vijay Bhai Nasit,9825153892,મહુવા / અમદાવાદ,સપરિવાર,હા,હા,હા,હા,હા,Pending
Ramesh Gajipara Bodhariyali,9426128962,મહુવા / અમદાવાદ,સપરિવાર,હા,હા,હા,હા,હા,Pending
Gujrat Samachar Rahul  Chavda,9426115949,મહુવા / અમદાવાદ,સપરિવાર,હા,હા,હા,હા,હા,Pending
Riyazsir Kasmani Mahuva,7048579706,મહુવા,સપરિવાર,હા,હા,હા,હા,હા,Pending
Railway Ticket Booking,9881193322,મહુવા / અમદાવાદ,સપરિવાર,હા,હા,હા,હા,હા,Pending
Railway Food,8750001323,મહુવા / અમદાવાદ,સપરિવાર,હા,હા,હા,હા,હા,Pending
Vijay Sarvaiya Idfc,9510821734,મહુવા / અમદાવાદ,સપરિવાર,હા,હા,હા,હા,હા,Pending
Nitesh Bhai Gauswami Avadh News,9687416900,મહુવા / અમદાવાદ,સપરિવાર,હા,હા,હા,હા,હા,Pending
Laxman Aata Padshala Hemal,9825027717,મહુવા / અમદાવાદ,સપરિવાર,હા,હા,હા,હા,હા,Pending
Arvind Bhai Dhapa Contractor,9106628842,મહુવા / અમદાવાદ,સપરિવાર,હા,હા,હા,હા,હા,Pending
Paras Sweet,7435968676,મહુવા / અમદાવાદ,સપરિવાર,હા,હા,હા,હા,હા,Pending
Dr Pravin Tadha Dentist,9426543204,મહુવા / અમદાવાદ,સપરિવાર,હા,હા,હા,હા,હા,Pending
Idfc First Bank,9555555555,મહુવા / અમદાવાદ,સપરિવાર,હા,હા,હા,હા,હા,Pending
Krishnaben Aum Software Tech Ahmedabad,7935336235,અમદાવાદ,સપરિવાર,હા,હા,હા,હા,હા,Pending
Jigar AUM Info Ahd,7600001219,અમદાવાદ,સપરિવાર,હા,હા,હા,હા,હા,Pending
Shree Nandan Courier Mahuva Shree Nandan Courier Mahuva,8980331251,મહુવા,સપરિવાર,હા,હા,હા,હા,હા,Pending
Hari bhai Apang Vala,6354686524,મહુવા / અમદાવાદ,સપરિવાર,હા,હા,હા,હા,હા,Pending
Vinu BHAI Vekriya,9909472731,મહુવા / અમદાવાદ,સપરિવાર,હા,હા,હા,હા,હા,Pending
Manish Jina Fuva Moli,9879467390,મહુવા / અમદાવાદ,સપરિવાર,હા,હા,હા,હા,હા,Pending
Mahipat Chandu Gordka,6353377844,મહુવા / અમદાવાદ,સપરિવાર,હા,હા,હા,હા,હા,Pending
Pu Govind Swamiji,9427744832,મહુવા / અમદાવાદ,સપરિવાર,હા,હા,હા,હા,હા,Pending
Dhruvil Dobariya (Sumi Ben),7046438098,મહુવા / અમદાવાદ,સપરિવાર,હા,હા,હા,હા,હા,Pending
Hitesh Bhai Ahd (Pallavi Hus),9924782555,અમદાવાદ,સપરિવાર,હા,હા,હા,હા,હા,Pending
Dr Suresh Gediya,9825638198,મહુવા / અમદાવાદ,સપરિવાર,હા,હા,હા,હા,હા,Pending
Dr Dinesh kucha,9998025624,મહુવા / અમદાવાદ,સપરિવાર,હા,હા,હા,હા,હા,Pending
Dr Dinesh kucha,2844227878,મહુવા / અમદાવાદ,સપરિવાર,હા,હા,હા,હા,હા,Pending
Jitendra Lalwani Lal Sai,9824882765,મહુવા / અમદાવાદ,સપરિવાર,હા,હા,હા,હા,હા,Pending
Navbharat Tourism Rajkot,9825804076,રાજકોટ,સપરિવાર,હા,હા,હા,હા,હા,Pending
Pratik Kheni Germany,4915175173198,મહુવા / અમદાવાદ,સપરિવાર,હા,હા,હા,હા,હા,Pending
Laxman bhai Radadiya Chotra,9925451410,મહુવા / અમદાવાદ,સપરિવાર,હા,હા,હા,હા,હા,Pending
Hetal Gujriya Bal.Tea,9313555585,મહુવા / અમદાવાદ,સપરિવાર,હા,હા,હા,હા,હા,Pending
Sagar Pandya Sir Deo Saheb,7990706264,મહુવા / અમદાવાદ,સપરિવાર,હા,હા,હા,હા,હા,Pending
Sagar Pandya Sir Deo Saheb,9925788655,મહુવા / અમદાવાદ,સપરિવાર,હા,હા,હા,હા,હા,Pending
Arun Bhai USA,9998990390,USA,સપરિવાર,હા,હા,હા,હા,હા,Pending
Rupen Bhai Ahd,9825112468,અમદાવાદ,સપરિવાર,હા,હા,હા,હા,હા,Pending
Aanand Swami Jangvad,9510053243,મહુવા / અમદાવાદ,સપરિવાર,હા,હા,હા,હા,હા,Pending
Ankit Ply,9327546104,મહુવા / અમદાવાદ,સપરિવાર,હા,હા,હા,હા,હા,Pending
Dilu Bha Astet Broker,9925660323,મહુવા / અમદાવાદ,સપરિવાર,હા,હા,હા,હા,હા,Pending
Ankit Bhai Botad,9428417602,બોટાદ,સપરિવાર,હા,હા,હા,હા,હા,Pending
Dixit Barot Bhv,8530321391,ભાવનગર,સપરિવાર,હા,હા,હા,હા,હા,Pending
Magan Bhai Pagi,9979602653,મહુવા / અમદાવાદ,સપરિવાર,હા,હા,હા,હા,હા,Pending
Bhumi Travels Surat,9377933636,સુરત,સપરિવાર,હા,હા,હા,હા,હા,Pending
P T Tea Chetan Vadher,9510517062,મહુવા / અમદાવાદ,સપરિવાર,હા,હા,હા,હા,હા,Pending
Dhairyamurtidas Sadhu BAPS,9998993135,મહુવા / અમદાવાદ,સપરિવાર,હા,હા,હા,હા,હા,Pending
Bhaliya Tulsi Tea,8320649191,મહુવા / અમદાવાદ,સપરિવાર,હા,હા,હા,હા,હા,Pending
Swaminarayan Mandir MAHUVA,9714943745,મહુવા,સપરિવાર,હા,હા,હા,હા,હા,Pending
Gayatri Hend Loom Mahuva Babubhai,9427280038,મહુવા,સપરિવાર,હા,હા,હા,હા,હા,Pending
G E B Folt Inquiry,9925216905,મહુવા / અમદાવાદ,સપરિવાર,હા,હા,હા,હા,હા,Pending
G E B Folt Inquiry,9925116905,મહુવા / અમદાવાદ,સપરિવાર,હા,હા,હા,હા,હા,Pending
Hasmukh bhai Patel Pritesh,9879407463,મહુવા / અમદાવાદ,સપરિવાર,હા,હા,હા,હા,હા,Pending
Post Dudhrejiya Saheb,9601061766,મહુવા / અમદાવાદ,સપરિવાર,હા,હા,હા,હા,હા,Pending
Mital Bharat Kaka,8401714071,મહુવા / અમદાવાદ,સપરિવાર,હા,હા,હા,હા,હા,Pending
Harsh Sheth Asopalav,9601763890,મહુવા / અમદાવાદ,સપરિવાર,હા,હા,હા,હા,હા,Pending
Hemal Vyas,8320265877,મહુવા / અમદાવાદ,સપરિવાર,હા,હા,હા,હા,હા,Pending
Dhirajlal Bavadiya,9428992699,મહુવા / અમદાવાદ,સપરિવાર,હા,હા,હા,હા,હા,Pending
Dipak Bhai Butani Kumbhan,9328356404,મહુવા / અમદાવાદ,સપરિવાર,હા,હા,હા,હા,હા,Pending
Haricharan Swami Sardhar,9099991744,મહુવા / અમદાવાદ,સપરિવાર,હા,હા,હા,હા,હા,Pending
Van Vihar Resort,9723650007,મહુવા / અમદાવાદ,સપરિવાર,હા,હા,હા,હા,હા,Pending
vibhuti Jikiyali,7202850507,મહુવા / અમદાવાદ,સપરિવાર,હા,હા,હા,હા,હા,Pending
Krishna Rajesh U S A,16782002746,મહુવા / અમદાવાદ,સપરિવાર,હા,હા,હા,હા,હા,Pending
Ramesh Bhai Rector Mate,9978846665,મહુવા / અમદાવાદ,સપરિવાર,હા,હા,હા,હા,હા,Pending
Gunnidhan dasji Swami Sardhar,9099085707,મહુવા / અમદાવાદ,સપરિવાર,હા,હા,હા,હા,હા,Pending
Hari Krushna Swami Sardhar,9099999646,મહુવા / અમદાવાદ,સપરિવાર,હા,હા,હા,હા,હા,Pending
Shailesh Dudharejiya,9408522549,મહુવા / અમદાવાદ,સપરિવાર,હા,હા,હા,હા,હા,Pending
Parekh College Engineering,9909990283,મહુવા / અમદાવાદ,સપરિવાર,હા,હા,હા,હા,હા,Pending
Teja Bhalriya Aksharvilla,9924254209,મહુવા / અમદાવાદ,સપરિવાર,હા,હા,હા,હા,હા,Pending
Draiver Ghanshyam Bhai,8140311507,મહુવા / અમદાવાદ,સપરિવાર,હા,હા,હા,હા,હા,Pending
Gnanprakashdas Swami Gandhinagar,9428049416,મહુવા / અમદાવાદ,સપરિવાર,હા,હા,હા,હા,હા,Pending
Bhalriya,9726887795,મહુવા / અમદાવાદ,સપરિવાર,હા,હા,હા,હા,હા,Pending
Harsh Sakriya,9106306601,મહુવા / અમદાવાદ,સપરિવાર,હા,હા,હા,હા,હા,Pending
Bhakti Swami SGVP,9825064001,મહુવા / અમદાવાદ,સપરિવાર,હા,હા,હા,હા,હા,Pending
Haresh Kumar Babu Kaka Ahd Jamai,9428342452,અમદાવાદ,સપરિવાર,હા,હા,હા,હા,હા,Pending
Haresh Bhai Nimisha Ben,9979571911,મહુવા / અમદાવાદ,સપરિવાર,હા,હા,હા,હા,હા,Pending
Muni Swami Sgvp,9825130763,મહુવા / અમદાવાદ,સપરિવાર,હા,હા,હા,હા,હા,Pending
Brahmprakash Swami - Vadtaldham,9328767782,મહુવા / અમદાવાદ,સપરિવાર,હા,હા,હા,હા,હા,Pending
Priyang Bhai Patel Vadtal,9099097805,મહુવા / અમદાવાદ,સપરિવાર,હા,હા,હા,હા,હા,Pending
Bhavesh Bhagat Sardhar,7383423153,મહુવા / અમદાવાદ,સપરિવાર,હા,હા,હા,હા,હા,Pending
Riddhi Travels Mahuva,9925643030,મહુવા,સપરિવાર,હા,હા,હા,હા,હા,Pending
Sanket Shiroya Patel Betary,9727332431,મહુવા / અમદાવાદ,સપરિવાર,હા,હા,હા,હા,હા,Pending
Arvind Bhai Savliya Surat,9825075114,સુરત,સપરિવાર,હા,હા,હા,હા,હા,Pending
Rita ben Sandip Ahd Bhai,7600412727,અમદાવાદ,સપરિવાર,હા,હા,હા,હા,હા,Pending
Brijesh Gajera Fire Bhv,9537936619,ભાવનગર,સપરિવાર,હા,હા,હા,હા,હા,Pending
Jivanbhai Gujariya Nagar Palika,7359215624,મહુવા / અમદાવાદ,સપરિવાર,હા,હા,હા,હા,હા,Pending
Yogita Denmark,4549990997,મહુવા / અમદાવાદ,સપરિવાર,હા,હા,હા,હા,હા,Pending
Nishan Denmark,4591979563,મહુવા / અમદાવાદ,સપરિવાર,હા,હા,હા,હા,હા,Pending
Dr Kinal orchid cosmetic clinic,8928628257,મહુવા / અમદાવાદ,સપરિવાર,હા,હા,હા,હા,હા,Pending
Kaushik Nakum Jina Astet,9978434422,મહુવા / અમદાવાદ,સપરિવાર,હા,હા,હા,હા,હા,Pending
0,9484414909,મહુવા / અમદાવાદ,સપરિવાર,હા,હા,હા,હા,હા,Pending
Ramesh  Bhai Nagpur,8087773527,મહુવા / અમદાવાદ,સપરિવાર,હા,હા,હા,હા,હા,Pending
Hiren Rathod Eto Mate,9723889847,મહુવા / અમદાવાદ,સપરિવાર,હા,હા,હા,હા,હા,Pending
0,9726212121,મહુવા / અમદાવાદ,સપરિવાર,હા,હા,હા,હા,હા,Pending
Lok Vignan Kendra Bhv,8866570111,ભાવનગર,સપરિવાર,હા,હા,હા,હા,હા,Pending
Akshar Swami Gandhinagar,9023233308,મહુવા / અમદાવાદ,સપરિવાર,હા,હા,હા,હા,હા,Pending
Dharmesh Patel Gurukul Gandhinagar,9825879444,મહુવા / અમદાવાદ,સપરિવાર,હા,હા,હા,હા,હા,Pending
Brijesh Bavadiya,9537156243,મહુવા / અમદાવાદ,સપરિવાર,હા,હા,હા,હા,હા,Pending
0,9979361336,મહુવા / અમદાવાદ,સપરિવાર,હા,હા,હા,હા,હા,Pending
Ram Krushna Daya Ben Dudhat Trakuda,9023499720,મહુવા / અમદાવાદ,સપરિવાર,હા,હા,હા,હા,હા,Pending
P F Office Vatva,7925465280,મહુવા / અમદાવાદ,સપરિવાર,હા,હા,હા,હા,હા,Pending
P F Office - Ahmedabad,7927542251,અમદાવાદ,સપરિવાર,હા,હા,હા,હા,હા,Pending
Dishant Bhatt,9429510432,મહુવા / અમદાવાદ,સપરિવાર,હા,હા,હા,હા,હા,Pending
Mit Vyas Nilesh Bhai,9898978466,મહુવા / અમદાવાદ,સપરિવાર,હા,હા,હા,હા,હા,Pending
Pf Office Ahmedabad,7927540257,અમદાવાદ,સપરિવાર,હા,હા,હા,હા,હા,Pending
P F Office Naroda,7922800534,મહુવા / અમદાવાદ,સપરિવાર,હા,હા,હા,હા,હા,Pending
Ketan Balu Kaka Ahd,9313534870,અમદાવાદ,સપરિવાર,હા,હા,હા,હા,હા,Pending
Haresh Bhai Dukan Vala,6355356067,મહુવા / અમદાવાદ,સપરિવાર,હા,હા,હા,હા,હા,Pending
Jignaben Thathagar,7861078476,મહુવા / અમદાવાદ,સપરિવાર,હા,હા,હા,હા,હા,Pending
Jignaben Thathagar,9924439708,મહુવા / અમદાવાદ,સપરિવાર,હા,હા,હા,હા,હા,Pending
Ankit Vekriya,9979299483,મહુવા / અમદાવાદ,સપરિવાર,હા,હા,હા,હા,હા,Pending
K B Shah Gwil Gandhinagar,9978982517,મહુવા / અમદાવાદ,સપરિવાર,હા,હા,હા,હા,હા,Pending
Chirag Finviya Surat,9974566635,સુરત,સપરિવાર,હા,હા,હા,હા,હા,Pending
Shital Pravin BHAI Jiyani,8866862432,મહુવા / અમદાવાદ,સપરિવાર,હા,હા,હા,હા,હા,Pending
Suresh Kathiriya Surat,9427755864,સુરત,સપરિવાર,હા,હા,હા,હા,હા,Pending
Hk  Utvala,7405313153,મહુવા / અમદાવાદ,સપરિવાર,હા,હા,હા,હા,હા,Pending
Dinkar Abasana Gandhinagar,9427520339,મહુવા / અમદાવાદ,સપરિવાર,હા,હા,હા,હા,હા,Pending
Dinkar Abasana Gandhinagar,8799022526,મહુવા / અમદાવાદ,સપરિવાર,હા,હા,હા,હા,હા,Pending
Vinu Bhai Shri Ram,9824226385,મહુવા / અમદાવાદ,સપરિવાર,હા,હા,હા,હા,હા,Pending
Vinu Bhai Savliya Badhdha,9825669991,મહુવા / અમદાવાદ,સપરિવાર,હા,હા,હા,હા,હા,Pending
Shreya Di,6351487934,મહુવા / અમદાવાદ,સપરિવાર,હા,હા,હા,હા,હા,Pending
Sheldiya Hitesh BHAI,9427010318,મહુવા / અમદાવાદ,સપરિવાર,હા,હા,હા,હા,હા,Pending
Vishal Sir Vaniya Belur Vidyalaya,7567207290,મહુવા / અમદાવાદ,સપરિવાર,હા,હા,હા,હા,હા,Pending
Dr Rajvi Limbachiya,9924321131,મહુવા / અમદાવાદ,સપરિવાર,હા,હા,હા,હા,હા,Pending
Tribhovan mama,9409120963,મહુવા / અમદાવાદ,સપરિવાર,હા,હા,હા,હા,હા,Pending
Tribhovan mama,9624882250,મહુવા / અમદાવાદ,સપરિવાર,હા,હા,હા,હા,હા,Pending
Gajera Chintak Pravin Bhai,9377435374,મહુવા / અમદાવાદ,સપરિવાર,હા,હા,હા,હા,હા,Pending
Bhavesh Dhaduk Surat,9898698103,સુરત,સપરિવાર,હા,હા,હા,હા,હા,Pending
Chandresh Dada Ghor Ratol,7016539029,મહુવા / અમદાવાદ,સપરિવાર,હા,હા,હા,હા,હા,Pending
Shelaja Dave,7041788772,મહુવા / અમદાવાદ,સપરિવાર,હા,હા,હા,હા,હા,Pending
Shelaja Dave,7698581215,મહુવા / અમદાવાદ,સપરિવાર,હા,હા,હા,હા,હા,Pending
Gu Edu Idfc,10169950207,મહુવા / અમદાવાદ,સપરિવાર,હા,હા,હા,હા,હા,Pending
Gu Edu Idfc,10193935438,મહુવા / અમદાવાદ,સપરિવાર,હા,હા,હા,હા,હા,Pending
Keshu Bhai Light fitig Taveda,9099688664,મહુવા / અમદાવાદ,સપરિવાર,હા,હા,હા,હા,હા,Pending
Keshu Bhai Light fitig Taveda,8849080180,મહુવા / અમદાવાદ,સપરિવાર,હા,હા,હા,હા,હા,Pending
Dhiru Kaka Dadhiya Surat,7285884137,સુરત,સપરિવાર,હા,હા,હા,હા,હા,Pending
Hdfc Life Insurance Customer Care,2268446530,મહુવા / અમદાવાદ,સપરિવાર,હા,હા,હા,હા,હા,Pending
Bhupat bhai Sri ram,8153898132,મહુવા / અમદાવાદ,સપરિવાર,હા,હા,હા,હા,હા,Pending
Narsinh Ahir,8758701757,મહુવા / અમદાવાદ,સપરિવાર,હા,હા,હા,હા,હા,Pending
Force Bus Leva Mate,9879498409,મહુવા / અમદાવાદ,સપરિવાર,હા,હા,હા,હા,હા,Pending
Bhavesh Kavad O D Mart,7990771578,મહુવા / અમદાવાદ,સપરિવાર,હા,હા,હા,હા,હા,Pending
Dr. Dinesh Kalsariya Board,9601257359,મહુવા / અમદાવાદ,સપરિવાર,હા,હા,હા,હા,હા,Pending
Naju Bhai D Khuman,8200115843,મહુવા / અમદાવાદ,સપરિવાર,હા,હા,હા,હા,હા,Pending
Naju Bhai D Khuman,9879218099,મહુવા / અમદાવાદ,સપરિવાર,હા,હા,હા,હા,હા,Pending
English Baraiya Akash,9428652443,મહુવા / અમદાવાદ,સપરિવાર,હા,હા,હા,હા,હા,Pending
Kamal Hirani Patel Mandap Mahuva,7624021047,મહુવા,સપરિવાર,હા,હા,હા,હા,હા,Pending
Kamal Hirani Patel Mandap Mahuva,9898077347,મહુવા,સપરિવાર,હા,હા,હા,હા,હા,Pending
Samir Bhai Bateta,9773050696,મહુવા / અમદાવાદ,સપરિવાર,હા,હા,હા,હા,હા,Pending
Hitesh Hingu Kg Dress,8780686618,મહુવા / અમદાવાદ,સપરિવાર,હા,હા,હા,હા,હા,Pending
Vyas Bhai Vanda,9662764848,મહુવા / અમદાવાદ,સપરિવાર,હા,હા,હા,હા,હા,Pending
Nilesh Pithava IDFC,9265060082,મહુવા / અમદાવાદ,સપરિવાર,હા,હા,હા,હા,હા,Pending
Mitul Katariya Reliace Resa,9601292806,મહુવા / અમદાવાદ,સપરિવાર,હા,હા,હા,હા,હા,Pending
Karan Nana Bhai Lakhnotra,6355377624,મહુવા / અમદાવાદ,સપરિવાર,હા,હા,હા,હા,હા,Pending
Karan Nana Bhai Lakhnotra,6353354159,મહુવા / અમદાવાદ,સપરિવાર,હા,હા,હા,હા,હા,Pending
Joyshree lekha Vijay Joshi,9825772579,મહુવા / અમદાવાદ,સપરિવાર,હા,હા,હા,હા,હા,Pending
Mahendrabhai Acharya,7621047109,મહુવા / અમદાવાદ,સપરિવાર,હા,હા,હા,હા,હા,Pending
Kishor Bhai Malan tire,9428191912,મહુવા / અમદાવાદ,સપરિવાર,હા,હા,હા,હા,હા,Pending
Hitesh Gaushala,7434877789,મહુવા / અમદાવાદ,સપરિવાર,હા,હા,હા,હા,હા,Pending
EI Dodiya Sir Deo,7203882511,મહુવા / અમદાવાદ,સપરિવાર,હા,હા,હા,હા,હા,Pending
Vilas Ben Vanda,9016893271,મહુવા / અમદાવાદ,સપરિવાર,હા,હા,હા,હા,હા,Pending
College Mem Pri,8238920211,મહુવા / અમદાવાદ,સપરિવાર,હા,હા,હા,હા,હા,Pending
Kavad Preeti,7265922323,મહુવા / અમદાવાદ,સપરિવાર,હા,હા,હા,હા,હા,Pending
Jay Janani Sch,9727174950,મહુવા / અમદાવાદ,સપરિવાર,હા,હા,હા,હા,હા,Pending
Asharaf Chauhan Hdfc,7069929492,મહુવા / અમદાવાદ,સપરિવાર,હા,હા,હા,હા,હા,Pending
Himat Bhai Gajera,9499607291,મહુવા / અમદાવાદ,સપરિવાર,હા,હા,હા,હા,હા,Pending
D K. patel (Nilesh Bhai Kaka),9662362806,મહુવા / અમદાવાદ,સપરિવાર,હા,હા,હા,હા,હા,Pending
Nilkanth Sgvp,7874219032,મહુવા / અમદાવાદ,સપરિવાર,હા,હા,હા,હા,હા,Pending
Dhiru Bhai Seta Astet broker,2844226209,મહુવા / અમદાવાદ,સપરિવાર,હા,હા,હા,હા,હા,Pending
Dhiru Bhai Seta Astet broker,2844223995,મહુવા / અમદાવાદ,સપરિવાર,હા,હા,હા,હા,હા,Pending
Dhiru Bhai Seta Astet broker,9825746245,મહુવા / અમદાવાદ,સપરિવાર,હા,હા,હા,હા,હા,Pending
Chif Officer Mhv,7984238730,મહુવા / અમદાવાદ,સપરિવાર,હા,હા,હા,હા,હા,Pending
Krishna Soing Arvind,9879532956,મહુવા / અમદાવાદ,સપરિવાર,હા,હા,હા,હા,હા,Pending
Mori Sir,9879667325,મહુવા / અમદાવાદ,સપરિવાર,હા,હા,હા,હા,હા,Pending
Jatin Bhai Parekh College N N Mehta,7984657435,મહુવા / અમદાવાદ,સપરિવાર,હા,હા,હા,હા,હા,Pending
Khodifad  Yatri Lala Bhai,9909470904,મહુવા / અમદાવાદ,સપરિવાર,હા,હા,હા,હા,હા,Pending
Hitesh Bhatt,9409767676,મહુવા / અમદાવાદ,સપરિવાર,હા,હા,હા,હા,હા,Pending
Hitesh Bhatt,9824802603,મહુવા / અમદાવાદ,સપરિવાર,હા,હા,હા,હા,હા,Pending
Rimpal Parmar Clark,9898195078,મહુવા / અમદાવાદ,સપરિવાર,હા,હા,હા,હા,હા,Pending
Mahesh Bhai Kalela Prath Shala,9624076450,મહુવા / અમદાવાદ,સપરિવાર,હા,હા,હા,હા,હા,Pending
Sch Mital Bhai Tabeda,6351444564,મહુવા / અમદાવાદ,સપરિવાર,હા,હા,હા,હા,હા,Pending
Sch Rajni Bhai Dudheri,8200048172,મહુવા / અમદાવાદ,સપરિવાર,હા,હા,હા,હા,હા,Pending
Mitesh Bhai Rathod (Gaurang Bhai),9737138585,મહુવા / અમદાવાદ,સપરિવાર,હા,હા,હા,હા,હા,Pending
Mansi padiya Eng,9825864453,મહુવા / અમદાવાદ,સપરિવાર,હા,હા,હા,હા,હા,Pending
Jitu Bhai Vala Phy,7698221880,મહુવા / અમદાવાદ,સપરિવાર,હા,હા,હા,હા,હા,Pending
Jitu Bhai Vala Phy,7698127549,મહુવા / અમદાવાદ,સપરિવાર,હા,હા,હા,હા,હા,Pending
Jitu Bhai Vala Phy,9687875879,મહુવા / અમદાવાદ,સપરિવાર,હા,હા,હા,હા,હા,Pending
Chandra Ben Parmar,6352917200,મહુવા / અમદાવાદ,સપરિવાર,હા,હા,હા,હા,હા,Pending
0,9825209363,મહુવા / અમદાવાદ,સપરિવાર,હા,હા,હા,હા,હા,Pending
Raviraj Gorjiya Botad,7984117981,બોટાદ,સપરિવાર,હા,હા,હા,હા,હા,Pending
Raju  bhai jadeja,9879552034,મહુવા / અમદાવાદ,સપરિવાર,હા,હા,હા,હા,હા,Pending
Dipti Upadhyay Bhv,6354792384,ભાવનગર,સપરિવાર,હા,હા,હા,હા,હા,Pending
Innova Bhada Mate Salim BHAI,9725950642,મહુવા / અમદાવાદ,સપરિવાર,હા,હા,હા,હા,હા,Pending
Jenti Bhai Unagar Jadra,9825280047,મહુવા / અમદાવાદ,સપરિવાર,હા,હા,હા,હા,હા,Pending
Jitu Bhai Gajipara,8000598318,મહુવા / અમદાવાદ,સપરિવાર,હા,હા,હા,હા,હા,Pending
Dev Swami Khambha,9428621880,મહુવા / અમદાવાદ,સપરિવાર,હા,હા,હા,હા,હા,Pending
Bhavna Ben Hendicap,9427233320,મહુવા / અમદાવાદ,સપરિવાર,હા,હા,હા,હા,હા,Pending
Vishal Dhobi,8866353577,મહુવા / અમદાવાદ,સપરિવાર,હા,હા,હા,હા,હા,Pending
Dr Mahimn Pandya (CS) PhD,9426919378,મહુવા / અમદાવાદ,સપરિવાર,હા,હા,હા,હા,હા,Pending
Dave Sir Nagrik Benk,9723640040,મહુવા / અમદાવાદ,સપરિવાર,હા,હા,હા,હા,હા,Pending
Vismay Bhai Luhar,9316178346,મહુવા / અમદાવાદ,સપરિવાર,હા,હા,હા,હા,હા,Pending
Mehul Gyan Manjari Bhv,9978914403,ભાવનગર,સપરિવાર,હા,હા,હા,હા,હા,Pending
L I C Vitthal Maru,9824401953,મહુવા / અમદાવાદ,સપરિવાર,હા,હા,હા,હા,હા,Pending
Raju bhai Joshi SBI,8160850343,મહુવા / અમદાવાદ,સપરિવાર,હા,હા,હા,હા,હા,Pending
Raju bhai Joshi SBI,9724251657,મહુવા / અમદાવાદ,સપરિવાર,હા,હા,હા,હા,હા,Pending
Parfect Auto Parth Rjt,8511147515,રાજકોટ,સપરિવાર,હા,હા,હા,હા,હા,Pending
Parfect Auto Parth Rjt,9033480436,રાજકોટ,સપરિવાર,હા,હા,હા,હા,હા,Pending
Chirag kapopara,9016527396,મહુવા / અમદાવાદ,સપરિવાર,હા,હા,હા,હા,હા,Pending
Jalpesh Kapdiya,7567246769,મહુવા / અમદાવાદ,સપરિવાર,હા,હા,હા,હા,હા,Pending
Jay Zalavadiya Canada,9825833987,મહુવા / અમદાવાદ,સપરિવાર,હા,હા,હા,હા,હા,Pending
Jay Zalavadiya Canada,15199943987,મહુવા / અમદાવાદ,સપરિવાર,હા,હા,હા,હા,હા,Pending
Nanu Bhagat Devliya,9714024589,મહુવા / અમદાવાદ,સપરિવાર,હા,હા,હા,હા,હા,Pending
Jafri School Afajal Bhai,9924739703,મહુવા / અમદાવાદ,સપરિવાર,હા,હા,હા,હા,હા,Pending
Suraj L Kumbhani,9913004006,મહુવા / અમદાવાદ,સપરિવાર,હા,હા,હા,હા,હા,Pending
J J Mart Jigar Book,9023268337,મહુવા / અમદાવાદ,સપરિવાર,હા,હા,હા,હા,હા,Pending
Amaru  Kobad,9427137804,મહુવા / અમદાવાદ,સપરિવાર,હા,હા,હા,હા,હા,Pending
Haidar Haidar bhai,9825006122,મહુવા / અમદાવાદ,સપરિવાર,હા,હા,હા,હા,હા,Pending
Haidar Haidar bhai,7874440802,મહુવા / અમદાવાદ,સપરિવાર,હા,હા,હા,હા,હા,Pending
Dev Gondaliya Fire,9023905624,મહુવા / અમદાવાદ,સપરિવાર,હા,હા,હા,હા,હા,Pending
Uma Glass,9825298198,મહુવા / અમદાવાદ,સપરિવાર,હા,હા,હા,હા,હા,Pending
Funword Rajkot,9662512859,રાજકોટ,સપરિવાર,હા,હા,હા,હા,હા,Pending
Dilipsih bhai geb,9099032918,મહુવા / અમદાવાદ,સપરિવાર,હા,હા,હા,હા,હા,Pending
Parag Bhai Junagath,6354456575,મહુવા / અમદાવાદ,સપરિવાર,હા,હા,હા,હા,હા,Pending
Sadbhavna Hos,2844225363,મહુવા / અમદાવાદ,સપરિવાર,હા,હા,હા,હા,હા,Pending
Ashish Title Display Board,8160552904,મહુવા / અમદાવાદ,સપરિવાર,હા,હા,હા,હા,હા,Pending
P. F Office Bhavnagar,2782439749,ભાવનગર,સપરિવાર,હા,હા,હા,હા,હા,Pending
Mukesh Rixa Dundas,7600767257,મહુવા / અમદાવાદ,સપરિવાર,હા,હા,હા,હા,હા,Pending
Ideal Nirav Softwer,8238017936,મહુવા / અમદાવાદ,સપરિવાર,હા,હા,હા,હા,હા,Pending
Vidya Manjari Hostel,8780221992,મહુવા / અમદાવાદ,સપરિવાર,હા,હા,હા,હા,હા,Pending
Adam Bhai Morbi,9824119332,મોરબી,સપરિવાર,હા,હા,હા,હા,હા,Pending
Nail Book Rajasthan,8619675442,મહુવા / અમદાવાદ,સપરિવાર,હા,હા,હા,હા,હા,Pending
Morbi Riyaj Truc,7600303845,મોરબી,સપરિવાર,હા,હા,હા,હા,હા,Pending
Vinay Amrut Treding,9427181867,મહુવા / અમદાવાદ,સપરિવાર,હા,હા,હા,હા,હા,Pending
Bhupat Mangroliya Surat,9374611606,સુરત,સપરિવાર,હા,હા,હા,હા,હા,Pending
Shailesh Bhatt D E O Office,7016691382,મહુવા / અમદાવાદ,સપરિવાર,હા,હા,હા,હા,હા,Pending
Vim Ben Karmdiya,9723372508,મહુવા / અમદાવાદ,સપરિવાર,હા,હા,હા,હા,હા,Pending
Poicha Dharamasih Bhagat,8128751926,મહુવા / અમદાવાદ,સપરિવાર,હા,હા,હા,હા,હા,Pending
Takhubhai Sandsura Gariyadhar,7984777767,મહુવા / અમદાવાદ,સપરિવાર,હા,હા,હા,હા,હા,Pending
Imperia Visita Ahd,8141229494,અમદાવાદ,સપરિવાર,હા,હા,હા,હા,હા,Pending
Krishna Water Park Water Park,2812784300,મહુવા / અમદાવાદ,સપરિવાર,હા,હા,હા,હા,હા,Pending
Kiran Kapopara,9909454340,મહુવા / અમદાવાદ,સપરિવાર,હા,હા,હા,હા,હા,Pending
Kiran Kapopara,8401169911,મહુવા / અમદાવાદ,સપરિવાર,હા,હા,હા,હા,હા,Pending
Dipu Bharat Surat,9726471553,સુરત,સપરિવાર,હા,હા,હા,હા,હા,Pending
K D K Gohil Gha. Nagar,8460018920,મહુવા / અમદાવાદ,સપરિવાર,હા,હા,હા,હા,હા,Pending
Science Nagari Bhv,2782209220,ભાવનગર,સપરિવાર,હા,હા,હા,હા,હા,Pending
Svach Bharat Abhyan,8160581096,મહુવા / અમદાવાદ,સપરિવાર,હા,હા,હા,હા,હા,Pending
Dinesh Mistri  Watch,8320426157,મહુવા / અમદાવાદ,સપરિવાર,હા,હા,હા,હા,હા,Pending
Pravinbhai J K Stil,8511143771,મહુવા / અમદાવાદ,સપરિવાર,હા,હા,હા,હા,હા,Pending
Pravinbhai J K Stil,9428181512,મહુવા / અમદાવાદ,સપરિવાર,હા,હા,હા,હા,હા,Pending
Tur mate mahesh barot,9824770494,મહુવા / અમદાવાદ,સપરિવાર,હા,હા,હા,હા,હા,Pending
Tur mate mahesh barot,9408401378,મહુવા / અમદાવાદ,સપરિવાર,હા,હા,હા,હા,હા,Pending
Aksharwadi Bhv,9998994001,ભાવનગર,સપરિવાર,હા,હા,હા,હા,હા,Pending
Holy Femily School,2844222412,મહુવા / અમદાવાદ,સપરિવાર,હા,હા,હા,હા,હા,Pending
Mahesh Gulab,8758798188,મહુવા / અમદાવાદ,સપરિવાર,હા,હા,હા,હા,હા,Pending
Bhambhor M N,9428495317,મહુવા / અમદાવાદ,સપરિવાર,હા,હા,હા,હા,હા,Pending
Dhirubhai Tadha Agro,9824882788,મહુવા / અમદાવાદ,સપરિવાર,હા,હા,હા,હા,હા,Pending
Vikas Vartul Bhv,2782522500,ભાવનગર,સપરિવાર,હા,હા,હા,હા,હા,Pending
Vikas Vartul Bhv,9428854500,ભાવનગર,સપરિવાર,હા,હા,હા,હા,હા,Pending
Purohit Saheb Gyn,8780565606,મહુવા / અમદાવાદ,સપરિવાર,હા,હા,હા,હા,હા,Pending
Dr Mohamd Taki Sundrani,9429974035,મહુવા / અમદાવાદ,સપરિવાર,હા,હા,હા,હા,હા,Pending
Jina bhai Astet Broker,9979448833,મહુવા / અમદાવાદ,સપરિવાર,હા,હા,હા,હા,હા,Pending
Poonam Mahida bhai,9924773358,મહુવા / અમદાવાદ,સપરિવાર,હા,હા,હા,હા,હા,Pending
Uttamjivandas Swami Baps,9998994186,મહુવા / અમદાવાદ,સપરિવાર,હા,હા,હા,હા,હા,Pending
Dinesh Bhalala,7990358932,મહુવા / અમદાવાદ,સપરિવાર,હા,હા,હા,હા,હા,Pending
Bimal Bhai Architect Ahd,9824016097,અમદાવાદ,સપરિવાર,હા,હા,હા,હા,હા,Pending
Bimal Bhai Architect Ahd,7927492027,અમદાવાદ,સપરિવાર,હા,હા,હા,હા,હા,Pending
Bimal Bhai Architect Ahd,7927492028,અમદાવાદ,સપરિવાર,હા,હા,હા,હા,હા,Pending
Kumbhani Nilam Teacher,8155833828,મહુવા / અમદાવાદ,સપરિવાર,હા,હા,હા,હા,હા,Pending
Kumbhani Nilam Teacher,9033626000,મહુવા / અમદાવાદ,સપરિવાર,હા,હા,હા,હા,હા,Pending
Swami  Harivalabh Kaka,9727766582,મહુવા / અમદાવાદ,સપરિવાર,હા,હા,હા,હા,હા,Pending
Hetu Vekriya,9409319321,મહુવા / અમદાવાદ,સપરિવાર,હા,હા,હા,હા,હા,Pending
Amit English,9033294394,મહુવા / અમદાવાદ,સપરિવાર,હા,હા,હા,હા,હા,Pending
Dungarshi Mama Surat,9428798268,સુરત,સપરિવાર,હા,હા,હા,હા,હા,Pending
Draivar Raju v,9924773050,મહુવા / અમદાવાદ,સપરિવાર,હા,હા,હા,હા,હા,Pending
Tours Chintan Bhai,9725219913,મહુવા / અમદાવાદ,સપરિવાર,હા,હા,હા,હા,હા,Pending
Bhola Bhai Viswas Trector,9558623434,મહુવા / અમદાવાદ,સપરિવાર,હા,હા,હા,હા,હા,Pending
Jivan Jyot Belampar,2844285128,મહુવા / અમદાવાદ,સપરિવાર,હા,હા,હા,હા,હા,Pending
Nirav Rto Bhv,7226043373,ભાવનગર,સપરિવાર,હા,હા,હા,હા,હા,Pending
Suresh Conductor,8980205176,મહુવા / અમદાવાદ,સપરિવાર,હા,હા,હા,હા,હા,Pending
Gaurang Morbi Varmora,9687696941,મોરબી,સપરિવાર,હા,હા,હા,હા,હા,Pending
Rasoya Raju Maharaj  Bhuj,9974939864,મહુવા / અમદાવાદ,સપરિવાર,હા,હા,હા,હા,હા,Pending
Shanti Swami Nesvad,9426923174,મહુવા / અમદાવાદ,સપરિવાર,હા,હા,હા,હા,હા,Pending
Shanti Swami Nesvad,8200350767,મહુવા / અમદાવાદ,સપરિવાર,હા,હા,હા,હા,હા,Pending
Eternal Bvn Agm,9227893005,મહુવા / અમદાવાદ,સપરિવાર,હા,હા,હા,હા,હા,Pending
Bhavesh Gajipara Svk,8347122413,મહુવા / અમદાવાદ,સપરિવાર,હા,હા,હા,હા,હા,Pending
Patel  Sir Home,8758797897,મહુવા / અમદાવાદ,સપરિવાર,હા,હા,હા,હા,હા,Pending
Vinamra muni Swami BAPS,9998994445,મહુવા / અમદાવાદ,સપરિવાર,હા,હા,હા,હા,હા,Pending
Mukesh Junagath Gurukul,9727773381,મહુવા / અમદાવાદ,સપરિવાર,હા,હા,હા,હા,હા,Pending
Vimal Swarup Swami  BAPS  Bhv,9998993950,ભાવનગર,સપરિવાર,હા,હા,હા,હા,હા,Pending
Mansi Busa Mammy,6351026060,મહુવા / અમદાવાદ,સપરિવાર,હા,હા,હા,હા,હા,Pending
Manoj Bhalala Surat Taveda,9909031830,સુરત,સપરિવાર,હા,હા,હા,હા,હા,Pending
Harihar Mehta Chess,7990942150,મહુવા / અમદાવાદ,સપરિવાર,હા,હા,હા,હા,હા,Pending
J M Bilakhiya Vanda,9428618999,મહુવા / અમદાવાદ,સપરિવાર,હા,હા,હા,હા,હા,Pending
"Mansukh Dabasia,Seychelles",9925239682,મહુવા / અમદાવાદ,સપરિવાર,હા,હા,હા,હા,હા,Pending
"Mansukh Dabasia,Seychelles",2832235057,મહુવા / અમદાવાદ,સપરિવાર,હા,હા,હા,હા,હા,Pending
"Mansukh Dabasia,Seychelles",7929703155,મહુવા / અમદાવાદ,સપરિવાર,હા,હા,હા,હા,હા,Pending
Dilip Trivedi No. 5,7990713088,મહુવા / અમદાવાદ,સપરિવાર,હા,હા,હા,હા,હા,Pending
Shiv Sagar Darmeshbhai,9925147655,મહુવા / અમદાવાદ,સપરિવાર,હા,હા,હા,હા,હા,Pending
Gurukul Office,7285024024,મહુવા / અમદાવાદ,સપરિવાર,હા,હા,હા,હા,હા,Pending
Gurukul Office,8460424024,મહુવા / અમદાવાદ,સપરિવાર,હા,હા,હા,હા,હા,Pending
Vijay Katariya Pepar Mate,9979134030,મહુવા / અમદાવાદ,સપરિવાર,હા,હા,હા,હા,હા,Pending
Sant Swami -vadtal,9925207502,મહુવા / અમદાવાદ,સપરિવાર,હા,હા,હા,હા,હા,Pending
Himat Bhai Pragati Ste,9510046318,મહુવા / અમદાવાદ,સપરિવાર,હા,હા,હા,હા,હા,Pending
Mayur Tuition Vala,7698547388,મહુવા / અમદાવાદ,સપરિવાર,હા,હા,હા,હા,હા,Pending
Swami Mandir Mahuva,6352804227,મહુવા,સપરિવાર,હા,હા,હા,હા,હા,Pending
Dipak Patani Tared,8780870592,મહુવા / અમદાવાદ,સપરિવાર,હા,હા,હા,હા,હા,Pending
Gagaji Kaka,9825435801,મહુવા / અમદાવાદ,સપરિવાર,હા,હા,હા,હા,હા,Pending
Bhakti Swami Nahiyer,9427101948,મહુવા / અમદાવાદ,સપરિવાર,હા,હા,હા,હા,હા,Pending
Botad Gurukul,2849290617,બોટાદ,સપરિવાર,હા,હા,હા,હા,હા,Pending
Manu Zad Kapva,9624684559,મહુવા / અમદાવાદ,સપરિવાર,હા,હા,હા,હા,હા,Pending
Lalaji Safai Vala,8469876057,મહુવા / અમદાવાદ,સપરિવાર,હા,હા,હા,હા,હા,Pending
Vinu Vora Rajula,9662725545,મહુવા / અમદાવાદ,સપરિવાર,હા,હા,હા,હા,હા,Pending
Bsc Alpesh Chatra,7600650142,મહુવા / અમદાવાદ,સપરિવાર,હા,હા,હા,હા,હા,Pending
Hitesh Dhaduk Datardi,9904153121,મહુવા / અમદાવાદ,સપરિવાર,હા,હા,હા,હા,હા,Pending
Gyanmanjari School Bhv,8980015310,ભાવનગર,સપરિવાર,હા,હા,હા,હા,હા,Pending
Gurukul Eng School,7265024024,મહુવા / અમદાવાદ,સપરિવાર,હા,હા,હા,હા,હા,Pending
Milan Bhai Nag Benk,9714795900,મહુવા / અમદાવાદ,સપરિવાર,હા,હા,હા,હા,હા,Pending
Sent Thomas Mathew,9106672036,મહુવા / અમદાવાદ,સપરિવાર,હા,હા,હા,હા,હા,Pending
Maruti  Vimo,7016161256,મહુવા / અમદાવાદ,સપરિવાર,હા,હા,હા,હા,હા,Pending
Bhagirath Tour,7878207474,મહુવા / અમદાવાદ,સપરિવાર,હા,હા,હા,હા,હા,Pending
Bhavin Bhai Bhv,7041629687,ભાવનગર,સપરિવાર,હા,હા,હા,હા,હા,Pending
Bhavin Gohel Nirixak,7016315729,મહુવા / અમદાવાદ,સપરિવાર,હા,હા,હા,હા,હા,Pending
Bansri Motor,7874710710,મહુવા / અમદાવાદ,સપરિવાર,હા,હા,હા,હા,હા,Pending
Nikita B Busa,9429421338,મહુવા / અમદાવાદ,સપરિવાર,હા,હા,હા,હા,હા,Pending
Nikita B Busa,9428621328,મહુવા / અમદાવાદ,સપરિવાર,હા,હા,હા,હા,હા,Pending
Barot Sir Mehsana,7984182188,મહુવા / અમદાવાદ,સપરિવાર,હા,હા,હા,હા,હા,Pending
Amrut Ganga Water,9727573170,મહુવા / અમદાવાદ,સપરિવાર,હા,હા,હા,હા,હા,Pending
Amrut Ganga Water,9714378940,મહુવા / અમદાવાદ,સપરિવાર,હા,હા,હા,હા,હા,Pending
Apoxi Mate Pravin Parmar,8200657773,મહુવા / અમદાવાદ,સપરિવાર,હા,હા,હા,હા,હા,Pending
Apoxi Mate Pravin Parmar,9723359697,મહુવા / અમદાવાદ,સપરિવાર,હા,હા,હા,હા,હા,Pending
Bhumi Rathod Math,9898953089,મહુવા / અમદાવાદ,સપરિવાર,હા,હા,હા,હા,હા,Pending
Mistri Vijay Bhai Furnicer,9714024670,મહુવા / અમદાવાદ,સપરિવાર,હા,હા,હા,હા,હા,Pending
Nirav bhai G e b,9825652207,મહુવા / અમદાવાદ,સપરિવાર,હા,હા,હા,હા,હા,Pending
Hotel Heaven,2844224053,મહુવા / અમદાવાદ,સપરિવાર,હા,હા,હા,હા,હા,Pending
Natu Gajjar News,9016142839,મહુવા / અમદાવાદ,સપરિવાર,હા,હા,હા,હા,હા,Pending
Ravi P Bhalala Taveda,9227979440,મહુવા / અમદાવાદ,સપરિવાર,હા,હા,હા,હા,હા,Pending
Ashok Nimbark,9723674177,મહુવા / અમદાવાદ,સપરિવાર,હા,હા,હા,હા,હા,Pending
Ashok Nimbark,9265938891,મહુવા / અમદાવાદ,સપરિવાર,હા,હા,હા,હા,હા,Pending
V N Chauhan,9825181404,મહુવા / અમદાવાદ,સપરિવાર,હા,હા,હા,હા,હા,Pending
Babu bhai jebalia,9426949300,મહુવા / અમદાવાદ,સપરિવાર,હા,હા,હા,હા,હા,Pending
Babu bhai jebalia,9978406330,મહુવા / અમદાવાદ,સપરિવાર,હા,હા,હા,હા,હા,Pending
Maitree Dolor,9428992024,મહુવા / અમદાવાદ,સપરિવાર,હા,હા,હા,હા,હા,Pending
Jay Bhai Astet brokar,8780064714,મહુવા / અમદાવાદ,સપરિવાર,હા,હા,હા,હા,હા,Pending
Jay Bhai Astet brokar,9924781810,મહુવા / અમદાવાદ,સપરિવાર,હા,હા,હા,હા,હા,Pending
H D Ciramik,9429975435,મહુવા / અમદાવાદ,સપરિવાર,હા,હા,હા,હા,હા,Pending
Barot Oditor Society Kallol,7778084387,મહુવા / અમદાવાદ,સપરિવાર,હા,હા,હા,હા,હા,Pending
Pi Savar Kundala,9925017337,મહુવા / અમદાવાદ,સપરિવાર,હા,હા,હા,હા,હા,Pending
Mohit Bhai Fire (Nilesh Bhai Bhano),9558452141,મહુવા / અમદાવાદ,સપરિવાર,હા,હા,હા,હા,હા,Pending
Haresh Tatkale,9558200114,મહુવા / અમદાવાદ,સપરિવાર,હા,હા,હા,હા,હા,Pending
P V Mehta,8141854954,મહુવા / અમદાવાદ,સપરિવાર,હા,હા,હા,હા,હા,Pending
P V Mehta,7984442525,મહુવા / અમદાવાદ,સપરિવાર,હા,હા,હા,હા,હા,Pending
Rajendra Bhai Morbi,7567517369,મોરબી,સપરિવાર,હા,હા,હા,હા,હા,Pending
Gautam K Nasit Ahd,7874455000,અમદાવાદ,સપરિવાર,હા,હા,હા,હા,હા,Pending
Gautam K Nasit Ahd,7567455000,અમદાવાદ,સપરિવાર,હા,હા,હા,હા,હા,Pending
Shakshi Bhaliya Bal Tea,7041416920,મહુવા / અમદાવાદ,સપરિવાર,હા,હા,હા,હા,હા,Pending
Alpesh Manu Kapadiya,9925907069,મહુવા / અમદાવાદ,સપરિવાર,હા,હા,હા,હા,હા,Pending
Kapadiya Kajal Teacher Home,9737412199,મહુવા / અમદાવાદ,સપરિવાર,હા,હા,હા,હા,હા,Pending
Kapadiya Kajal Teacher Home,7802874073,મહુવા / અમદાવાદ,સપરિવાર,હા,હા,હા,હા,હા,Pending
Bus Firoz Bhai Mumbai,9820288568,મુંબઈ,સપરિવાર,હા,હા,હા,હા,હા,Pending
Nikhil Vadadoria Sir BB11,9428469821,મહુવા / અમદાવાદ,સપરિવાર,હા,હા,હા,હા,હા,Pending
Jayesh Bhai Valiya,9979166600,મહુવા / અમદાવાદ,સપરિવાર,હા,હા,હા,હા,હા,Pending
Prem swami Karnali Statue,9879828700,મહુવા / અમદાવાદ,સપરિવાર,હા,હા,હા,હા,હા,Pending
Shivangi Singh Eng Tea,8840530858,મહુવા / અમદાવાદ,સપરિવાર,હા,હા,હા,હા,હા,Pending
Diya Ramprasadi,8980515112,મહુવા / અમદાવાદ,સપરિવાર,હા,હા,હા,હા,હા,Pending
Bus Amreli Dhaval,9426288333,અમરેલી,સપરિવાર,હા,હા,હા,હા,હા,Pending
Vithal Bhai Badhda,9426819789,મહુવા / અમદાવાદ,સપરિવાર,હા,હા,હા,હા,હા,Pending
Akshar motor,2844224047,મહુવા / અમદાવાદ,સપરિવાર,હા,હા,હા,હા,હા,Pending
Akshar motor,9824574419,મહુવા / અમદાવાદ,સપરિવાર,હા,હા,હા,હા,હા,Pending
Sagar Bhai Modi,9824489155,મહુવા / અમદાવાદ,સપરિવાર,હા,હા,હા,હા,હા,Pending
Ankit Kapadiya Ahd IT,9512311001,અમદાવાદ,સપરિવાર,હા,હા,હા,હા,હા,Pending
Vilas ben kaki,9638886986,મહુવા / અમદાવાદ,સપરિવાર,હા,હા,હા,હા,હા,Pending
Bharat Bhai Trasty,9820134207,મહુવા / અમદાવાદ,સપરિવાર,હા,હા,હા,હા,હા,Pending
Bharat Bhai Trasty,7021805826,મહુવા / અમદાવાદ,સપરિવાર,હા,હા,હા,હા,હા,Pending
Jivan Zalavadiya Hemal,9978525856,મહુવા / અમદાવાદ,સપરિવાર,હા,હા,હા,હા,હા,Pending
Jivan Zalavadiya Hemal,7600462501,મહુવા / અમદાવાદ,સપરિવાર,હા,હા,હા,હા,હા,Pending
Anand Swami Botad,9427558427,આણંદ,સપરિવાર,હા,હા,હા,હા,હા,Pending
Dr Dholakiya,9714418188,મહુવા / અમદાવાદ,સપરિવાર,હા,હા,હા,હા,હા,Pending
Dhiru Dada Draiver,9574024514,મહુવા / અમદાવાદ,સપરિવાર,હા,હા,હા,હા,હા,Pending
Dinesh Labhu Bhai Ningala,9374422284,મહુવા / અમદાવાદ,સપરિવાર,હા,હા,હા,હા,હા,Pending
Raju kansari,9924573862,મહુવા / અમદાવાદ,સપરિવાર,હા,હા,હા,હા,હા,Pending
Hanumant Dra,9820824028,મહુવા / અમદાવાદ,સપરિવાર,હા,હા,હા,હા,હા,Pending
Bhana Kadiya,9924593558,મહુવા / અમદાવાદ,સપરિવાર,હા,હા,હા,હા,હા,Pending
Bakul,9427753833,મહુવા / અમદાવાદ,સપરિવાર,હા,હા,હા,હા,હા,Pending
J.S.Sabhad Jr Clark,9913529292,મહુવા / અમદાવાદ,સપરિવાર,હા,હા,હા,હા,હા,Pending
Nilesh Bhai Dhanvantri,9428271029,મહુવા / અમદાવાદ,સપરિવાર,હા,હા,હા,હા,હા,Pending
Nilesh Bhai Dhanvantri,7041227349,મહુવા / અમદાવાદ,સપરિવાર,હા,હા,હા,હા,હા,Pending
Naresh Bhai bavadia,9879878025,મહુવા / અમદાવાદ,સપરિવાર,હા,હા,હા,હા,હા,Pending
Dr Maheta Saheb Khutvada,9428492052,મહુવા / અમદાવાદ,સપરિવાર,હા,હા,હા,હા,હા,Pending
Patel Navya Pritesh,9016733147,મહુવા / અમદાવાદ,સપરિવાર,હા,હા,હા,હા,હા,Pending
Keval Idea Office,9904904474,મહુવા / અમદાવાદ,સપરિવાર,હા,હા,હા,હા,હા,Pending
Hiren Talaviya,7778899922,મહુવા / અમદાવાદ,સપરિવાર,હા,હા,હા,હા,હા,Pending
Hiren Talaviya,9824855400,મહુવા / અમદાવાદ,સપરિવાર,હા,હા,હા,હા,હા,Pending
Ajay Kanabar Insurance Bhv,9157583311,ભાવનગર,સપરિવાર,હા,હા,હા,હા,હા,Pending
Pankaj kumbhani.,9328044342,મહુવા / અમદાવાદ,સપરિવાર,હા,હા,હા,હા,હા,Pending
Pankaj kumbhani.,9426029730,મહુવા / અમદાવાદ,સપરિવાર,હા,હા,હા,હા,હા,Pending
Bhupat Ahir Vaghnagar,9712075038,મહુવા / અમદાવાદ,સપરિવાર,હા,હા,હા,હા,હા,Pending
Chetan Harsora,9824190843,મહુવા / અમદાવાદ,સપરિવાર,હા,હા,હા,હા,હા,Pending
Kaushik Rajyaguru,9998472006,મહુવા / અમદાવાદ,સપરિવાર,હા,હા,હા,હા,હા,Pending
Krishna Bend Pedhla,9714349960,મહુવા / અમદાવાદ,સપરિવાર,હા,હા,હા,હા,હા,Pending
Dilip Joshi Nagar Palika,9429589041,મહુવા / અમદાવાદ,સપરિવાર,હા,હા,હા,હા,હા,Pending
Rahul Amarampur,9898857350,મહુવા / અમદાવાદ,સપરિવાર,હા,હા,હા,હા,હા,Pending
Balu Kaka Pragji Aata,8141304040,મહુવા / અમદાવાદ,સપરિવાર,હા,હા,હા,હા,હા,Pending
Hardik Jani Polish,9925687461,મહુવા / અમદાવાદ,સપરિવાર,હા,હા,હા,હા,હા,Pending
Amit BHAI Benk Of Maharashtra,9638536421,મહુવા / અમદાવાદ,સપરિવાર,હા,હા,હા,હા,હા,Pending
DrJenti Bhai Hadiya,7567380635,મહુવા / અમદાવાદ,સપરિવાર,હા,હા,હા,હા,હા,Pending
Ashvin Shivani Saloon Hair Cut,9898862384,મહુવા / અમદાવાદ,સપરિવાર,હા,હા,હા,હા,હા,Pending
Gujariya Hetal Ben Gobar Bhai,6359676462,મહુવા / અમદાવાદ,સપરિવાર,હા,હા,હા,હા,હા,Pending
Shukla Hit Hdfc Bank,7490072035,મહુવા / અમદાવાદ,સપરિવાર,હા,હા,હા,હા,હા,Pending
Paiter vala Umesh Bhai,9879978856,મહુવા / અમદાવાદ,સપરિવાર,હા,હા,હા,હા,હા,Pending
Darshan Radadiya  Masi,8401056852,મહુવા / અમદાવાદ,સપરિવાર,હા,હા,હા,હા,હા,Pending
Vinod Bhagat Sardhar,9898796281,મહુવા / અમદાવાદ,સપરિવાર,હા,હા,હા,હા,હા,Pending
Sandip Shelar Mum,8454840770,મુંબઈ,સપરિવાર,હા,હા,હા,હા,હા,Pending
Ketan dholkia,9879069828,મહુવા / અમદાવાદ,સપરિવાર,હા,હા,હા,હા,હા,Pending
Dr P S Bhut saheb,9824244942,મહુવા / અમદાવાદ,સપરિવાર,હા,હા,હા,હા,હા,Pending
Shailesh Bhai Bhatt,9427511151,મહુવા / અમદાવાદ,સપરિવાર,હા,હા,હા,હા,હા,Pending
Kunjadiya Sir,9924075474,મહુવા / અમદાવાદ,સપરિવાર,હા,હા,હા,હા,હા,Pending
Mahesh Katpar Dubai,7359757990,દુબઈ (UAE),સપરિવાર,હા,હા,હા,હા,હા,Pending
Mahesh Katpar Dubai,0971524315263,દુબઈ (UAE),સપરિવાર,હા,હા,હા,હા,હા,Pending
Nil Kamal Medical,9427754505,મહુવા / અમદાવાદ,સપરિવાર,હા,હા,હા,હા,હા,Pending
Nil Kamal Medical,8200127480,મહુવા / અમદાવાદ,સપરિવાર,હા,હા,હા,હા,હા,Pending
H N Dhaduk,9909656733,મહુવા / અમદાવાદ,સપરિવાર,હા,હા,હા,હા,હા,Pending
Dress Mate Rsngitri Bhv,8905438778,ભાવનગર,સપરિવાર,હા,હા,હા,હા,હા,Pending
Dress Mate Rsngitri Bhv,9426417545,ભાવનગર,સપરિવાર,હા,હા,હા,હા,હા,Pending
Kamlesh BHAI Vekriya,9824185079,મહુવા / અમદાવાદ,સપરિવાર,હા,હા,હા,હા,હા,Pending
Dharmendra Mum,8767569911,મુંબઈ,સપરિવાર,હા,હા,હા,હા,હા,Pending
Dharmendra Mum,9324038757,મુંબઈ,સપરિવાર,હા,હા,હા,હા,હા,Pending
Joshi Chetan Purvatha,8469525696,મહુવા / અમદાવાદ,સપરિવાર,હા,હા,હા,હા,હા,Pending
Dugheri Ashok Bhai Shiyal,9428183621,મહુવા / અમદાવાદ,સપરિવાર,હા,હા,હા,હા,હા,Pending
Cctv Moladiya Vipul Bhai Jr Clark,9427448809,મહુવા / અમદાવાદ,સપરિવાર,હા,હા,હા,હા,હા,Pending
Parth Print Ishwer Bhai Surat,9825670401,સુરત,સપરિવાર,હા,હા,હા,હા,હા,Pending
Sent Thomas Principal,9725598017,મહુવા / અમદાવાદ,સપરિવાર,હા,હા,હા,હા,હા,Pending
Alpesh Dhapa,9723701122,મહુવા / અમદાવાદ,સપરિવાર,હા,હા,હા,હા,હા,Pending
Anjani Curiar,7046399700,મહુવા / અમદાવાદ,સપરિવાર,હા,હા,હા,હા,હા,Pending
Anjani Curiar,9574522998,મહુવા / અમદાવાદ,સપરિવાર,હા,હા,હા,હા,હા,Pending
Anjani Curiar,2844222131,મહુવા / અમદાવાદ,સપરિવાર,હા,હા,હા,હા,હા,Pending
Plant Kapadiya Sir,9427229424,મહુવા / અમદાવાદ,સપરિવાર,હા,હા,હા,હા,હા,Pending
Plant Kapadiya Sir,9979303229,મહુવા / અમદાવાદ,સપરિવાર,હા,હા,હા,હા,હા,Pending
Ravji katria Police,9924861301,મહુવા / અમદાવાદ,સપરિવાર,હા,હા,હા,હા,હા,Pending
M B Amrutiya Rjt,7990470774,રાજકોટ,સપરિવાર,હા,હા,હા,હા,હા,Pending
Sandip Gram Nirman,9033733403,મહુવા / અમદાવાદ,સપરિવાર,હા,હા,હા,હા,હા,Pending
MSC Math Mate,9904204314,મહુવા / અમદાવાદ,સપરિવાર,હા,હા,હા,હા,હા,Pending
Harshida Unagar Gov SCH,9904244451,મહુવા / અમદાવાદ,સપરિવાર,હા,હા,હા,હા,હા,Pending
Suresh Card Hemal,9016443319,મહુવા / અમદાવાદ,સપરિવાર,હા,હા,હા,હા,હા,Pending
Hadiya Darshak Class 1 Gandhinagar,7698430731,મહુવા / અમદાવાદ,૧ વ્યક્તિ,હા,હા,હા,હા,હા,Pending
Bhadarka Kalubhai,9429232670,મહુવા / અમદાવાદ,સપરિવાર,હા,હા,હા,હા,હા,Pending
Janak Bhai SBI,7600044311,મહુવા / અમદાવાદ,સપરિવાર,હા,હા,હા,હા,હા,Pending
Janak Bhai SBI,9429354040,મહુવા / અમદાવાદ,સપરિવાર,હા,હા,હા,હા,હા,Pending
Ashvin bhai Ela Ben manas,9428991575,મહુવા / અમદાવાદ,સપરિવાર,હા,હા,હા,હા,હા,Pending
Eng Tushar Bhatt Raj,7874516708,મહુવા / અમદાવાદ,સપરિવાર,હા,હા,હા,હા,હા,Pending
Mubarak Bhai Polish,9638878860,મહુવા / અમદાવાદ,સપરિવાર,હા,હા,હા,હા,હા,Pending
Mubarak Bhai Polish,8511969800,મહુવા / અમદાવાદ,સપરિવાર,હા,હા,હા,હા,હા,Pending
Bhukan Pathu Bhai,9601107381,મહુવા / અમદાવાદ,સપરિવાર,હા,હા,હા,હા,હા,Pending
Dalal Atul Soni,9824402107,મહુવા / અમદાવાદ,સપરિવાર,હા,હા,હા,હા,હા,Pending
Hitesh upadhyay,9426440340,મહુવા / અમદાવાદ,સપરિવાર,હા,હા,હા,હા,હા,Pending
E tv Anil Madhak,9879048298,મહુવા / અમદાવાદ,સપરિવાર,હા,હા,હા,હા,હા,Pending
E tv Anil Madhak,9428900909,મહુવા / અમદાવાદ,સપરિવાર,હા,હા,હા,હા,હા,Pending
E tv Anil Madhak,7016968568,મહુવા / અમદાવાદ,સપરિવાર,હા,હા,હા,હા,હા,Pending
Chanrajit Mistry Lakda,8200261220,મહુવા / અમદાવાદ,સપરિવાર,હા,હા,હા,હા,હા,Pending
Chanrajit Mistry Lakda,9723830200,મહુવા / અમદાવાદ,સપરિવાર,હા,હા,હા,હા,હા,Pending
Bipin Barad,9428234111,મહુવા / અમદાવાદ,સપરિવાર,હા,હા,હા,હા,હા,Pending
Nakvi Sir Pan Card Mate,9924411066,મહુવા / અમદાવાદ,સપરિવાર,હા,હા,હા,હા,હા,Pending
Ashok Bhai Joshi Police,9426957717,મહુવા / અમદાવાદ,સપરિવાર,હા,હા,હા,હા,હા,Pending
Ashok Bhai Joshi Police,7016962379,મહુવા / અમદાવાદ,સપરિવાર,હા,હા,હા,હા,હા,Pending
Ashok Bhai Joshi Police,8905254354,મહુવા / અમદાવાદ,સપરિવાર,હા,હા,હા,હા,હા,Pending
Jasu Bhai B Kachhadiya,9825577994,મહુવા / અમદાવાદ,સપરિવાર,હા,હા,હા,હા,હા,Pending
Lal Sai Creation,6357735757,મહુવા / અમદાવાદ,સપરિવાર,હા,હા,હા,હા,હા,Pending
Haresh Painter,6353063636,મહુવા / અમદાવાદ,સપરિવાર,હા,હા,હા,હા,હા,Pending
Haresh Painter,9974139054,મહુવા / અમદાવાદ,સપરિવાર,હા,હા,હા,હા,હા,Pending
Dadu dalal,9228380392,મહુવા / અમદાવાદ,સપરિવાર,હા,હા,હા,હા,હા,Pending
0,9265084260,મહુવા / અમદાવાદ,સપરિવાર,હા,હા,હા,હા,હા,Pending
Devchand Kaka Badhda,9879142584,મહુવા / અમદાવાદ,સપરિવાર,હા,હા,હા,હા,હા,Pending
Himat Bhai Vadi,9825314476,મહુવા / અમદાવાદ,સપરિવાર,હા,હા,હા,હા,હા,Pending
Ramesh Shyam agro,9824909031,મહુવા / અમદાવાદ,સપરિવાર,હા,હા,હા,હા,હા,Pending
Bharat Bhai Bhambhaniya  Jcb,8530344545,મહુવા / અમદાવાદ,સપરિવાર,હા,હા,હા,હા,હા,Pending
Krishna Mandap Desai,9824390646,મહુવા / અમદાવાદ,સપરિવાર,હા,હા,હા,હા,હા,Pending
Liberty Book Ahd,7927542090,અમદાવાદ,સપરિવાર,હા,હા,હા,હા,હા,Pending
Liberty Book Ahd,7925624947,અમદાવાદ,સપરિવાર,હા,હા,હા,હા,હા,Pending
Liberty Book Ahd,9727770764,અમદાવાદ,સપરિવાર,હા,હા,હા,હા,હા,Pending
Liberty Book Ahd,9712900149,અમદાવાદ,સપરિવાર,હા,હા,હા,હા,હા,Pending
Liberty Book Ahd,9913687288,અમદાવાદ,સપરિવાર,હા,હા,હા,હા,હા,Pending
Hadiya Bhavesh Bhai Gyan Manjari,8154045276,મહુવા / અમદાવાદ,સપરિવાર,હા,હા,હા,હા,હા,Pending
Shreya Mekhiya,8153868918,મહુવા / અમદાવાદ,સપરિવાર,હા,હા,હા,હા,હા,Pending
Bsc Jaliya Asmita Teacher,9979224136,મહુવા / અમદાવાદ,સપરિવાર,હા,હા,હા,હા,હા,Pending
Eng /Sankrut Mate,9898641755,મહુવા / અમદાવાદ,સપરિવાર,હા,હા,હા,હા,હા,Pending
Gnandip High Monpar,7600163005,મહુવા / અમદાવાદ,સપરિવાર,હા,હા,હા,હા,હા,Pending
Gnandip High Monpar,9106949950,મહુવા / અમદાવાદ,સપરિવાર,હા,હા,હા,હા,હા,Pending
Dipu Trivedi,8690029845,મહુવા / અમદાવાદ,સપરિવાર,હા,હા,હા,હા,હા,Pending
Dipu Trivedi,9687888441,મહુવા / અમદાવાદ,સપરિવાર,હા,હા,હા,હા,હા,Pending
Dipak Bhai Com,8238098637,મહુવા / અમદાવાદ,સપરિવાર,હા,હા,હા,હા,હા,Pending
Gokul Bhai,9826807874,મહુવા / અમદાવાદ,સપરિવાર,હા,હા,હા,હા,હા,Pending
Nilesh Bhai Talgajrada,9924075005,મહુવા / અમદાવાદ,સપરિવાર,હા,હા,હા,હા,હા,Pending
Amit Makwana R C,9426670390,મહુવા / અમદાવાદ,સપરિવાર,હા,હા,હા,હા,હા,Pending
Amit Makwana R C,7984137575,મહુવા / અમદાવાદ,સપરિવાર,હા,હા,હા,હા,હા,Pending
Vishal Patel Fire Ahd,8153958374,અમદાવાદ,સપરિવાર,હા,હા,હા,હા,હા,Pending
Mango Sosiya,8141163970,મહુવા / અમદાવાદ,સપરિવાર,હા,હા,હા,હા,હા,Pending
Ashok Bhai Kalotra,9427471662,મહુવા / અમદાવાદ,સપરિવાર,હા,હા,હા,હા,હા,Pending
Ashok Bhai Kalotra,6352457860,મહુવા / અમદાવાદ,સપરિવાર,હા,હા,હા,હા,હા,Pending
Janma Regi.Munna Bhai,9825061271,મહુવા / અમદાવાદ,સપરિવાર,હા,હા,હા,હા,હા,Pending
IELTS Raju Andhariya Bhv,9426711556,ભાવનગર,સપરિવાર,હા,હા,હા,હા,હા,Pending
Dr Manish Shah Pardi,9426223048,મહુવા / અમદાવાદ,સપરિવાર,હા,હા,હા,હા,હા,Pending
Nilesh Bhai Pandya Sangit,9714230803,મહુવા / અમદાવાદ,સપરિવાર,હા,હા,હા,હા,હા,Pending
Bhagvada swami Sihor,9824566935,મહુવા / અમદાવાદ,સપરિવાર,હા,હા,હા,હા,હા,Pending
Bhagvada swami Sihor,8849479502,મહુવા / અમદાવાદ,સપરિવાર,હા,હા,હા,હા,હા,Pending
Hemal Ashvin Mumbai,9920218793,મુંબઈ,સપરિવાર,હા,હા,હા,હા,હા,Pending
Khyati Ahd,9106640252,અમદાવાદ,સપરિવાર,હા,હા,હા,હા,હા,Pending
Prakash Bhai Bhalala,9925789371,મહુવા / અમદાવાદ,સપરિવાર,હા,હા,હા,હા,હા,Pending
Prakash Bhai Bhalala,7779003437,મહુવા / અમદાવાદ,સપરિવાર,હા,હા,હા,હા,હા,Pending
Rtn Brijesh Parikh,9825107859,મહુવા / અમદાવાદ,સપરિવાર,હા,હા,હા,હા,હા,Pending
Rtn Brijesh Parikh,9974253063,મહુવા / અમદાવાદ,સપરિવાર,હા,હા,હા,હા,હા,Pending
Vishva medical,9723443849,મહુવા / અમદાવાદ,સપરિવાર,હા,હા,હા,હા,હા,Pending
Vishva medical,2844227422,મહુવા / અમદાવાદ,સપરિવાર,હા,હા,હા,હા,હા,Pending
Dhudhala 2,8779084443,મહુવા / અમદાવાદ,બે વ્યક્તિ,હા,હા,હા,હા,હા,Pending
Mihir Pandya,9408180060,મહુવા / અમદાવાદ,સપરિવાર,હા,હા,હા,હા,હા,Pending
Mihir Pandya,9909665572,મહુવા / અમદાવાદ,સપરિવાર,હા,હા,હા,હા,હા,Pending
Parth Chilman Lal Taveda,9374424080,મહુવા / અમદાવાદ,સપરિવાર,હા,હા,હા,હા,હા,Pending
Vipul Senta T P O Office,9429234234,મહુવા / અમદાવાદ,સપરિવાર,હા,હા,હા,હા,હા,Pending
Manish Mehta (Riging Star),9925752165,મહુવા / અમદાવાદ,સપરિવાર,હા,હા,હા,હા,હા,Pending
Vimal Patel Com,9979895885,મહુવા / અમદાવાદ,સપરિવાર,હા,હા,હા,હા,હા,Pending
Jitu Bhai Jadra,8140544221,મહુવા / અમદાવાદ,સપરિવાર,હા,હા,હા,હા,હા,Pending
Raghuvir Bus Dilhi,7520291539,મહુવા / અમદાવાદ,સપરિવાર,હા,હા,હા,હા,હા,Pending
Harsad Bhavik Ahd,9825023760,અમદાવાદ,સપરિવાર,હા,હા,હા,હા,હા,Pending
Vishal Gramin Benk,9687871655,મહુવા / અમદાવાદ,સપરિવાર,હા,હા,હા,હા,હા,Pending
Suva Saheb Kodinar,8469861100,મહુવા / અમદાવાદ,સપરિવાર,હા,હા,હા,હા,હા,Pending
Jenti Bhai Vadi Vala,9974947750,મહુવા / અમદાવાદ,સપરિવાર,હા,હા,હા,હા,હા,Pending
Eagal ges,9428992451,મહુવા / અમદાવાદ,સપરિવાર,હા,હા,હા,હા,હા,Pending
Dharmashi Bhai,9714024681,મહુવા / અમદાવાદ,સપરિવાર,હા,હા,હા,હા,હા,Pending
Jasmit B Surat,9726722623,સુરત,સપરિવાર,હા,હા,હા,હા,હા,Pending
Abbas bhai Lakhani jaf,9824943868,મહુવા / અમદાવાદ,સપરિવાર,હા,હા,હા,હા,હા,Pending
Veju Bhai Taka Saf,9904371367,મહુવા / અમદાવાદ,સપરિવાર,હા,હા,હા,હા,હા,Pending
Pareshbhai  Sardar Nagar Gurukul,9925374195,મહુવા / અમદાવાદ,સપરિવાર,હા,હા,હા,હા,હા,Pending
Natu Kapadia,9824274765,મહુવા / અમદાવાદ,સપરિવાર,હા,હા,હા,હા,હા,Pending
Pravin Bhai jiyani,9924315018,મહુવા / અમદાવાદ,સપરિવાર,હા,હા,હા,હા,હા,Pending
Pravin Bhai jiyani,9687350539,મહુવા / અમદાવાદ,સપરિવાર,હા,હા,હા,હા,હા,Pending
Donga Rajesh Bhai,9825909035,મહુવા / અમદાવાદ,સપરિવાર,હા,હા,હા,હા,હા,Pending
Daya Ben Patel Hostel Bhv,9925976619,ભાવનગર,સપરિવાર,હા,હા,હા,હા,હા,Pending
Mahadev Motor Trapaj,9725616135,મહુવા / અમદાવાદ,સપરિવાર,હા,હા,હા,હા,હા,Pending
Sutriya Sir Bhv,9727285615,ભાવનગર,સપરિવાર,હા,હા,હા,હા,હા,Pending
Devarsh Saund,9374202084,મહુવા / અમદાવાદ,સપરિવાર,હા,હા,હા,હા,હા,Pending
Lata Khorasiya Vidhya Vihar,7016359799,મહુવા / અમદાવાદ,સપરિવાર,હા,હા,હા,હા,હા,Pending
Eco Datradi Babu Sukha,9106600246,મહુવા / અમદાવાદ,સપરિવાર,હા,હા,હા,હા,હા,Pending
Clark Baraiya Amit,8469186929,મહુવા / અમદાવાદ,સપરિવાર,હા,હા,હા,હા,હા,Pending
Daxa Ben Suresh Kumar Karzala,8140536887,મહુવા / અમદાવાદ,સપરિવાર,હા,હા,હા,હા,હા,Pending
Nirali Lalit Bhut,7016968749,મહુવા / અમદાવાદ,સપરિવાર,હા,હા,હા,હા,હા,Pending
Dr.Amit Polara Hanu Hos,9033074625,મહુવા / અમદાવાદ,સપરિવાર,હા,હા,હા,હા,હા,Pending
Lala Bhai Gigev Grenight,9825914442,મહુવા / અમદાવાદ,સપરિવાર,હા,હા,હા,હા,હા,Pending
Dr  Dhiraj. M. Khodifa,9825247611,મહુવા / અમદાવાદ,સપરિવાર,હા,હા,હા,હા,હા,Pending
Kanti bhai dundas,9978360101,મહુવા / અમદાવાદ,સપરિવાર,હા,હા,હા,હા,હા,Pending
Ghodi Mate Bhavesh,9737425165,મહુવા / અમદાવાદ,સપરિવાર,હા,હા,હા,હા,હા,Pending
Komal Kam Mate,7359816380,મહુવા / અમદાવાદ,સપરિવાર,હા,હા,હા,હા,હા,Pending
Mayuri Ben Bhaliya Dundas,7016360636,મહુવા / અમદાવાદ,સપરિવાર,હા,હા,હા,હા,હા,Pending
Mayuri Ben Bhaliya Dundas,8160361453,મહુવા / અમદાવાદ,સપરિવાર,હા,હા,હા,હા,હા,Pending
Prakash Harsora Sangit,9428591226,મહુવા / અમદાવાદ,સપરિવાર,હા,હા,હા,હા,હા,Pending
Gondaliya Ges Mate,8347003926,મહુવા / અમદાવાદ,સપરિવાર,હા,હા,હા,હા,હા,Pending
Trupti Medan Kila Pardi,9825119846,મહુવા / અમદાવાદ,સપરિવાર,હા,હા,હા,હા,હા,Pending
Sanjay Bavadiya,7878225252,મહુવા / અમદાવાદ,સપરિવાર,હા,હા,હા,હા,હા,Pending
Amit Kava DJ,9429231129,મહુવા / અમદાવાદ,સપરિવાર,હા,હા,હા,હા,હા,Pending
Chagan Bhai Tadha G E B,9979045045,મહુવા / અમદાવાદ,સપરિવાર,હા,હા,હા,હા,હા,Pending
Chagan Bhai Tadha G E B,9925216913,મહુવા / અમદાવાદ,સપરિવાર,હા,હા,હા,હા,હા,Pending
Sahdev,9924739571,મહુવા / અમદાવાદ,સપરિવાર,હા,હા,હા,હા,હા,Pending
Trupti Tpo,9638413007,મહુવા / અમદાવાદ,સપરિવાર,હા,હા,હા,હા,હા,Pending
HITESH Kachdiya Tea,9099561513,મહુવા / અમદાવાદ,સપરિવાર,હા,હા,હા,હા,હા,Pending
Jignesh Esens,9824982393,મહુવા / અમદાવાદ,સપરિવાર,હા,હા,હા,હા,હા,Pending
Jitu Bhai Paryavaran Amreli,9427206162,અમરેલી,સપરિવાર,હા,હા,હા,હા,હા,Pending
Hiral Thakar StuDent,7359057748,મહુવા / અમદાવાદ,સપરિવાર,હા,હા,હા,હા,હા,Pending
DINESH Bhai Ladumor Mota Jadra,9925666399,મહુવા / અમદાવાદ,સપરિવાર,હા,હા,હા,હા,હા,Pending
Devesh Mehta,9409118222,મહુવા / અમદાવાદ,સપરિવાર,હા,હા,હા,હા,હા,Pending
Suresh Bhai Frut,9924679017,મહુવા / અમદાવાદ,સપરિવાર,હા,હા,હા,હા,હા,Pending
Bhargav Harish Toy,9429975360,મહુવા / અમદાવાદ,સપરિવાર,હા,હા,હા,હા,હા,Pending
Kishor Bhai Kheni,7878512929,મહુવા / અમદાવાદ,સપરિવાર,હા,હા,હા,હા,હા,Pending
Hardik Bhai Vaghela,7016682285,મહુવા / અમદાવાદ,સપરિવાર,હા,હા,હા,હા,હા,Pending
Manish Sports,6352484799,મહુવા / અમદાવાદ,સપરિવાર,હા,હા,હા,હા,હા,Pending
Dipak ukani,9824802519,મહુવા / અમદાવાદ,સપરિવાર,હા,હા,હા,હા,હા,Pending
Rathod Pravin Bhai,8866511228,મહુવા / અમદાવાદ,સપરિવાર,હા,હા,હા,હા,હા,Pending
Hitesh Patel Sir Architec,9824390644,મહુવા / અમદાવાદ,સપરિવાર,હા,હા,હા,હા,હા,Pending
Ped Mate Vaghela Punam Ben,9737085685,મહુવા / અમદાવાદ,સપરિવાર,હા,હા,હા,હા,હા,Pending
Maheshbhai Jani Nana Jadra,9638707624,મહુવા / અમદાવાદ,સપરિવાર,હા,હા,હા,હા,હા,Pending
Sarju SWAMI Gondal,9429214923,ગોંડલ,સપરિવાર,હા,હા,હા,હા,હા,Pending
Bhim Bhai Reti,9824582103,મહુવા / અમદાવાદ,સપરિવાર,હા,હા,હા,હા,હા,Pending
Toralben Jani N M Highschool,8866639001,મહુવા / અમદાવાદ,સપરિવાર,હા,હા,હા,હા,હા,Pending
Ankita Chhatbar,6352323820,મહુવા / અમદાવાદ,સપરિવાર,હા,હા,હા,હા,હા,Pending
Piyush Desai Jadkala,8141266026,મહુવા / અમદાવાદ,સપરિવાર,હા,હા,હા,હા,હા,Pending
Jayesh Pathak Sos,9824858393,મહુવા / અમદાવાદ,સપરિવાર,હા,હા,હા,હા,હા,Pending
Spots Tea Milan Pandya,7623916374,મહુવા / અમદાવાદ,સપરિવાર,હા,હા,હા,હા,હા,Pending
Science Mate D K Joshi,9426549290,મહુવા / અમદાવાદ,સપરિવાર,હા,હા,હા,હા,હા,Pending
Samsun Mobile,2782525260,મહુવા / અમદાવાદ,સપરિવાર,હા,હા,હા,હા,હા,Pending
Samsun Mobile,9825453555,મહુવા / અમદાવાદ,સપરિવાર,હા,હા,હા,હા,હા,Pending
Kajal K Zalavadia,9106329081,મહુવા / અમદાવાદ,સપરિવાર,હા,હા,હા,હા,હા,Pending
Kajal K Zalavadia,9904801465,મહુવા / અમદાવાદ,સપરિવાર,હા,હા,હા,હા,હા,Pending
Vijay Gajera  Surat (G Bro),9824745591,સુરત,સપરિવાર,હા,હા,હા,હા,હા,Pending
E Net Jigar Shah Hdfc,9879595401,મહુવા / અમદાવાદ,સપરિવાર,હા,હા,હા,હા,હા,Pending
Haresh Bhai Dish(GTPL),9879177097,મહુવા / અમદાવાદ,સપરિવાર,હા,હા,હા,હા,હા,Pending
Pragna Rathod Day School,9974533222,મહુવા / અમદાવાદ,સપરિવાર,હા,હા,હા,હા,હા,Pending
Jayesh Bhai Kherala,8200197074,મહુવા / અમદાવાદ,સપરિવાર,હા,હા,હા,હા,હા,Pending
Ashvin Nagotha Homeopathy,7874741421,મહુવા / અમદાવાદ,સપરિવાર,હા,હા,હા,હા,હા,Pending
Brijal,9327448958,મહુવા / અમદાવાદ,સપરિવાર,હા,હા,હા,હા,હા,Pending
Nirali Shiyatar Teacher,9327141480,મહુવા / અમદાવાદ,સપરિવાર,હા,હા,હા,હા,હા,Pending
Ajaybhai Bhaliya (sagar),9924978439,મહુવા / અમદાવાદ,સપરિવાર,હા,હા,હા,હા,હા,Pending
Ajaybhai Bhaliya (sagar),9409072073,મહુવા / અમદાવાદ,સપરિવાર,હા,હા,હા,હા,હા,Pending
Rajani Ashok Bhai,9374867533,મહુવા / અમદાવાદ,સપરિવાર,હા,હા,હા,હા,હા,Pending
Jitu Bhai Dwarika wala,9824123046,મહુવા / અમદાવાદ,સપરિવાર,હા,હા,હા,હા,હા,Pending
Shanti Bhai Panchvati,9825162511,મહુવા / અમદાવાદ,સપરિવાર,હા,હા,હા,હા,હા,Pending
Pujya Bapu Draivar,9426591919,મહુવા / અમદાવાદ,સપરિવાર,હા,હા,હા,હા,હા,Pending
Hardik Butani Kumbhan,8128114504,મહુવા / અમદાવાદ,સપરિવાર,હા,હા,હા,હા,હા,Pending
Raj kumar Chauhan,7838676333,મહુવા / અમદાવાદ,સપરિવાર,હા,હા,હા,હા,હા,Pending
Triveni Tirth Kalsar,9726646046,મહુવા / અમદાવાદ,સપરિવાર,હા,હા,હા,હા,હા,Pending
Jayraj Bhai St,8200431321,મહુવા / અમદાવાદ,સપરિવાર,હા,હા,હા,હા,હા,Pending
Vishnu Swami Kothari Chhapaiya,9825484175,મહુવા / અમદાવાદ,સપરિવાર,હા,હા,હા,હા,હા,Pending
0,9426455600,મહુવા / અમદાવાદ,સપરિવાર,હા,હા,હા,હા,હા,Pending
Succeed & Give Chari. Trust Mum,9820796876,મુંબઈ,સપરિવાર,હા,હા,હા,હા,હા,Pending
Nikunj Jagad IT,9428182515,મહુવા / અમદાવાદ,સપરિવાર,હા,હા,હા,હા,હા,Pending
Jitu softwer,9428124297,મહુવા / અમદાવાદ,સપરિવાર,હા,હા,હા,હા,હા,Pending
Hari om tuls,9824877671,મહુવા / અમદાવાદ,સપરિવાર,હા,હા,હા,હા,હા,Pending
Rtn Jagad,9099986369,મહુવા / અમદાવાદ,સપરિવાર,હા,હા,હા,હા,હા,Pending
Rtn Jagad,9879339425,મહુવા / અમદાવાદ,સપરિવાર,હા,હા,હા,હા,હા,Pending
Hitesh Joshi Gadhda,9426992075,મહુવા / અમદાવાદ,સપરિવાર,હા,હા,હા,હા,હા,Pending
Piyush Dodiya Bhutpurva Vi,9099925143,મહુવા / અમદાવાદ,સપરિવાર,હા,હા,હા,હા,હા,Pending
Pravin Sar. Gurukul,9974757550,મહુવા / અમદાવાદ,સપરિવાર,હા,હા,હા,હા,હા,Pending
Pravin Sar. Gurukul,6354028566,મહુવા / અમદાવાદ,સપરિવાર,હા,હા,હા,હા,હા,Pending
Bsc Ravatsinh Gohil,9106940916,મહુવા / અમદાવાદ,સપરિવાર,હા,હા,હા,હા,હા,Pending
Rakesh Valvala Bhv,9426914451,ભાવનગર,સપરિવાર,હા,હા,હા,હા,હા,Pending
Rakesh Valvala Bhv,2782428229,ભાવનગર,સપરિવાર,હા,હા,હા,હા,હા,Pending
Rakesh Valvala Bhv,2782420042,ભાવનગર,સપરિવાર,હા,હા,હા,હા,હા,Pending
Rakesh Valvala Bhv,2783014736,ભાવનગર,સપરિવાર,હા,હા,હા,હા,હા,Pending
Kajal Paresh Surat,9429077105,સુરત,સપરિવાર,હા,હા,હા,હા,હા,Pending
Kajal Paresh Surat,9033616841,સુરત,સપરિવાર,હા,હા,હા,હા,હા,Pending
Mahila Amreli,9429706399,અમરેલી,સપરિવાર,હા,હા,હા,હા,હા,Pending
Stamp Mate,9924777004,મહુવા / અમદાવાદ,સપરિવાર,હા,હા,હા,હા,હા,Pending
Stamp Mate,9824368907,મહુવા / અમદાવાદ,સપરિવાર,હા,હા,હા,હા,હા,Pending
J K Parmar Nmms,9427237540,મહુવા / અમદાવાદ,સપરિવાર,હા,હા,હા,હા,હા,Pending
Bhavesh Ma Showroom,8128681147,મહુવા / અમદાવાદ,સપરિવાર,હા,હા,હા,હા,હા,Pending
Rajesh Kavad Sos,8347676700,મહુવા / અમદાવાદ,સપરિવાર,હા,હા,હા,હા,હા,Pending
Rakesh Endu Kaka,9429231132,મહુવા / અમદાવાદ,સપરિવાર,હા,હા,હા,હા,હા,Pending
Minal Vaniya ( Dada ),9601746346,મહુવા / અમદાવાદ,સપરિવાર,હા,હા,હા,હા,હા,Pending
Sanny Kanojiya,9408246596,મહુવા / અમદાવાદ,સપરિવાર,હા,હા,હા,હા,હા,Pending
Ritesh Bhai Soni,9825620941,મહુવા / અમદાવાદ,સપરિવાર,હા,હા,હા,હા,હા,Pending
Kamaru bhai dalal,9979051556,મહુવા / અમદાવાદ,સપરિવાર,હા,હા,હા,હા,હા,Pending
Dr Smeet Nilesh Vyas,9998341910,મહુવા / અમદાવાદ,સપરિવાર,હા,હા,હા,હા,હા,Pending
Yash Bavadiya,6354944045,મહુવા / અમદાવાદ,સપરિવાર,હા,હા,હા,હા,હા,Pending
Jagdish Vikash Tailar,9824957589,મહુવા / અમદાવાદ,સપરિવાર,હા,હા,હા,હા,હા,Pending
Kanji Bhai Dalal,9913921360,મહુવા / અમદાવાદ,સપરિવાર,હા,હા,હા,હા,હા,Pending
Kartik Butani,8980839393,મહુવા / અમદાવાદ,સપરિવાર,હા,હા,હા,હા,હા,Pending
Kartik Butani,9033689894,મહુવા / અમદાવાદ,સપરિવાર,હા,હા,હા,હા,હા,Pending
Krishna Kansara,9574997314,મહુવા / અમદાવાદ,સપરિવાર,હા,હા,હા,હા,હા,Pending
Kamlesh bhai vagh. Bila(Kastur Ba),9428560330,મહુવા / અમદાવાદ,સપરિવાર,હા,હા,હા,હા,હા,Pending
Pritesh Dinesh Bambhaniya,9313551182,મહુવા / અમદાવાદ,સપરિવાર,હા,હા,હા,હા,હા,Pending
Sch Vangar Hardik Bhatt,9601628728,મહુવા / અમદાવાદ,સપરિવાર,હા,હા,હા,હા,હા,Pending
Painter Mangalu bhai,9824225826,મહુવા / અમદાવાદ,સપરિવાર,હા,હા,હા,હા,હા,Pending
Painter Mangalu bhai,9725228885,મહુવા / અમદાવાદ,સપરિવાર,હા,હા,હા,હા,હા,Pending
Amisha Muliya Sanskrut,8849260879,મહુવા / અમદાવાદ,સપરિવાર,હા,હા,હા,હા,હા,Pending
Mira Ben Surat,9428140840,સુરત,સપરિવાર,હા,હા,હા,હા,હા,Pending
Darshanbhai Demat Account Hdfc,9408585203,મહુવા / અમદાવાદ,સપરિવાર,હા,હા,હા,હા,હા,Pending
pratap Aksharwadi Bhv,7487943991,ભાવનગર,સપરિવાર,હા,હા,હા,હા,હા,Pending
Bharat Gopal Seni,9099918089,મહુવા / અમદાવાદ,સપરિવાર,હા,હા,હા,હા,હા,Pending
Nandini Ukrani Teacher,6351405906,મહુવા / અમદાવાદ,સપરિવાર,હા,હા,હા,હા,હા,Pending
Madhuri Chosala Deo,9409123820,મહુવા / અમદાવાદ,સપરિવાર,હા,હા,હા,હા,હા,Pending
P B Makvana Sir Talgajrda Model,9712358464,મહુવા / અમદાવાદ,સપરિવાર,હા,હા,હા,હા,હા,Pending
Dr N N Valaki,9824280024,મહુવા / અમદાવાદ,સપરિવાર,હા,હા,હા,હા,હા,Pending
Dr Amit Thakkar,2844226170,મહુવા / અમદાવાદ,સપરિવાર,હા,હા,હા,હા,હા,Pending
Dr Amit Thakkar,9909190072,મહુવા / અમદાવાદ,સપરિવાર,હા,હા,હા,હા,હા,Pending
Dr Amit Thakkar,9824208881,મહુવા / અમદાવાદ,સપરિવાર,હા,હા,હા,હા,હા,Pending
Bhumi  parmar Tea,7046687640,મહુવા / અમદાવાદ,સપરિવાર,હા,હા,હા,હા,હા,Pending
Batuk Bhai Butani ahd,9376072172,અમદાવાદ,સપરિવાર,હા,હા,હા,હા,હા,Pending
Juned  videocon,9924520238,મહુવા / અમદાવાદ,સપરિવાર,હા,હા,હા,હા,હા,Pending
Dhorajiya Utsav,9428940135,મહુવા / અમદાવાદ,સપરિવાર,હા,હા,હા,હા,હા,Pending
Chhataria mustufa,9824203784,મહુવા / અમદાવાદ,સપરિવાર,હા,હા,હા,હા,હા,Pending
Sona Pabli. Ahd,8160659522,અમદાવાદ,સપરિવાર,હા,હા,હા,હા,હા,Pending
Sona Pabli. Ahd,9714198856,અમદાવાદ,સપરિવાર,હા,હા,હા,હા,હા,Pending
Satyen hirapar,9428181509,મહુવા / અમદાવાદ,સપરિવાર,હા,હા,હા,હા,હા,Pending
Satyen hirapar,9428181510,મહુવા / અમદાવાદ,સપરિવાર,હા,હા,હા,હા,હા,Pending
Ranjit Bhai Nutan,9574877935,મહુવા / અમદાવાદ,સપરિવાર,હા,હા,હા,હા,હા,Pending
Pravin Bhai (Malvav),9638266416,મહુવા / અમદાવાદ,સપરિવાર,હા,હા,હા,હા,હા,Pending
Pravin Bhai (Malvav),9824334315,મહુવા / અમદાવાદ,સપરિવાર,હા,હા,હા,હા,હા,Pending
Mehul Makvana Ntse,9726787596,મહુવા / અમદાવાદ,સપરિવાર,હા,હા,હા,હા,હા,Pending
Jayesh Chitliya,9427753775,મહુવા / અમદાવાદ,સપરિવાર,હા,હા,હા,હા,હા,Pending
Filter Hi-tech,9898047131,મહુવા / અમદાવાદ,સપરિવાર,હા,હા,હા,હા,હા,Pending
Jodhu Bhai Una,9904644622,મહુવા / અમદાવાદ,સપરિવાર,હા,હા,હા,હા,હા,Pending
Sailesh Dudhrejiya,9687819549,મહુવા / અમદાવાદ,સપરિવાર,હા,હા,હા,હા,હા,Pending
Nitin Bhai Pardi,9427142107,મહુવા / અમદાવાદ,સપરિવાર,હા,હા,હા,હા,હા,Pending
Milan Bhai  V T,9879503762,મહુવા / અમદાવાદ,સપરિવાર,હા,હા,હા,હા,હા,Pending
RAJUBHAI PANI,9408280881,મહુવા / અમદાવાદ,સપરિવાર,હા,હા,હા,હા,હા,Pending
Sindhu Druv Dudh Mate,9574326211,મહુવા / અમદાવાદ,સપરિવાર,હા,હા,હા,હા,હા,Pending
Pankaj maru,9624259474,મહુવા / અમદાવાદ,સપરિવાર,હા,હા,હા,હા,હા,Pending
Pushkar Bhai Jani,9904298271,મહુવા / અમદાવાદ,સપરિવાર,હા,હા,હા,હા,હા,Pending
Pushkar Bhai Jani,8320585844,મહુવા / અમદાવાદ,સપરિવાર,હા,હા,હા,હા,હા,Pending
Nagji Bhai Rabhda,9898541761,મહુવા / અમદાવાદ,સપરિવાર,હા,હા,હા,હા,હા,Pending
Suresh bhai B. ed,9427558095,મહુવા / અમદાવાદ,સપરિવાર,હા,હા,હા,હા,હા,Pending
Bhola Bhai Home,8980243703,મહુવા / અમદાવાદ,સપરિવાર,હા,હા,હા,હા,હા,Pending
Ghanshyam Jesar,9016373881,મહુવા / અમદાવાદ,સપરિવાર,હા,હા,હા,હા,હા,Pending
Rtn Milan Mehta,9879461666,મહુવા / અમદાવાદ,સપરિવાર,હા,હા,હા,હા,હા,Pending
Jasu Bhai Dholkia Bhojan Seva,9428591235,મહુવા / અમદાવાદ,સપરિવાર,હા,હા,હા,હા,હા,Pending
JASU BHAI BHUKHAY NE BHOJAN,6359198474,મહુવા / અમદાવાદ,સપરિવાર,હા,હા,હા,હા,હા,Pending
Jetha Bhai Mota Jadra Sarpanch,9723029571,મહુવા / અમદાવાદ,સપરિવાર,હા,હા,હા,હા,હા,Pending
Rasik Mama Parsana Rajula,9824282788,મહુવા / અમદાવાદ,સપરિવાર,હા,હા,હા,હા,હા,Pending
Bhavesh Dafda Kalsaria,9825171311,મહુવા / અમદાવાદ,સપરિવાર,હા,હા,હા,હા,હા,Pending
Dhiraj Pujara IT,9825782290,મહુવા / અમદાવાદ,સપરિવાર,હા,હા,હા,હા,હા,Pending
Gohil Mamlatdar Jafrabad,9913384133,મહુવા / અમદાવાદ,સપરિવાર,હા,હા,હા,હા,હા,Pending
Jodhapura sir,9825049312,મહુવા / અમદાવાદ,સપરિવાર,હા,હા,હા,હા,હા,Pending
Jitu Bhai Visavadar,9998721091,વિસાવદર,સપરિવાર,હા,હા,હા,હા,હા,Pending
Teja Bhai Seta,9824485057,મહુવા / અમદાવાદ,સપરિવાર,હા,હા,હા,હા,હા,Pending
Rajesh Patel English,9824280776,મહુવા / અમદાવાદ,સપરિવાર,હા,હા,હા,હા,હા,Pending
Mahesh Lakhu Kaka,9913165552,મહુવા / અમદાવાદ,સપરિવાર,હા,હા,હા,હા,હા,Pending
Jivan Thumar Raydi,9879817790,મહુવા / અમદાવાદ,સપરિવાર,હા,હા,હા,હા,હા,Pending
Dr Kamlesh Variya Surat Aanand Skin & Care,9726370171,સુરત,સપરિવાર,હા,હા,હા,હા,હા,Pending
Rasoya Badri  Bhuj,9979955113,મહુવા / અમદાવાદ,સપરિવાર,હા,હા,હા,હા,હા,Pending
Mayur kalsaria,9601493248,મહુવા / અમદાવાદ,સપરિવાર,હા,હા,હા,હા,હા,Pending
Bharat Bhai Mum A/c,9930150125,મુંબઈ,સપરિવાર,હા,હા,હા,હા,હા,Pending
Brijesh Nakrani,9428056089,મહુવા / અમદાવાદ,સપરિવાર,હા,હા,હા,હા,હા,Pending
Amisha Gautam Pandya,9265122889,મહુવા / અમદાવાદ,સપરિવાર,હા,હા,હા,હા,હા,Pending
Medical Stor Sasti Dva,9033572825,મહુવા / અમદાવાદ,સપરિવાર,હા,હા,હા,હા,હા,Pending
P P Padsala Aml,9426907900,અમરેલી,સપરિવાર,હા,હા,હા,હા,હા,Pending
Janseva,7016062201,મહુવા / અમદાવાદ,સપરિવાર,હા,હા,હા,હા,હા,Pending
Janki Gondaliya Clark,9313563469,મહુવા / અમદાવાદ,સપરિવાર,હા,હા,હા,હા,હા,Pending
Umesh Stil Rajkot,9879764464,રાજકોટ,સપરિવાર,હા,હા,હા,હા,હા,Pending
Umesh Stil Rajkot,9879864464,રાજકોટ,સપરિવાર,હા,હા,હા,હા,હા,Pending
Vinu Bhai Vidhya Mandir,9429405000,મહુવા / અમદાવાદ,સપરિવાર,હા,હા,હા,હા,હા,Pending
Dr Ashok bhai Bavadiya,9824518282,મહુવા / અમદાવાદ,સપરિવાર,હા,હા,હા,હા,હા,Pending
Dr Ashok bhai Bavadiya,2844228282,મહુવા / અમદાવાદ,સપરિવાર,હા,હા,હા,હા,હા,Pending
Dr Ashok bhai Bavadiya,9081228282,મહુવા / અમદાવાદ,સપરિવાર,હા,હા,હા,હા,હા,Pending
Ramesh Makavan,7878797788,મહુવા / અમદાવાદ,સપરિવાર,હા,હા,હા,હા,હા,Pending
Ramesh Makavan,9427744722,મહુવા / અમદાવાદ,સપરિવાર,હા,હા,હા,હા,હા,Pending
Kumar Prakashan Ahd Hetal Bhai,9824032243,અમદાવાદ,સપરિવાર,હા,હા,હા,હા,હા,Pending
Viral Rashmikant Jani,9428274222,મહુવા / અમદાવાદ,સપરિવાર,હા,હા,હા,હા,હા,Pending
Kalu Bhai Box Vala,9717172365,મહુવા / અમદાવાદ,સપરિવાર,હા,હા,હા,હા,હા,Pending
Nandan Curiayar,9924531153,મહુવા / અમદાવાદ,સપરિવાર,હા,હા,હા,હા,હા,Pending
Nandan Curiayar,8154040933,મહુવા / અમદાવાદ,સપરિવાર,હા,હા,હા,હા,હા,Pending
Phy Bharat Bhai Rampara,7600208485,મહુવા / અમદાવાદ,સપરિવાર,હા,હા,હા,હા,હા,Pending
Ganesh.Nilo,9879660013,મહુવા / અમદાવાદ,સપરિવાર,હા,હા,હા,હા,હા,Pending
Raju Sanghvi,9825774304,મહુવા / અમદાવાદ,સપરિવાર,હા,હા,હા,હા,હા,Pending
Bhavesh Ralgon,9898292482,મહુવા / અમદાવાદ,સપરિવાર,હા,હા,હા,હા,હા,Pending
Jasu frut vala,9427264550,મહુવા / અમદાવાદ,સપરિવાર,હા,હા,હા,હા,હા,Pending
Vijay Bhai Dhanani Surat,9377763038,સુરત,સપરિવાર,હા,હા,હા,હા,હા,Pending
Om Karesh Provion,7016912802,મહુવા / અમદાવાદ,સપરિવાર,હા,હા,હા,હા,હા,Pending
Om Karesh Provion,9428078406,મહુવા / અમદાવાદ,સપરિવાર,હા,હા,હા,હા,હા,Pending
Pashwa Novelty,9898110118,મહુવા / અમદાવાદ,સપરિવાર,હા,હા,હા,હા,હા,Pending
Atul Pandya Solar,9924899909,મહુવા / અમદાવાદ,સપરિવાર,હા,હા,હા,હા,હા,Pending
Dr Kinal Medical Bhv,8980202405,ભાવનગર,સપરિવાર,હા,હા,હા,હા,હા,Pending
Brijesh,8511125172,મહુવા / અમદાવાદ,સપરિવાર,હા,હા,હા,હા,હા,Pending
Vidhya Nagar Gurukul,7096032284,મહુવા / અમદાવાદ,સપરિવાર,હા,હા,હા,હા,હા,Pending
Bhavin Sels,9574897425,મહુવા / અમદાવાદ,સપરિવાર,હા,હા,હા,હા,હા,Pending
Bhagat Bapu Khimnath,9879521833,મહુવા / અમદાવાદ,સપરિવાર,હા,હા,હા,હા,હા,Pending
Jalaram Girdhar Bhai,9879932838,મહુવા / અમદાવાદ,સપરિવાર,હા,હા,હા,હા,હા,Pending
Atul Bhai Kankiya  Ture Travels,9574027533,મહુવા / અમદાવાદ,સપરિવાર,હા,હા,હા,હા,હા,Pending
Paresh Vairing Sahjanand,7359188286,મહુવા / અમદાવાદ,સપરિવાર,હા,હા,હા,હા,હા,Pending
Bio Dipak Bhai Kalsariya,9157855857,મહુવા / અમદાવાદ,સપરિવાર,હા,હા,હા,હા,હા,Pending
Bio Dipak Bhai Kalsariya,9924782721,મહુવા / અમદાવાદ,સપરિવાર,હા,હા,હા,હા,હા,Pending
Talati Isha Tea,6354241955,મહુવા / અમદાવાદ,સપરિવાર,હા,હા,હા,હા,હા,Pending
Naresh Bhai Dungarpar,9825504009,મહુવા / અમદાવાદ,સપરિવાર,હા,હા,હા,હા,હા,Pending
Jagdish Gajera Kik,9375022722,મહુવા / અમદાવાદ,સપરિવાર,હા,હા,હા,હા,હા,Pending
Parag Bhai Sheth Mum,9821055054,મુંબઈ,સપરિવાર,હા,હા,હા,હા,હા,Pending
Photo Vadli,8980201526,મહુવા / અમદાવાદ,સપરિવાર,હા,હા,હા,હા,હા,Pending
Lavji bhai Kumbhani,9879461595,મહુવા / અમદાવાદ,સપરિવાર,હા,હા,હા,હા,હા,Pending
Bhagvati travels,2844222194,મહુવા / અમદાવાદ,સપરિવાર,હા,હા,હા,હા,હા,Pending
Bhagvati travels,9725514255,મહુવા / અમદાવાદ,સપરિવાર,હા,હા,હા,હા,હા,Pending
Gopal Bhai,9327086280,મહુવા / અમદાવાદ,સપરિવાર,હા,હા,હા,હા,હા,Pending
Shivdatt Mistri Bhv,9979620299,ભાવનગર,સપરિવાર,હા,હા,હા,હા,હા,Pending
Shivdatt Mistri Bhv,8160154283,ભાવનગર,સપરિવાર,હા,હા,હા,હા,હા,Pending
Mahesh Bhai Sheth,9820469217,મહુવા / અમદાવાદ,સપરિવાર,હા,હા,હા,હા,હા,Pending
Ele Tushar Bhv,7621069898,ભાવનગર,સપરિવાર,હા,હા,હા,હા,હા,Pending
Ele Tushar Bhv,9974039898,ભાવનગર,સપરિવાર,હા,હા,હા,હા,હા,Pending
Daksha Ben Patel,9429962910,મહુવા / અમદાવાદ,સપરિવાર,હા,હા,હા,હા,હા,Pending
Himat Bhai Kalsariya Tea,6352600474,મહુવા / અમદાવાદ,સપરિવાર,હા,હા,હા,હા,હા,Pending
Maharaja stil furnicer,2844246284,મહુવા / અમદાવાદ,સપરિવાર,હા,હા,હા,હા,હા,Pending
Maharaja stil furnicer,9825615381,મહુવા / અમદાવાદ,સપરિવાર,હા,હા,હા,હા,હા,Pending
Gidha Bhagat Hemal,9924991512,મહુવા / અમદાવાદ,સપરિવાર,હા,હા,હા,હા,હા,Pending
Math Mate Manisha Ben,9328156508,મહુવા / અમદાવાદ,સપરિવાર,હા,હા,હા,હા,હા,Pending
Mayata Kasan,9879150450,મહુવા / અમદાવાદ,સપરિવાર,હા,હા,હા,હા,હા,Pending
Dr Paresh Pandya Sadbhavna,6351488489,મહુવા / અમદાવાદ,સપરિવાર,હા,હા,હા,હા,હા,Pending
Krupa Ben Vaghela,9054276830,મહુવા / અમદાવાદ,સપરિવાર,હા,હા,હા,હા,હા,Pending
Gadthriya Jayshri Ben Tea,9574836622,મહુવા / અમદાવાદ,સપરિવાર,હા,હા,હા,હા,હા,Pending
Gadthriya Jayshri Ben Tea,9904736123,મહુવા / અમદાવાદ,સપરિવાર,હા,હા,હા,હા,હા,Pending
Va guruji,9825347969,મહુવા / અમદાવાદ,સપરિવાર,હા,હા,હા,હા,હા,Pending
Radip Karan Sih Gohil,8347888483,મહુવા / અમદાવાદ,સપરિવાર,હા,હા,હા,હા,હા,Pending
Navin fuva,9428401931,મહુવા / અમદાવાદ,સપરિવાર,હા,હા,હા,હા,હા,Pending
Raju Hari Chauhan Aadhar SBI,7226891845,મહુવા / અમદાવાદ,સપરિવાર,હા,હા,હા,હા,હા,Pending
ICICI Manager,9376549494,મહુવા / અમદાવાદ,સપરિવાર,હા,હા,હા,હા,હા,Pending
V J Bhamar Sir College,9879405908,મહુવા / અમદાવાદ,સપરિવાર,હા,હા,હા,હા,હા,Pending
P D Kamliya Sar. Dem,8000959898,મહુવા / અમદાવાદ,સપરિવાર,હા,હા,હા,હા,હા,Pending
P D Kamliya Sar. Dem,8849496024,મહુવા / અમદાવાદ,સપરિવાર,હા,હા,હા,હા,હા,Pending
Jitu Bhai Filter Ripe Maruti,9909446911,મહુવા / અમદાવાદ,સપરિવાર,હા,હા,હા,હા,હા,Pending
Jenti bhai sagar,9428408449,મહુવા / અમદાવાદ,સપરિવાર,હા,હા,હા,હા,હા,Pending
Dr Jaimin Navdiya Bhv,9427749201,ભાવનગર,સપરિવાર,હા,હા,હા,હા,હા,Pending
Hemal Bhai BH,9898869933,મહુવા / અમદાવાદ,સપરિવાર,હા,હા,હા,હા,હા,Pending
Nisha Radadia,9427511611,મહુવા / અમદાવાદ,સપરિવાર,હા,હા,હા,હા,હા,Pending
Nisha Radadia,9426275981,મહુવા / અમદાવાદ,સપરિવાર,હા,હા,હા,હા,હા,Pending
Praful Mama,9979399666,મહુવા / અમદાવાદ,સપરિવાર,હા,હા,હા,હા,હા,Pending
Praful Mama,8200048902,મહુવા / અમદાવાદ,સપરિવાર,હા,હા,હા,હા,હા,Pending
Sunil Katariya Mangal Murti,9662277276,મહુવા / અમદાવાદ,સપરિવાર,હા,હા,હા,હા,હા,Pending
Madh Jagdish Bhai Bhil,9687328400,મહુવા / અમદાવાદ,સપરિવાર,હા,હા,હા,હા,હા,Pending
Clark Ashvin Makvana,8141642953,મહુવા / અમદાવાદ,સપરિવાર,હા,હા,હા,હા,હા,Pending
Tushar Kanti Bhai Ukani,9879932888,મહુવા / અમદાવાદ,સપરિવાર,હા,હા,હા,હા,હા,Pending
Nil Ladani,9913378946,મહુવા / અમદાવાદ,સપરિવાર,હા,હા,હા,હા,હા,Pending
Tufan Shard Bhai,9824212821,મહુવા / અમદાવાદ,સપરિવાર,હા,હા,હા,હા,હા,Pending
Suketu Bhai Bhv,9375757177,ભાવનગર,સપરિવાર,હા,હા,હા,હા,હા,Pending
Sanjay Bhai Doshi,9825386751,મહુવા / અમદાવાદ,સપરિવાર,હા,હા,હા,હા,હા,Pending
Jaladhi Bhatt,6353131181,મહુવા / અમદાવાદ,સપરિવાર,હા,હા,હા,હા,હા,Pending
Shailesh Bhai Senta,9374175375,મહુવા / અમદાવાદ,સપરિવાર,હા,હા,હા,હા,હા,Pending
Mitul Ram Katha,9824985297,મહુવા / અમદાવાદ,સપરિવાર,હા,હા,હા,હા,હા,Pending
Kathiyavadi Hotel,9825595242,મહુવા / અમદાવાદ,સપરિવાર,હા,હા,હા,હા,હા,Pending
Hardik Yadav Navnit,9099056847,મહુવા / અમદાવાદ,સપરિવાર,હા,હા,હા,હા,હા,Pending
Kunal Busa Virat Vasan,9426948385,મહુવા / અમદાવાદ,સપરિવાર,હા,હા,હા,હા,હા,Pending
Jitu  Bhai Gajera,9824223124,મહુવા / અમદાવાદ,સપરિવાર,હા,હા,હા,હા,હા,Pending
Jitu  Bhai Gajera,9825430567,મહુવા / અમદાવાદ,સપરિવાર,હા,હા,હા,હા,હા,Pending
Dabhi Raju Bhai Tea,9979643700,મહુવા / અમદાવાદ,સપરિવાર,હા,હા,હા,હા,હા,Pending
Dr Arvind Nahotha Jesar,9979303349,મહુવા / અમદાવાદ,સપરિવાર,હા,હા,હા,હા,હા,Pending
Jatin Joshi Vakil,9427753849,મહુવા / અમદાવાદ,સપરિવાર,હા,હા,હા,હા,હા,Pending
Jatin Joshi Vakil,7203046440,મહુવા / અમદાવાદ,સપરિવાર,હા,હા,હા,હા,હા,Pending
Sanket bhalala,9909407337,મહુવા / અમદાવાદ,સપરિવાર,હા,હા,હા,હા,હા,Pending
Jenti Bhai Surat,9909280547,સુરત,સપરિવાર,હા,હા,હા,હા,હા,Pending
Sagar dudh pavadar Rjt,9275750439,રાજકોટ,સપરિવાર,હા,હા,હા,હા,હા,Pending
Somani sir maml,8200877923,મહુવા / અમદાવાદ,સપરિવાર,હા,હા,હા,હા,હા,Pending
Somani sir maml,9427777923,મહુવા / અમદાવાદ,સપરિવાર,હા,હા,હા,હા,હા,Pending
Mukesh Bhai Radadiya Surat,9904398405,સુરત,સપરિવાર,હા,હા,હા,હા,હા,Pending
Lathiya Manojbhai D. E. O. Bhavngara,9687119143,મહુવા / અમદાવાદ,સપરિવાર,હા,હા,હા,હા,હા,Pending
Sajid Max,9824950586,મહુવા / અમદાવાદ,સપરિવાર,હા,હા,હા,હા,હા,Pending
Sajid Max,9687630303,મહુવા / અમદાવાદ,સપરિવાર,હા,હા,હા,હા,હા,Pending
Dr Himansu purohit,9998982552,મહુવા / અમદાવાદ,સપરિવાર,હા,હા,હા,હા,હા,Pending
Dr Himansu purohit,8238014948,મહુવા / અમદાવાદ,સપરિવાર,હા,હા,હા,હા,હા,Pending
Madhu Gramin Bank,9879342489,મહુવા / અમદાવાદ,સપરિવાર,હા,હા,હા,હા,હા,Pending
Sardar Gurukul Bhv Majendra,9723259348,ભાવનગર,સપરિવાર,હા,હા,હા,હા,હા,Pending
Dipak Srirang,9898622722,મહુવા / અમદાવાદ,સપરિવાર,હા,હા,હા,હા,હા,Pending
E Sens Samir Trenar,9727717706,મહુવા / અમદાવાદ,સપરિવાર,હા,હા,હા,હા,હા,Pending
Raju Khimani Nagrik Benk,9714732900,મહુવા / અમદાવાદ,સપરિવાર,હા,હા,હા,હા,હા,Pending
Rtn Ketan Doshi Junagath,9824284811,મહુવા / અમદાવાદ,સપરિવાર,હા,હા,હા,હા,હા,Pending
Bhav Tele  Office,9426639696,ભાવનગર,સપરિવાર,હા,હા,હા,હા,હા,Pending
ATD BHAVESH BARAIYA CHITRA,7567472974,મહુવા / અમદાવાદ,સપરિવાર,હા,હા,હા,હા,હા,Pending
Suresh Bhai Padshala,9998090244,મહુવા / અમદાવાદ,સપરિવાર,હા,હા,હા,હા,હા,Pending
Dhaval Zalavadiya,9016532985,મહુવા / અમદાવાદ,સપરિવાર,હા,હા,હા,હા,હા,Pending
Dhaval Zalavadiya,9428078185,મહુવા / અમદાવાદ,સપરિવાર,હા,હા,હા,હા,હા,Pending
Mahavir Courier Service,6354043481,મહુવા / અમદાવાદ,સપરિવાર,હા,હા,હા,હા,હા,Pending
401 Ajay Bhai Parekh,9825598598,મહુવા / અમદાવાદ,સપરિવાર,હા,હા,હા,હા,હા,Pending
401 Ajay Bhai Parekh,8401090999,મહુવા / અમદાવાદ,સપરિવાર,હા,હા,હા,હા,હા,Pending
Dada Humant Farma,9727779755,મહુવા / અમદાવાદ,સપરિવાર,હા,હા,હા,હા,હા,Pending
Meet Ramdevputra,9824325470,મહુવા / અમદાવાદ,સપરિવાર,હા,હા,હા,હા,હા,Pending
Mother dairy,9979050286,મહુવા / અમદાવાદ,સપરિવાર,હા,હા,હા,હા,હા,Pending
Radhe Shild Aml,9825376677,અમરેલી,સપરિવાર,હા,હા,હા,હા,હા,Pending
Hitesh padsala hemal,9601296401,મહુવા / અમદાવાદ,સપરિવાર,હા,હા,હા,હા,હા,Pending
Minesh Tour Dilhi,9904264167,મહુવા / અમદાવાદ,સપરિવાર,હા,હા,હા,હા,હા,Pending
Subodh Bhai,9904452490,મહુવા / અમદાવાદ,સપરિવાર,હા,હા,હા,હા,હા,Pending
Kamlesh Gajera Mit,9824747441,મહુવા / અમદાવાદ,સપરિવાર,હા,હા,હા,હા,હા,Pending
Vishal Riksha,8140208121,મહુવા / અમદાવાદ,સપરિવાર,હા,હા,હા,હા,હા,Pending
Vipul Jadeja Cctv Bhv,9586179981,ભાવનગર,સપરિવાર,હા,હા,હા,હા,હા,Pending
Galthariya Nilesh CCTV,6352072023,મહુવા / અમદાવાદ,સપરિવાર,હા,હા,હા,હા,હા,Pending
Varun Girdhar Valiya,9426188841,મહુવા / અમદાવાદ,સપરિવાર,હા,હા,હા,હા,હા,Pending
Girdhar Bhai Valia,9824543540,મહુવા / અમદાવાદ,સપરિવાર,હા,હા,હા,હા,હા,Pending
Ghanshyam Bhai Gaudani,9913938765,મહુવા / અમદાવાદ,સપરિવાર,હા,હા,હા,હા,હા,Pending
Maharaja electric,9426822833,મહુવા / અમદાવાદ,સપરિવાર,હા,હા,હા,હા,હા,Pending
Maharaja electric,2844225503,મહુવા / અમદાવાદ,સપરિવાર,હા,હા,હા,હા,હા,Pending
Maharaja electric,2844222504,મહુવા / અમદાવાદ,સપરિવાર,હા,હા,હા,હા,હા,Pending
Dr Keshavji S  Panara,9824925370,મહુવા / અમદાવાદ,સપરિવાર,હા,હા,હા,હા,હા,Pending
Math Mate Ankit Nakum,6359378722,મહુવા / અમદાવાદ,સપરિવાર,હા,હા,હા,હા,હા,Pending
Droing Tea Sejal Bhil Sos,9081342895,મહુવા / અમદાવાદ,સપરિવાર,હા,હા,હા,હા,હા,Pending
Raju Makvana Nesvad,9429230904,મહુવા / અમદાવાદ,સપરિવાર,હા,હા,હા,હા,હા,Pending
Nasik Dresswala Anulday,7385524839,મહુવા / અમદાવાદ,સપરિવાર,હા,હા,હા,હા,હા,Pending
Dr R B Hadiya,9879546667,મહુવા / અમદાવાદ,સપરિવાર,હા,હા,હા,હા,હા,Pending
Ketan seta Radhe kapad,9726307655,મહુવા / અમદાવાદ,સપરિવાર,હા,હા,હા,હા,હા,Pending
Drashita Bhacha,9924676061,મહુવા / અમદાવાદ,સપરિવાર,હા,હા,હા,હા,હા,Pending
Dipak Padariya,9428996340,મહુવા / અમદાવાદ,સપરિવાર,હા,હા,હા,હા,હા,Pending
Hdfc IPO MAYANK BHAI,9033616281,મહુવા / અમદાવાદ,સપરિવાર,હા,હા,હા,હા,હા,Pending
Hasmukh Bhai Ukani,9428191841,મહુવા / અમદાવાદ,સપરિવાર,હા,હા,હા,હા,હા,Pending
Bhavesh Kumar Rasnal,9879717512,મહુવા / અમદાવાદ,સપરિવાર,હા,હા,હા,હા,હા,Pending
Bhavesh Kumar Rasnal,8758963634,મહુવા / અમદાવાદ,સપરિવાર,હા,હા,હા,હા,હા,Pending
Kumarsinh Sarvaiya Prayosha,9824226515,મહુવા / અમદાવાદ,સપરિવાર,હા,હા,હા,હા,હા,Pending
Bhavesh Ranparda,9714583106,મહુવા / અમદાવાદ,સપરિવાર,હા,હા,હા,હા,હા,Pending
Nilesh Bhai Lakky,9426450995,મહુવા / અમદાવાદ,સપરિવાર,હા,હા,હા,હા,હા,Pending
Vinod bhai mehta U S A,14082681259,મહુવા / અમદાવાદ,સપરિવાર,હા,હા,હા,હા,હા,Pending
Vinod bhai mehta U S A,14085919217,મહુવા / અમદાવાદ,સપરિવાર,હા,હા,હા,હા,હા,Pending
GSTV Prahladsih Rathod,9408180050,મહુવા / અમદાવાદ,સપરિવાર,હા,હા,હા,હા,હા,Pending
Chiman bhai taveda,9825024080,મહુવા / અમદાવાદ,સપરિવાર,હા,હા,હા,હા,હા,Pending
Chiman bhai taveda,9377724080,મહુવા / અમદાવાદ,સપરિવાર,હા,હા,હા,હા,હા,Pending
Math Mahesh Katriya,9537414685,મહુવા / અમદાવાદ,સપરિવાર,હા,હા,હા,હા,હા,Pending
Hasu Bhai Shriji,9825858981,મહુવા / અમદાવાદ,સપરિવાર,હા,હા,હા,હા,હા,Pending
Hasu Bhai Shriji,8200962070,મહુવા / અમદાવાદ,સપરિવાર,હા,હા,હા,હા,હા,Pending
301 Bharat Bhai Sheth,9879056831,મહુવા / અમદાવાદ,સપરિવાર,હા,હા,હા,હા,હા,Pending
Ration Sudhara  Mayur Boricha,8000385241,મહુવા / અમદાવાદ,સપરિવાર,હા,હા,હા,હા,હા,Pending
Gosai Shubham Dipak Bhai,9409588712,મહુવા / અમદાવાદ,સપરિવાર,હા,હા,હા,હા,હા,Pending
Vaza Rameah bhai Sc/St,7383566890,મહુવા / અમદાવાદ,સપરિવાર,હા,હા,હા,હા,હા,Pending
Pushpa ben thakar,9723001100,મહુવા / અમદાવાદ,સપરિવાર,હા,હા,હા,હા,હા,Pending
Pushpa ben thakar,7016216880,મહુવા / અમદાવાદ,સપરિવાર,હા,હા,હા,હા,હા,Pending
0,9924149702,મહુવા / અમદાવાદ,સપરિવાર,હા,હા,હા,હા,હા,Pending
Pankaj Bhai Pathar,9904744601,મહુવા / અમદાવાદ,સપરિવાર,હા,હા,હા,હા,હા,Pending
Sardar Gurukul Rana Upendra,9377232324,મહુવા / અમદાવાદ,સપરિવાર,હા,હા,હા,હા,હા,Pending
201 Puja Ben,9429503335,મહુવા / અમદાવાદ,સપરિવાર,હા,હા,હા,હા,હા,Pending
Ramesh kaka radadia,9904181689,મહુવા / અમદાવાદ,સપરિવાર,હા,હા,હા,હા,હા,Pending
Mansukh Bhai Ghanti Vala,9998423438,મહુવા / અમદાવાદ,સપરિવાર,હા,હા,હા,હા,હા,Pending
Bhavesh Ucha Kotda,9558396033,મહુવા / અમદાવાદ,સપરિવાર,હા,હા,હા,હા,હા,Pending
Mehul A C Rirer,9737172030,મહુવા / અમદાવાદ,સપરિવાર,હા,હા,હા,હા,હા,Pending
Jitu bhai mistri Parmar,9898751484,મહુવા / અમદાવાદ,સપરિવાર,હા,હા,હા,હા,હા,Pending
Jitu bhai mistri Parmar,8488809285,મહુવા / અમદાવાદ,સપરિવાર,હા,હા,હા,હા,હા,Pending
Jitu bhai mistri Parmar,9924077130,મહુવા / અમદાવાદ,સપરિવાર,હા,હા,હા,હા,હા,Pending
Kamal Joshi C R C,8140644993,મહુવા / અમદાવાદ,સપરિવાર,હા,હા,હા,હા,હા,Pending
Kamal Joshi C R C,9714929797,મહુવા / અમદાવાદ,સપરિવાર,હા,હા,હા,હા,હા,Pending
Ashok Vaghani,9979319228,મહુવા / અમદાવાદ,સપરિવાર,હા,હા,હા,હા,હા,Pending
Hasu Pipavav,8154884706,મહુવા / અમદાવાદ,સપરિવાર,હા,હા,હા,હા,હા,Pending
Hasu Pipavav,8320468829,મહુવા / અમદાવાદ,સપરિવાર,હા,હા,હા,હા,હા,Pending
Manish prabhu,9978136555,મહુવા / અમદાવાદ,સપરિવાર,હા,હા,હા,હા,હા,Pending
Shailesh pathak,9429354108,મહુવા / અમદાવાદ,સપરિવાર,હા,હા,હા,હા,હા,Pending
Raju Bhai Saheb Fire Botad,9512100101,બોટાદ,સપરિવાર,હા,હા,હા,હા,હા,Pending
Naval Bhai Talgajrada,9824389469,મહુવા / અમદાવાદ,સપરિવાર,હા,હા,હા,હા,હા,Pending
Mahesh Bhai Aashirvad Frebiction,9426464268,મહુવા / અમદાવાદ,સપરિવાર,હા,હા,હા,હા,હા,Pending
Mahesh Chuhan J P,9428078230,મહુવા / અમદાવાદ,સપરિવાર,હા,હા,હા,હા,હા,Pending
Laxmi Rakhdi,9979231151,મહુવા / અમદાવાદ,સપરિવાર,હા,હા,હા,હા,હા,Pending
Asha Kalsariya Tea,8511269094,મહુવા / અમદાવાદ,સપરિવાર,હા,હા,હા,હા,હા,Pending
Chetan Hirani Stemp,8780956631,મહુવા / અમદાવાદ,સપરિવાર,હા,હા,હા,હા,હા,Pending
Raju sojitra Simran,9979855827,મહુવા / અમદાવાદ,સપરિવાર,હા,હા,હા,હા,હા,Pending
Dilip Bhai  Ramdev,9825858281,મહુવા / અમદાવાદ,સપરિવાર,હા,હા,હા,હા,હા,Pending
Bharat bhai khodifad,9879135462,મહુવા / અમદાવાદ,સપરિવાર,હા,હા,હા,હા,હા,Pending
Bharat bhai khodifad,9924552588,મહુવા / અમદાવાદ,સપરિવાર,હા,હા,હા,હા,હા,Pending
I P Manu Jurani,9924698622,મહુવા / અમદાવાદ,સપરિવાર,હા,હા,હા,હા,હા,Pending
Tansukh bhai,9825333606,મહુવા / અમદાવાદ,સપરિવાર,હા,હા,હા,હા,હા,Pending
Patra Mate Rajkot,9737642850,રાજકોટ,સપરિવાર,હા,હા,હા,હા,હા,Pending
Patra Mate Rajkot,8758004466,રાજકોટ,સપરિવાર,હા,હા,હા,હા,હા,Pending
Paresh Lakkad Darsh Papa,9328181917,મહુવા / અમદાવાદ,સપરિવાર,હા,હા,હા,હા,હા,Pending
Dr Sharad Dave,9824031765,મહુવા / અમદાવાદ,સપરિવાર,હા,હા,હા,હા,હા,Pending
Dr Sharad Dave,9427244071,મહુવા / અમદાવાદ,સપરિવાર,હા,હા,હા,હા,હા,Pending
Pushpa Gajera,8460078529,મહુવા / અમદાવાદ,સપરિવાર,હા,હા,હા,હા,હા,Pending
Bhanu Police Surat,8511596965,સુરત,સપરિવાર,હા,હા,હા,હા,હા,Pending
Bhanu Police Surat,8732967087,સુરત,સપરિવાર,હા,હા,હા,હા,હા,Pending
Dula Bhai Bhaliya,9974798226,મહુવા / અમદાવાદ,સપરિવાર,હા,હા,હા,હા,હા,Pending
Makvana Raghav Mota Jadra,9725366181,મહુવા / અમદાવાદ,સપરિવાર,હા,હા,હા,હા,હા,Pending
Gajipara Dharmesh,8758757875,મહુવા / અમદાવાદ,સપરિવાર,હા,હા,હા,હા,હા,Pending
Gajipara Dharmesh,9157746980,મહુવા / અમદાવાદ,સપરિવાર,હા,હા,હા,હા,હા,Pending
Vijay Bhai Light Mum,8976660444,મુંબઈ,સપરિવાર,હા,હા,હા,હા,હા,Pending
Psppu Bhai S. Kundla,9426955618,સાવરકુંડલા,સપરિવાર,હા,હા,હા,હા,હા,Pending
Mathur Bhai Seta,9409417216,મહુવા / અમદાવાદ,સપરિવાર,હા,હા,હા,હા,હા,Pending
Dugheri Bharat BHAI,9574875710,મહુવા / અમદાવાદ,સપરિવાર,હા,હા,હા,હા,હા,Pending
Bsc Kailash Ben Seta,9737135035,મહુવા / અમદાવાદ,સપરિવાર,હા,હા,હા,હા,હા,Pending
Rajesh Bavadiya,9904459057,મહુવા / અમદાવાદ,સપરિવાર,હા,હા,હા,હા,હા,Pending
Rtn Sanjay Bhai Kapasi,9825379581,મહુવા / અમદાવાદ,સપરિવાર,હા,હા,હા,હા,હા,Pending
Harji masala,9904786060,મહુવા / અમદાવાદ,સપરિવાર,હા,હા,હા,હા,હા,Pending
Harji masala,9924978473,મહુવા / અમદાવાદ,સપરિવાર,હા,હા,હા,હા,હા,Pending
Dhanji Bhai Dhaduk,9925243583,મહુવા / અમદાવાદ,સપરિવાર,હા,હા,હા,હા,હા,Pending
Jatinbhai Maheta ADV,9879843636,મહુવા / અમદાવાદ,સપરિવાર,હા,હા,હા,હા,હા,Pending
Bela Mate Arvind Bhai,9824860144,મહુવા / અમદાવાદ,સપરિવાર,હા,હા,હા,હા,હા,Pending
Bela Mate Arvind Bhai,7990073583,મહુવા / અમદાવાદ,સપરિવાર,હા,હા,હા,હા,હા,Pending
Khodiyar Travel Surat,9328282028,સુરત,સપરિવાર,હા,હા,હા,હા,હા,Pending
Khodiyar Travel Surat,9427344445,સુરત,સપરિવાર,હા,હા,હા,હા,હા,Pending
Karshan Bhai Devka,9904039999,મહુવા / અમદાવાદ,સપરિવાર,હા,હા,હા,હા,હા,Pending
Purohit Dhruv Idfc Bank,7405858148,મહુવા / અમદાવાદ,સપરિવાર,હા,હા,હા,હા,હા,Pending
Narendra BHAI Limbani Ahd,9725048949,અમદાવાદ,સપરિવાર,હા,હા,હા,હા,હા,Pending
Ghanshyam Padsala,9979430207,મહુવા / અમદાવાદ,સપરિવાર,હા,હા,હા,હા,હા,Pending
Shubh mangal trasport,9375425693,મહુવા / અમદાવાદ,સપરિવાર,હા,હા,હા,હા,હા,Pending
Girish kaka kumbhan,9825739640,મહુવા / અમદાવાદ,સપરિવાર,હા,હા,હા,હા,હા,Pending
Ramesh Gajera Rupavati,9409173831,મહુવા / અમદાવાદ,સપરિવાર,હા,હા,હા,હા,હા,Pending
Ramesh Gajera Rupavati,9428787162,મહુવા / અમદાવાદ,સપરિવાર,હા,હા,હા,હા,હા,Pending
Vithal Bhai Kordia,9825506199,મહુવા / અમદાવાદ,સપરિવાર,હા,હા,હા,હા,હા,Pending
Mehul Finviya Ahd,9909755917,અમદાવાદ,સપરિવાર,હા,હા,હા,હા,હા,Pending
Guj Ghansyam Gohil,8000399685,મહુવા / અમદાવાદ,સપરિવાર,હા,હા,હા,હા,હા,Pending
Krupa Chauhan Eng,7572906077,મહુવા / અમદાવાદ,સપરિવાર,હા,હા,હા,હા,હા,Pending
Yunusbhai Meena Hotel,9913104929,મહુવા / અમદાવાદ,સપરિવાર,હા,હા,હા,હા,હા,Pending
Purohit Sir Calecutor Off,9426938925,મહુવા / અમદાવાદ,સપરિવાર,હા,હા,હા,હા,હા,Pending
Bhavna Ben Parmar,9737412200,મહુવા / અમદાવાદ,સપરિવાર,હા,હા,હા,હા,હા,Pending
Vishal Sir Rajyaguru,9429415776,મહુવા / અમદાવાદ,સપરિવાર,હા,હા,હા,હા,હા,Pending
Vishal Sir Rajyaguru,7990858439,મહુવા / અમદાવાદ,સપરિવાર,હા,હા,હા,હા,હા,Pending
Riya Papa Babra,9978917713,બાબરા,સપરિવાર,હા,હા,હા,હા,હા,Pending
Ghan bila,9824626101,મહુવા / અમદાવાદ,સપરિવાર,હા,હા,હા,હા,હા,Pending
Maharaja Gold Ashok,9998142122,મહુવા / અમદાવાદ,સપરિવાર,હા,હા,હા,હા,હા,Pending
Pratibha Mem Hanumant Sch,9106504159,મહુવા / અમદાવાદ,સપરિવાર,હા,હા,હા,હા,હા,Pending
Lic Shiyal Nilesh,9904251942,મહુવા / અમદાવાદ,સપરિવાર,હા,હા,હા,હા,હા,Pending
Vinod Bhai Hadiya Chemistry,9638783131,મહુવા / અમદાવાદ,સપરિવાર,હા,હા,હા,હા,હા,Pending
Navrang Rediam,9879037678,મહુવા / અમદાવાદ,સપરિવાર,હા,હા,હા,હા,હા,Pending
Navrang Rediam,9723958800,મહુવા / અમદાવાદ,સપરિવાર,હા,હા,હા,હા,હા,Pending
Dr Nirav Patel,7990434445,મહુવા / અમદાવાદ,સપરિવાર,હા,હા,હા,હા,હા,Pending
Ghanshyam Bhai Ukani,9428191840,મહુવા / અમદાવાદ,સપરિવાર,હા,હા,હા,હા,હા,Pending
S16 Solanki Nilesh M Solanki,7878717161,મહુવા / અમદાવાદ,સપરિવાર,હા,હા,હા,હા,હા,Pending
Dharmendra Sinh Gseb,9426594765,મહુવા / અમદાવાદ,સપરિવાર,હા,હા,હા,હા,હા,Pending
Jignesh Trivedi Talgagrda Model,7567231333,મહુવા / અમદાવાદ,સપરિવાર,હા,હા,હા,હા,હા,Pending
Mahiraj Jaysukh Bhai Ahd,7863806343,અમદાવાદ,સપરિવાર,હા,હા,હા,હા,હા,Pending
Dwarka Patel Samaj Vadi,9429444960,મહુવા / અમદાવાદ,સપરિવાર,હા,હા,હા,હા,હા,Pending
Raju Vithal Kaka,7878892066,મહુવા / અમદાવાદ,સપરિવાર,હા,હા,હા,હા,હા,Pending
Dharmesh BHAI Mandir,9724855098,મહુવા / અમદાવાદ,સપરિવાર,હા,હા,હા,હા,હા,Pending
Ashutosh Dada Kundla,9429075200,સાવરકુંડલા,સપરિવાર,હા,હા,હા,હા,હા,Pending
Jalaram Tra Surat,9624310119,સુરત,સપરિવાર,હા,હા,હા,હા,હા,Pending
Anita Ben Prasad Hos,9033158142,મહુવા / અમદાવાદ,સપરિવાર,હા,હા,હા,હા,હા,Pending
Paresh Jani Pipavav,9510612334,મહુવા / અમદાવાદ,સપરિવાર,હા,હા,હા,હા,હા,Pending
Badru Bhai Yard,9429436872,મહુવા / અમદાવાદ,સપરિવાર,હા,હા,હા,હા,હા,Pending
Dr Hari J Pamnani,9824479060,મહુવા / અમદાવાદ,સપરિવાર,હા,હા,હા,હા,હા,Pending
San .Mate Rajyaguru Priyansh,6354459587,મહુવા / અમદાવાદ,સપરિવાર,હા,હા,હા,હા,હા,Pending
Dr Mukesh Makvana,7069380607,મહુવા / અમદાવાદ,સપરિવાર,હા,હા,હા,હા,હા,Pending
Dr Mukesh Makvana,8758745788,મહુવા / અમદાવાદ,સપરિવાર,હા,હા,હા,હા,હા,Pending
Mahima Vyas Clark,9328917250,મહુવા / અમદાવાદ,સપરિવાર,હા,હા,હા,હા,હા,Pending
Ramesh Baldaniya Axis jadra,9537615151,મહુવા / અમદાવાદ,સપરિવાર,હા,હા,હા,હા,હા,Pending
Anil Readymet,9879224807,મહુવા / અમદાવાદ,સપરિવાર,હા,હા,હા,હા,હા,Pending
Anil Readymet,9726166955,મહુવા / અમદાવાદ,સપરિવાર,હા,હા,હા,હા,હા,Pending
Umed Bhai Patel,9979905790,મહુવા / અમદાવાદ,સપરિવાર,હા,હા,હા,હા,હા,Pending
Civil Enginiyar Kartvya Pandya,9428785603,મહુવા / અમદાવાદ,સપરિવાર,હા,હા,હા,હા,હા,Pending
Civil Enginiyar Kartvya Pandya,7041583101,મહુવા / અમદાવાદ,સપરિવાર,હા,હા,હા,હા,હા,Pending
Raghu Bhai (Rakesh) R F O,9898281285,મહુવા / અમદાવાદ,સપરિવાર,હા,હા,હા,હા,હા,Pending
Rati BHAI Sagar,9924775250,મહુવા / અમદાવાદ,સપરિવાર,હા,હા,હા,હા,હા,Pending
Marshant Sir,7567382220,મહુવા / અમદાવાદ,સપરિવાર,હા,હા,હા,હા,હા,Pending
Marshant Sir,9924774907,મહુવા / અમદાવાદ,સપરિવાર,હા,હા,હા,હા,હા,Pending
Gunvant Darji,9904198098,મહુવા / અમદાવાદ,સપરિવાર,હા,હા,હા,હા,હા,Pending
Daksha Kordiya Teacher,9904562082,મહુવા / અમદાવાદ,સપરિવાર,હા,હા,હા,હા,હા,Pending
Daksha Kordiya Teacher,7405550338,મહુવા / અમદાવાદ,સપરિવાર,હા,હા,હા,હા,હા,Pending
Chuni Bhai Zalavadia,9924149722,મહુવા / અમદાવાદ,સપરિવાર,હા,હા,હા,હા,હા,Pending
Gosai  Gram Sevak,9904160012,મહુવા / અમદાવાદ,સપરિવાર,હા,હા,હા,હા,હા,Pending
Lol Rakshak Talaja,9825722535,તળાજા,સપરિવાર,હા,હા,હા,હા,હા,Pending
Dr kalu padasala,9979187474,મહુવા / અમદાવાદ,સપરિવાર,હા,હા,હા,હા,હા,Pending
P I Samat bhai Varotaria,9426999102,મહુવા / અમદાવાદ,સપરિવાર,હા,હા,હા,હા,હા,Pending
Himat Bhai Talgajarda,9974930831,મહુવા / અમદાવાદ,સપરિવાર,હા,હા,હા,હા,હા,Pending
Jalaram Mukesh Bhai,9925487948,મહુવા / અમદાવાદ,સપરિવાર,હા,હા,હા,હા,હા,Pending
Ramji Pateliya Dalal,9879787504,મહુવા / અમદાવાદ,સપરિવાર,હા,હા,હા,હા,હા,Pending
Kashish Oza Eng Mate,7490827342,મહુવા / અમદાવાદ,સપરિવાર,હા,હા,હા,હા,હા,Pending
Makvana Vinod Tea,7698609985,મહુવા / અમદાવાદ,સપરિવાર,હા,હા,હા,હા,હા,Pending
Vinu Bhai Jethva Fire Talaja,8980015369,તળાજા,સપરિવાર,હા,હા,હા,હા,હા,Pending
Bhumi Travels,9913915656,મહુવા / અમદાવાદ,સપરિવાર,હા,હા,હા,હા,હા,Pending
Bhumi Travels,9738321111,મહુવા / અમદાવાદ,સપરિવાર,હા,હા,હા,હા,હા,Pending
Shakti Frem Nayan Bhai,7567513014,મહુવા / અમદાવાદ,સપરિવાર,હા,હા,હા,હા,હા,Pending
0,9712031494,મહુવા / અમદાવાદ,સપરિવાર,હા,હા,હા,હા,હા,Pending
Safin Bhai,9601936665,મહુવા / અમદાવાદ,સપરિવાર,હા,હા,હા,હા,હા,Pending
Rajesh Kathiriya,8141414810,મહુવા / અમદાવાદ,સપરિવાર,હા,હા,હા,હા,હા,Pending
Ashish Umi Bro Khodal Dham,9574784401,મહુવા / અમદાવાદ,સપરિવાર,હા,હા,હા,હા,હા,Pending
Albeli,9824895275,મહુવા / અમદાવાદ,સપરિવાર,હા,હા,હા,હા,હા,Pending
Mit Radadiya,9638826821,મહુવા / અમદાવાદ,સપરિવાર,હા,હા,હા,હા,હા,Pending
Mit Radadiya,9662281381,મહુવા / અમદાવાદ,સપરિવાર,હા,હા,હા,હા,હા,Pending
Sudhir Hirani,9499673205,મહુવા / અમદાવાદ,સપરિવાર,હા,હા,હા,હા,હા,Pending
Devsand Sajana,9925506232,મહુવા / અમદાવાદ,સપરિવાર,હા,હા,હા,હા,હા,Pending
Devsand Sajana,9157864700,મહુવા / અમદાવાદ,સપરિવાર,હા,હા,હા,હા,હા,Pending
Marvel Gramar Shrusti Mem,9974437616,મહુવા / અમદાવાદ,સપરિવાર,હા,હા,હા,હા,હા,Pending
Nilesh Chauhan (Citi Talati),9016646919,મહુવા / અમદાવાદ,સપરિવાર,હા,હા,હા,હા,હા,Pending
Nilesh Chauhan (Citi Talati),7575881303,મહુવા / અમદાવાદ,સપરિવાર,હા,હા,હા,હા,હા,Pending
Softwer mukesh,9824411369,મહુવા / અમદાવાદ,સપરિવાર,હા,હા,હા,હા,હા,Pending
Navin Rasoya,8487826043,મહુવા / અમદાવાદ,સપરિવાર,હા,હા,હા,હા,હા,Pending
Manoj Dhanani Surat,9377740417,સુરત,સપરિવાર,હા,હા,હા,હા,હા,Pending
Paresh Vekriya Office,9879023368,મહુવા / અમદાવાદ,સપરિવાર,હા,હા,હા,હા,હા,Pending
Ghanshyam Swami P T C,8141555566,મહુવા / અમદાવાદ,સપરિવાર,હા,હા,હા,હા,હા,Pending
Rajvi Ghan,7984482675,મહુવા / અમદાવાદ,સપરિવાર,હા,હા,હા,હા,હા,Pending
Mahindra Motor,9925139389,મહુવા / અમદાવાદ,સપરિવાર,હા,હા,હા,હા,હા,Pending
Gaurang Jani Eng,9978992320,મહુવા / અમદાવાદ,સપરિવાર,હા,હા,હા,હા,હા,Pending
Upadhyay Jignesh Sir Dudhala -1,9426847662,મહુવા / અમદાવાદ,૧ વ્યક્તિ,હા,હા,હા,હા,હા,Pending
Bhavesh Bhai Busa,9913492507,મહુવા / અમદાવાદ,સપરિવાર,હા,હા,હા,હા,હા,Pending
Sidharth Bhai Gajera,9428079088,મહુવા / અમદાવાદ,સપરિવાર,હા,હા,હા,હા,હા,Pending
Amarish bhai kheni,9879620602,મહુવા / અમદાવાદ,સપરિવાર,હા,હા,હા,હા,હા,Pending
Munna bhai parmar,9428621142,મહુવા / અમદાવાદ,સપરિવાર,હા,હા,હા,હા,હા,Pending
Karan Kachhadiya,9537749324,મહુવા / અમદાવાદ,સપરિવાર,હા,હા,હા,હા,હા,Pending
Ramesh riksha,9924439713,મહુવા / અમદાવાદ,સપરિવાર,હા,હા,હા,હા,હા,Pending
Ramesh riksha,9016646188,મહુવા / અમદાવાદ,સપરિવાર,હા,હા,હા,હા,હા,Pending
Bhagvan Fuva,9998661481,મહુવા / અમદાવાદ,સપરિવાર,હા,હા,હા,હા,હા,Pending
Manoj Parmar,9714142100,મહુવા / અમદાવાદ,સપરિવાર,હા,હા,હા,હા,હા,Pending
Sch Shirish Bhai Konjali,9687190565,મહુવા / અમદાવાદ,સપરિવાર,હા,હા,હા,હા,હા,Pending
M P BUSA,9825386711,મહુવા / અમદાવાદ,સપરિવાર,હા,હા,હા,હા,હા,Pending
M P BUSA,2844223293,મહુવા / અમદાવાદ,સપરિવાર,હા,હા,હા,હા,હા,Pending
Eng Mate Chalala Mehul,9033915301,ચલાલા,સપરિવાર,હા,હા,હા,હા,હા,Pending
Sandip Bhai Pandya Pandit,9624050405,મહુવા / અમદાવાદ,સપરિવાર,હા,હા,હા,હા,હા,Pending
Maya bhai gohil,9054122802,મહુવા / અમદાવાદ,સપરિવાર,હા,હા,હા,હા,હા,Pending
Maya bhai gohil,8401007491,મહુવા / અમદાવાદ,સપરિવાર,હા,હા,હા,હા,હા,Pending
Sch Jitendra K  Katriya Sir Talgajrada,9408249083,મહુવા / અમદાવાદ,સપરિવાર,હા,હા,હા,હા,હા,Pending
Vidhalbhai Bed Hemal,9913263880,મહુવા / અમદાવાદ,સપરિવાર,હા,હા,હા,હા,હા,Pending
Sagar Bhalala,9924774723,મહુવા / અમદાવાદ,સપરિવાર,હા,હા,હા,હા,હા,Pending
Plamber Satar,9825480776,મહુવા / અમદાવાદ,સપરિવાર,હા,હા,હા,હા,હા,Pending
Raju Bhai Nakum Apmc,9426549274,મહુવા / અમદાવાદ,સપરિવાર,હા,હા,હા,હા,હા,Pending
Ashok Bhai Ladva S B I,9427233326,મહુવા / અમદાવાદ,સપરિવાર,હા,હા,હા,હા,હા,Pending
Ashok Bhai Ladva S B I,8849409996,મહુવા / અમદાવાદ,સપરિવાર,હા,હા,હા,હા,હા,Pending
Teacher Mahesh Sankhat,9726317676,મહુવા / અમદાવાદ,સપરિવાર,હા,હા,હા,હા,હા,Pending
Teacher Mahesh Sankhat,9558398646,મહુવા / અમદાવાદ,સપરિવાર,હા,હા,હા,હા,હા,Pending
Moja Mate Vijay Babra,9429689976,બાબરા,સપરિવાર,હા,હા,હા,હા,હા,Pending
Moja Mate Vijay Babra,9664807980,બાબરા,સપરિવાર,હા,હા,હા,હા,હા,Pending
Sbi  J K Patel Bhv,7600056836,ભાવનગર,સપરિવાર,હા,હા,હા,હા,હા,Pending
Kaushal Khodifad,9712862704,મહુવા / અમદાવાદ,સપરિવાર,હા,હા,હા,હા,હા,Pending
Jayesh Sir,7016314877,મહુવા / અમદાવાદ,સપરિવાર,હા,હા,હા,હા,હા,Pending
Jayesh Sir,9574586749,મહુવા / અમદાવાદ,સપરિવાર,હા,હા,હા,હા,હા,Pending
Pravin Bhai Ambaliya,9879668550,મહુવા / અમદાવાદ,સપરિવાર,હા,હા,હા,હા,હા,Pending
Pravin Bhai Ambaliya,8401040870,મહુવા / અમદાવાદ,સપરિવાર,હા,હા,હા,હા,હા,Pending
Bsc Ketan Bhalriya Chem,9825548022,મહુવા / અમદાવાદ,સપરિવાર,હા,હા,હા,હા,હા,Pending
Bsc Dhara Mem,8488957356,મહુવા / અમદાવાદ,સપરિવાર,હા,હા,હા,હા,હા,Pending
Jaykishan Bord Pratinidhi,9723196156,મહુવા / અમદાવાદ,સપરિવાર,હા,હા,હા,હા,હા,Pending
Kapil Swami,9825058774,મહુવા / અમદાવાદ,સપરિવાર,હા,હા,હા,હા,હા,Pending
Jr Clark Bord Pra,9664687773,મહુવા / અમદાવાદ,સપરિવાર,હા,હા,હા,હા,હા,Pending
Jignesh Jitu Bhai Kanojiya,9824957500,મહુવા / અમદાવાદ,સપરિવાર,હા,હા,હા,હા,હા,Pending
Jignesh Jitu Bhai Kanojiya,9033232399,મહુવા / અમદાવાદ,સપરિવાર,હા,હા,હા,હા,હા,Pending
Milan Bhai Van Vala,7359608365,મહુવા / અમદાવાદ,સપરિવાર,હા,હા,હા,હા,હા,Pending
Gaytri plastik mahesh,9428619831,મહુવા / અમદાવાદ,સપરિવાર,હા,હા,હા,હા,હા,Pending
Manisha Malani,7285833757,મહુવા / અમદાવાદ,સપરિવાર,હા,હા,હા,હા,હા,Pending
Manisha Malani,9726501315,મહુવા / અમદાવાદ,સપરિવાર,હા,હા,હા,હા,હા,Pending
Manisha Malani,9979147267,મહુવા / અમદાવાદ,સપરિવાર,હા,હા,હા,હા,હા,Pending
Dr Mukesh Bhut Pediatric,9825257870,મહુવા / અમદાવાદ,સપરિવાર,હા,હા,હા,હા,હા,Pending
Dr Mukesh Bhut Pediatric,2844221515,મહુવા / અમદાવાદ,સપરિવાર,હા,હા,હા,હા,હા,Pending
Gurukul Hariyana,9227600791,મહુવા / અમદાવાદ,સપરિવાર,હા,હા,હા,હા,હા,Pending
Ketan  riksha,9824872169,મહુવા / અમદાવાદ,સપરિવાર,હા,હા,હા,હા,હા,Pending
Prapti Mehta,9638222143,મહુવા / અમદાવાદ,સપરિવાર,હા,હા,હા,હા,હા,Pending
Dr Ravliya Sir,9687575057,મહુવા / અમદાવાદ,સપરિવાર,હા,હા,હા,હા,હા,Pending
Raj Thakar Hdfc,8347565841,મહુવા / અમદાવાદ,સપરિવાર,હા,હા,હા,હા,હા,Pending
Raju Bhai Akavada Gurukul,9898280066,મહુવા / અમદાવાદ,સપરિવાર,હા,હા,હા,હા,હા,Pending
Gautam Harikrishna Light,9586242828,મહુવા / અમદાવાદ,સપરિવાર,હા,હા,હા,હા,હા,Pending
Mansukh bhai sagar,9638070204,મહુવા / અમદાવાદ,સપરિવાર,હા,હા,હા,હા,હા,Pending
Prakash Post Dada,9426963527,મહુવા / અમદાવાદ,સપરિવાર,હા,હા,હા,હા,હા,Pending
Prakash Post Dada,6353505118,મહુવા / અમદાવાદ,સપરિવાર,હા,હા,હા,હા,હા,Pending
Shital Solanki Teacher,9727131440,મહુવા / અમદાવાદ,સપરિવાર,હા,હા,હા,હા,હા,Pending
Shital Solanki Teacher,8140383569,મહુવા / અમદાવાદ,સપરિવાર,હા,હા,હા,હા,હા,Pending
Bhola Bhai Mahindra Tra,9879179790,મહુવા / અમદાવાદ,સપરિવાર,હા,હા,હા,હા,હા,Pending
Parab Dham  Vijay Bapu,9712237172,મહુવા / અમદાવાદ,સપરિવાર,હા,હા,હા,હા,હા,Pending
Khaman Santosh,9723964926,મહુવા / અમદાવાદ,સપરિવાર,હા,હા,હા,હા,હા,Pending
Piyush nasit,9377721590,મહુવા / અમદાવાદ,સપરિવાર,હા,હા,હા,હા,હા,Pending
Bharat Bhai Hadiya Mangal,9375849013,મહુવા / અમદાવાદ,સપરિવાર,હા,હા,હા,હા,હા,Pending
Jasu Bhai Ukani,9737272072,મહુવા / અમદાવાદ,સપરિવાર,હા,હા,હા,હા,હા,Pending
Pravin Bhai Gaushala,9227066920,મહુવા / અમદાવાદ,સપરિવાર,હા,હા,હા,હા,હા,Pending
Mukesh bhai Soni Mum,9867771727,મુંબઈ,સપરિવાર,હા,હા,હા,હા,હા,Pending
Vijay Baraiya Congresh,9825236824,મહુવા / અમદાવાદ,સપરિવાર,હા,હા,હા,હા,હા,Pending
Archana Ghanshyam Katariya,9727615002,મહુવા / અમદાવાદ,સપરિવાર,હા,હા,હા,હા,હા,Pending
Ashvin Kaka Mumbai,9223333022,મુંબઈ,સપરિવાર,હા,હા,હા,હા,હા,Pending
Ashvin Kaka Mumbai,9820187602,મુંબઈ,સપરિવાર,હા,હા,હા,હા,હા,Pending
Baldev gurukul Raj,9924758225,મહુવા / અમદાવાદ,સપરિવાર,હા,હા,હા,હા,હા,Pending
Baldev gurukul Raj,9825024818,મહુવા / અમદાવાદ,સપરિવાર,હા,હા,હા,હા,હા,Pending
Romil Arvind Kaka,9537255186,મહુવા / અમદાવાદ,સપરિવાર,હા,હા,હા,હા,હા,Pending
Mahesh Katariya,9824494729,મહુવા / અમદાવાદ,સપરિવાર,હા,હા,હા,હા,હા,Pending
Mahesh Katariya,9054109109,મહુવા / અમદાવાદ,સપરિવાર,હા,હા,હા,હા,હા,Pending
Pankaj Tadha,9428996601,મહુવા / અમદાવાદ,સપરિવાર,હા,હા,હા,હા,હા,Pending
Pankaj Tadha,7778889944,મહુવા / અમદાવાદ,સપરિવાર,હા,હા,હા,હા,હા,Pending
Pankaj Tadha,8401795552,મહુવા / અમદાવાદ,સપરિવાર,હા,હા,હા,હા,હા,Pending
Bhavna Aunty Endu Kaka,9428396718,મહુવા / અમદાવાદ,સપરિવાર,હા,હા,હા,હા,હા,Pending
Dr Kishore Kachhad Orthopaedic,8320959308,મહુવા / અમદાવાદ,સપરિવાર,હા,હા,હા,હા,હા,Pending
Tared  Shailesh Bhai,9106596906,મહુવા / અમદાવાદ,સપરિવાર,હા,હા,હા,હા,હા,Pending
Charity Bhagoda Sir,9427038759,મહુવા / અમદાવાદ,સપરિવાર,હા,હા,હા,હા,હા,Pending
Dalpat Katriya Nilkanth,9898076385,મહુવા / અમદાવાદ,સપરિવાર,હા,હા,હા,હા,હા,Pending
Iqbal Sama Jcb,9879505655,મહુવા / અમદાવાદ,સપરિવાર,હા,હા,હા,હા,હા,Pending
Heena ben Gajera Vidhya Vihar School,9327829271,મહુવા / અમદાવાદ,સપરિવાર,હા,હા,હા,હા,હા,Pending
Heena ben Gajera Vidhya Vihar School,8200522321,મહુવા / અમદાવાદ,સપરિવાર,હા,હા,હા,હા,હા,Pending
Dugheri Kishangiri Bapu,9714109616,મહુવા / અમદાવાદ,સપરિવાર,હા,હા,હા,હા,હા,Pending
Harshangi Gediya,7435951798,મહુવા / અમદાવાદ,સપરિવાર,હા,હા,હા,હા,હા,Pending
Hasu bhai kamal,9904277355,મહુવા / અમદાવાદ,સપરિવાર,હા,હા,હા,હા,હા,Pending
Haresh Bhai Dharai Sarpanch,9925578853,મહુવા / અમદાવાદ,સપરિવાર,હા,હા,હા,હા,હા,Pending
Sandip talati,9016807871,મહુવા / અમદાવાદ,સપરિવાર,હા,હા,હા,હા,હા,Pending
Haresh Kumbhan,9723720602,મહુવા / અમદાવાદ,સપરિવાર,હા,હા,હા,હા,હા,Pending
Painter Mukesh,9624694270,મહુવા / અમદાવાદ,સપરિવાર,હા,હા,હા,હા,હા,Pending
Nasit Karan Bhai Lal Kaka,7778077180,મહુવા / અમદાવાદ,સપરિવાર,હા,હા,હા,હા,હા,Pending
Doly Water Dinesh Sagar,6359244598,મહુવા / અમદાવાદ,સપરિવાર,હા,હા,હા,હા,હા,Pending
Doly Water Dinesh Sagar,6359244597,મહુવા / અમદાવાદ,સપરિવાર,હા,હા,હા,હા,હા,Pending
Doly Water Dinesh Sagar,9925155467,મહુવા / અમદાવાદ,સપરિવાર,હા,હા,હા,હા,હા,Pending
Gautam Bala Mama,9428941212,મહુવા / અમદાવાદ,સપરિવાર,હા,હા,હા,હા,હા,Pending
Rasik Bhai Bhv,9824260950,ભાવનગર,સપરિવાર,હા,હા,હા,હા,હા,Pending
Shanti LAl(Gita Ben) Surat (Sadhu),9662522510,સુરત,સપરિવાર,હા,હા,હા,હા,હા,Pending
Sarvagna Mehta,9824444165,મહુવા / અમદાવાદ,સપરિવાર,હા,હા,હા,હા,હા,Pending
Chandu mama naliyeri,9909622347,મહુવા / અમદાવાદ,સપરિવાર,હા,હા,હા,હા,હા,Pending
Himat sahjanand marbal,9879549150,મહુવા / અમદાવાદ,સપરિવાર,હા,હા,હા,હા,હા,Pending
Himat sahjanand marbal,7096727727,મહુવા / અમદાવાદ,સપરિવાર,હા,હા,હા,હા,હા,Pending
Himat sahjanand marbal,9429642011,મહુવા / અમદાવાદ,સપરિવાર,હા,હા,હા,હા,હા,Pending
Pravin bhai madhak,9099309797,મહુવા / અમદાવાદ,સપરિવાર,હા,હા,હા,હા,હા,Pending
Pravin bhai madhak,8000360460,મહુવા / અમદાવાદ,સપરિવાર,હા,હા,હા,હા,હા,Pending
Vishal Valanki,9979339912,મહુવા / અમદાવાદ,સપરિવાર,હા,હા,હા,હા,હા,Pending
Savliya Balvant Bhai Bhadiko,9898342687,મહુવા / અમદાવાદ,સપરિવાર,હા,હા,હા,હા,હા,Pending
Bhavesh Modi,9426966770,મહુવા / અમદાવાદ,સપરિવાર,હા,હા,હા,હા,હા,Pending
Himat G padasala,9924467854,મહુવા / અમદાવાદ,સપરિવાર,હા,હા,હા,હા,હા,Pending
Plot 16 Jasu Bhai Kadiyali,9979316879,મહુવા / અમદાવાદ,સપરિવાર,હા,હા,હા,હા,હા,Pending
Plot 16 Jasu Bhai Kadiyali,9913038911,મહુવા / અમદાવાદ,સપરિવાર,હા,હા,હા,હા,હા,Pending
Ashvin rajyaguru,9426978260,મહુવા / અમદાવાદ,સપરિવાર,હા,હા,હા,હા,હા,Pending
Ashvin rajyaguru,9377520256,મહુવા / અમદાવાદ,સપરિવાર,હા,હા,હા,હા,હા,Pending
Jiga Bhai Rasoya,9825157714,મહુવા / અમદાવાદ,સપરિવાર,હા,હા,હા,હા,હા,Pending
Sch Karim Bhai Karimbhai Sundarnagar,9924235516,મહુવા / અમદાવાદ,સપરિવાર,હા,હા,હા,હા,હા,Pending
Mansukh Mama,9979192927,મહુવા / અમદાવાદ,સપરિવાર,હા,હા,હા,હા,હા,Pending
Shanti Kaka Ahd,9898507431,અમદાવાદ,સપરિવાર,હા,હા,હા,હા,હા,Pending
Valiya Nikul Gandhidham,9909254869,મહુવા / અમદાવાદ,સપરિવાર,હા,હા,હા,હા,હા,Pending
Mahi  Dodiya Polish,9426439740,મહુવા / અમદાવાદ,સપરિવાર,હા,હા,હા,હા,હા,Pending
Eng Mate Kodinar,7359026287,મહુવા / અમદાવાદ,સપરિવાર,હા,હા,હા,હા,હા,Pending
Nitin bhalani,9429230530,મહુવા / અમદાવાદ,સપરિવાર,હા,હા,હા,હા,હા,Pending
Nagindas Talak,9328905105,મહુવા / અમદાવાદ,સપરિવાર,હા,હા,હા,હા,હા,Pending
Pankaj Sainath New Indian,9879932831,મહુવા / અમદાવાદ,સપરિવાર,હા,હા,હા,હા,હા,Pending
Parmar Prisha,9601749318,મહુવા / અમદાવાદ,સપરિવાર,હા,હા,હા,હા,હા,Pending
Jd Devyansi Solanki,9726115186,મહુવા / અમદાવાદ,સપરિવાર,હા,હા,હા,હા,હા,Pending
Chauhan Saheb M N,7567932262,મહુવા / અમદાવાદ,સપરિવાર,હા,હા,હા,હા,હા,Pending
Nagarpalika Vashiya Babu bhai,9426314948,મહુવા / અમદાવાદ,સપરિવાર,હા,હા,હા,હા,હા,Pending
Gondliya Nikita Ben Tea,8799189798,મહુવા / અમદાવાદ,સપરિવાર,હા,હા,હા,હા,હા,Pending
Bhargav Mehta Aditya Birla Medical Vima,7016843050,મહુવા / અમદાવાદ,સપરિવાર,હા,હા,હા,હા,હા,Pending
Alpa Surat,9328983359,સુરત,સપરિવાર,હા,હા,હા,હા,હા,Pending
Shantinath Cri Nilesh,9726166970,મહુવા / અમદાવાદ,સપરિવાર,હા,હા,હા,હા,હા,Pending
Shantinath Cri Nilesh,2844222971,મહુવા / અમદાવાદ,સપરિવાર,હા,હા,હા,હા,હા,Pending
Gunvant Hadiya Vakil,9429005275,મહુવા / અમદાવાદ,સપરિવાર,હા,હા,હા,હા,હા,Pending
Shiv Aqwa Filter Bhv,9879260666,ભાવનગર,સપરિવાર,હા,હા,હા,હા,હા,Pending
Shiv Aqwa Filter Bhv,8905363738,ભાવનગર,સપરિવાર,હા,હા,હા,હા,હા,Pending
Kanu Bhai Ruparel,8320448944,મહુવા / અમદાવાદ,સપરિવાર,હા,હા,હા,હા,હા,Pending
Chandresh butani butani,9824237155,મહુવા / અમદાવાદ,સપરિવાર,હા,હા,હા,હા,હા,Pending
Dilip Bhai Navneet,9825390853,મહુવા / અમદાવાદ,સપરિવાર,હા,હા,હા,હા,હા,Pending
Vivekananda Una,9898474448,મહુવા / અમદાવાદ,સપરિવાર,હા,હા,હા,હા,હા,Pending
Jitu Vaza Talgajrada,9909398636,મહુવા / અમદાવાદ,સપરિવાર,હા,હા,હા,હા,હા,Pending
Gaudani Maulik,9825498598,મહુવા / અમદાવાદ,સપરિવાર,હા,હા,હા,હા,હા,Pending
Baraiya Sir Nagarpalika,9909105164,મહુવા / અમદાવાદ,સપરિવાર,હા,હા,હા,હા,હા,Pending
Baraiya Sir Nagarpalika,8347875687,મહુવા / અમદાવાદ,સપરિવાર,હા,હા,હા,હા,હા,Pending
Ghelu Bhai Khutvada,9537389700,મહુવા / અમદાવાદ,સપરિવાર,હા,હા,હા,હા,હા,Pending
Hitesh Pandya Jr Clarks,9427503096,મહુવા / અમદાવાદ,સપરિવાર,હા,હા,હા,હા,હા,Pending
Kirit Vaghela,9408533187,મહુવા / અમદાવાદ,સપરિવાર,હા,હા,હા,હા,હા,Pending
Harkisan Bhai Ahd,7383567268,અમદાવાદ,સપરિવાર,હા,હા,હા,હા,હા,Pending
Rinku Vipul Bavadiya Surat,9687068183,સુરત,સપરિવાર,હા,હા,હા,હા,હા,Pending
Sports Tea Divya Jit Vala,9904881474,મહુવા / અમદાવાદ,સપરિવાર,હા,હા,હા,હા,હા,Pending
Dhorajiya Saheb Vadodara,7096689477,વડોદરા,સપરિવાર,હા,હા,હા,હા,હા,Pending
Nimavat Krupali Hus,9924953232,મહુવા / અમદાવાદ,સપરિવાર,હા,હા,હા,હા,હા,Pending
Nimavat Krupali Hus,6354637782,મહુવા / અમદાવાદ,સપરિવાર,હા,હા,હા,હા,હા,Pending
Rasoya Prakash,9427748356,મહુવા / અમદાવાદ,સપરિવાર,હા,હા,હા,હા,હા,Pending
Rasoya Prakash,9427748731,મહુવા / અમદાવાદ,સપરિવાર,હા,હા,હા,હા,હા,Pending
Jitubhai D Solanki Dhasiya Keri,9898259692,મહુવા / અમદાવાદ,સપરિવાર,હા,હા,હા,હા,હા,Pending
Draiver Praful,9998665820,મહુવા / અમદાવાદ,સપરિવાર,હા,હા,હા,હા,હા,Pending
R M Nathani,9510755539,મહુવા / અમદાવાદ,સપરિવાર,હા,હા,હા,હા,હા,Pending
R M Nathani,7990996610,મહુવા / અમદાવાદ,સપરિવાર,હા,હા,હા,હા,હા,Pending
Vinayak Chaniya Choli,9723716149,મહુવા / અમદાવાદ,સપરિવાર,હા,હા,હા,હા,હા,Pending
Vinayak Chaniya Choli,9574372012,મહુવા / અમદાવાદ,સપરિવાર,હા,હા,હા,હા,હા,Pending
Dharmesh Hindi Nesvad,8780285792,મહુવા / અમદાવાદ,સપરિવાર,હા,હા,હા,હા,હા,Pending
Akshay Bhai Chitkam,9913825793,મહુવા / અમદાવાદ,સપરિવાર,હા,હા,હા,હા,હા,Pending
Ketan Nagadiya,9624690867,મહુવા / અમદાવાદ,સપરિવાર,હા,હા,હા,હા,હા,Pending
JADAV Rinku Ben Na Papa,9904157598,મહુવા / અમદાવાદ,સપરિવાર,હા,હા,હા,હા,હા,Pending
Dipak Bhai Sheth Mum (Madhukanta Trust),9820028610,મુંબઈ,સપરિવાર,હા,હા,હા,હા,હા,Pending
Girish Sanghavi Genaral Stor,9925563122,મહુવા / અમદાવાદ,સપરિવાર,હા,હા,હા,હા,હા,Pending
Rasikbhai Boricha AEI,9106776011,મહુવા / અમદાવાદ,સપરિવાર,હા,હા,હા,હા,હા,Pending
Jadeja Jaydev Police,9727706888,મહુવા / અમદાવાદ,સપરિવાર,હા,હા,હા,હા,હા,Pending
Mevad vasan mo,9427882305,મહુવા / અમદાવાદ,સપરિવાર,હા,હા,હા,હા,હા,Pending
Draiver Rafik,9824592037,મહુવા / અમદાવાદ,સપરિવાર,હા,હા,હા,હા,હા,Pending
Vij Bil,7486852163,મહુવા / અમદાવાદ,સપરિવાર,હા,હા,હા,હા,હા,Pending
Navin Kaka Ahd,9898065654,અમદાવાદ,સપરિવાર,હા,હા,હા,હા,હા,Pending
Munna Bhai Chatra Jasdan,9725163694,મહુવા / અમદાવાદ,સપરિવાર,હા,હા,હા,હા,હા,Pending
Raju Riksha Kumbhan,9979257494,મહુવા / અમદાવાદ,સપરિવાર,હા,હા,હા,હા,હા,Pending
Raju Riksha Kumbhan,9998610313,મહુવા / અમદાવાદ,સપરિવાર,હા,હા,હા,હા,હા,Pending
Chetan Bhai Parsana Vadodara,9825000048,વડોદરા,સપરિવાર,હા,હા,હા,હા,હા,Pending
Chhaya ben Sangit,9824753913,મહુવા / અમદાવાદ,સપરિવાર,હા,હા,હા,હા,હા,Pending
Nilkanth. C. O. Sir,9624818674,મહુવા / અમદાવાદ,સપરિવાર,હા,હા,હા,હા,હા,Pending
Dr Piyush Vaghmashi,9426496170,મહુવા / અમદાવાદ,સપરિવાર,હા,હા,હા,હા,હા,Pending
Dr Piyush Vaghmashi,9925499489,મહુવા / અમદાવાદ,સપરિવાર,હા,હા,હા,હા,હા,Pending
Jagat Swarup Swami Paramsukh,9925224111,મહુવા / અમદાવાદ,સપરિવાર,હા,હા,હા,હા,હા,Pending
Jagat Swarup Swami Paramsukh,9624850103,મહુવા / અમદાવાદ,સપરિવાર,હા,હા,હા,હા,હા,Pending
Jay Ambe Wacht,9427062532,મહુવા / અમદાવાદ,સપરિવાર,હા,હા,હા,હા,હા,Pending
Udayan bhai Pandya,9428122966,મહુવા / અમદાવાદ,સપરિવાર,હા,હા,હા,હા,હા,Pending
Udayan bhai Pandya,9427215321,મહુવા / અમદાવાદ,સપરિવાર,હા,હા,હા,હા,હા,Pending
Jaysukh Bhai Mistri,9428637238,મહુવા / અમદાવાદ,સપરિવાર,હા,હા,હા,હા,હા,Pending
Ramji Bhai CCTV,8140383930,મહુવા / અમદાવાદ,સપરિવાર,હા,હા,હા,હા,હા,Pending
Sent Thomas Clark,9723163244,મહુવા / અમદાવાદ,સપરિવાર,હા,હા,હા,હા,હા,Pending
Mahendra Chankya,9427863039,મહુવા / અમદાવાદ,સપરિવાર,હા,હા,હા,હા,હા,Pending
Mahendra Chankya,8487947840,મહુવા / અમદાવાદ,સપરિવાર,હા,હા,હા,હા,હા,Pending
Jaydeep Pos Roll Mate,9426630344,મહુવા / અમદાવાદ,સપરિવાર,હા,હા,હા,હા,હા,Pending
Jaysukh Bhai Seta News,9909471338,મહુવા / અમદાવાદ,સપરિવાર,હા,હા,હા,હા,હા,Pending
Jaysukh Bhai Seta News,9726173776,મહુવા / અમદાવાદ,સપરિવાર,હા,હા,હા,હા,હા,Pending
Tai Belt Card Mate Rishikesh Talaja,7878313131,તળાજા,સપરિવાર,હા,હા,હા,હા,હા,Pending
Tai Belt Card Mate Rishikesh Talaja,9824602604,તળાજા,સપરિવાર,હા,હા,હા,હા,હા,Pending
Shild Mate Rjt,9099930231,રાજકોટ,સપરિવાર,હા,હા,હા,હા,હા,Pending
Vrunda Papa,9924769391,મહુવા / અમદાવાદ,સપરિવાર,હા,હા,હા,હા,હા,Pending
Ethics Hitesh Bhai Morbi,9099969902,મોરબી,સપરિવાર,હા,હા,હા,હા,હા,Pending
Ethics Hitesh Bhai Morbi,8000892000,મોરબી,સપરિવાર,હા,હા,હા,હા,હા,Pending
Ges majsid bhai,9574474885,મહુવા / અમદાવાદ,સપરિવાર,હા,હા,હા,હા,હા,Pending
Paiter Jenti,9725326090,મહુવા / અમદાવાદ,સપરિવાર,હા,હા,હા,હા,હા,Pending
Vijay Bodar Ahd,7600043343,અમદાવાદ,સપરિવાર,હા,હા,હા,હા,હા,Pending
Bhavesh Bhai Ram Krushna,7359418181,મહુવા / અમદાવાદ,સપરિવાર,હા,હા,હા,હા,હા,Pending
Bhavesh Bhai Ram Krushna,9428222026,મહુવા / અમદાવાદ,સપરિવાર,હા,હા,હા,હા,હા,Pending
Sanjay Bhai Play Ahd,9824076002,અમદાવાદ,સપરિવાર,હા,હા,હા,હા,હા,Pending
Nikunj Bhai Vakil Bhv,9427174965,ભાવનગર,સપરિવાર,હા,હા,હા,હા,હા,Pending
Sonet Ceramic kishan,9979053366,મહુવા / અમદાવાદ,સપરિવાર,હા,હા,હા,હા,હા,Pending
Natu Bhai Nana Jadra Sarpanch,9727501121,મહુવા / અમદાવાદ,સપરિવાર,હા,હા,હા,હા,હા,Pending
Astel Broker Dhanesh Bhai,9879223922,મહુવા / અમદાવાદ,સપરિવાર,હા,હા,હા,હા,હા,Pending
Dashrath Padri,8200715214,મહુવા / અમદાવાદ,સપરિવાર,હા,હા,હા,હા,હા,Pending
Bhavesh Kumar Bhavnager,8866876464,મહુવા / અમદાવાદ,સપરિવાર,હા,હા,હા,હા,હા,Pending
Bhavesh Kumar Bhavnager,8460433294,મહુવા / અમદાવાદ,સપરિવાર,હા,હા,હા,હા,હા,Pending
P O P Saint Gorbin Milan,9825662434,મહુવા / અમદાવાદ,સપરિવાર,હા,હા,હા,હા,હા,Pending
Renis Ghetiya College,8511187288,મહુવા / અમદાવાદ,સપરિવાર,હા,હા,હા,હા,હા,Pending
Shiya Ram,9737914262,મહુવા / અમદાવાદ,સપરિવાર,હા,હા,હા,હા,હા,Pending
Pramukh Water Manoj,9879072783,મહુવા / અમદાવાદ,સપરિવાર,હા,હા,હા,હા,હા,Pending
Endu Kaka,9824294470,મહુવા / અમદાવાદ,સપરિવાર,હા,હા,હા,હા,હા,Pending
Girish Bhai Shital,9924629414,મહુવા / અમદાવાદ,સપરિવાર,હા,હા,હા,હા,હા,Pending
Girish Bhai Shital,6352485122,મહુવા / અમદાવાદ,સપરિવાર,હા,હા,હા,હા,હા,Pending
Dr Dholakiya Eye Sur,9824299714,મહુવા / અમદાવાદ,સપરિવાર,હા,હા,હા,હા,હા,Pending
Dr Dholakiya Eye Sur,2844222220,મહુવા / અમદાવાદ,સપરિવાર,હા,હા,હા,હા,હા,Pending
Dhiru kapadia,9974931062,મહુવા / અમદાવાદ,સપરિવાર,હા,હા,હા,હા,હા,Pending
Jagdish Katariya,7575858258,મહુવા / અમદાવાદ,સપરિવાર,હા,હા,હા,હા,હા,Pending
Kamlesh Bhai Rafaliya  Ahd,8128397224,અમદાવાદ,સપરિવાર,હા,હા,હા,હા,હા,Pending
Manoj Patram Surat,9687085042,સુરત,સપરિવાર,હા,હા,હા,હા,હા,Pending
Hiren Kothiya Pune,7698465653,મહુવા / અમદાવાદ,સપરિવાર,હા,હા,હા,હા,હા,Pending
D K Sir Raval,9428431007,મહુવા / અમદાવાદ,સપરિવાર,હા,હા,હા,હા,હા,Pending
Bsc Shailesh Hadiya,6352394306,મહુવા / અમદાવાદ,સપરિવાર,હા,હા,હા,હા,હા,Pending
Dr Ashish Dodiya Bhutpurva Vi,9824220923,મહુવા / અમદાવાદ,સપરિવાર,હા,હા,હા,હા,હા,Pending
Vagh Vishal Soma Bhai,7201055372,મહુવા / અમદાવાદ,સપરિવાર,હા,હા,હા,હા,હા,Pending
Chetan Thumar Shikshak,9558686981,મહુવા / અમદાવાદ,સપરિવાર,હા,હા,હા,હા,હા,Pending
Bhaskar R T O,9824841208,મહુવા / અમદાવાદ,સપરિવાર,હા,હા,હા,હા,હા,Pending
Disha Didi Singar,9228269756,મહુવા / અમદાવાદ,સપરિવાર,હા,હા,હા,હા,હા,Pending
R K Tailor Vipul,8980769611,મહુવા / અમદાવાદ,સપરિવાર,હા,હા,હા,હા,હા,Pending
Narotam Sarvaiya,9428183560,મહુવા / અમદાવાદ,સપરિવાર,હા,હા,હા,હા,હા,Pending
Vanita Jalondhra Tea,7874496227,મહુવા / અમદાવાદ,સપરિવાર,હા,હા,હા,હા,હા,Pending
Ramnik Bhai Mo,9374433987,મહુવા / અમદાવાદ,સપરિવાર,હા,હા,હા,હા,હા,Pending
Ghanshyam korat Surat,9879564900,સુરત,સપરિવાર,હા,હા,હા,હા,હા,Pending
Painter dipak,9924254565,મહુવા / અમદાવાદ,સપરિવાર,હા,હા,હા,હા,હા,Pending
Mayur makwana,6353934926,મહુવા / અમદાવાદ,સપરિવાર,હા,હા,હા,હા,હા,Pending
Vivek Pandya (Vidhya Vihar School),9998311323,મહુવા / અમદાવાદ,સપરિવાર,હા,હા,હા,હા,હા,Pending
Q 4 Baiju Holy Family,9772012434,મહુવા / અમદાવાદ,સપરિવાર,હા,હા,હા,હા,હા,Pending
GTPL Dilip Bhai Dish,9714579777,મહુવા / અમદાવાદ,સપરિવાર,હા,હા,હા,હા,હા,Pending
GTPL Dilip Bhai Dish,9979779337,મહુવા / અમદાવાદ,સપરિવાર,હા,હા,હા,હા,હા,Pending
Ketan Thakkar,9825750321,મહુવા / અમદાવાદ,સપરિવાર,હા,હા,હા,હા,હા,Pending
Ketan Thakkar,2844225042,મહુવા / અમદાવાદ,સપરિવાર,હા,હા,હા,હા,હા,Pending
Clark Sunil Baraiya,9722815436,મહુવા / અમદાવાદ,સપરિવાર,હા,હા,હા,હા,હા,Pending
Mahabali Courier,9328294276,મહુવા / અમદાવાદ,સપરિવાર,હા,હા,હા,હા,હા,Pending
Mahabali Courier,7777922003,મહુવા / અમદાવાદ,સપરિવાર,હા,હા,હા,હા,હા,Pending
Gordhan Polra,9879525510,મહુવા / અમદાવાદ,સપરિવાર,હા,હા,હા,હા,હા,Pending
Tarun bhai Mehta,9737617045,મહુવા / અમદાવાદ,સપરિવાર,હા,હા,હા,હા,હા,Pending
Tarun bhai Mehta,9409080164,મહુવા / અમદાવાદ,સપરિવાર,હા,હા,હા,હા,હા,Pending
Nonghanvadar Transport,9428992440,મહુવા / અમદાવાદ,સપરિવાર,હા,હા,હા,હા,હા,Pending
Nonghanvadar Transport,2844225161,મહુવા / અમદાવાદ,સપરિવાર,હા,હા,હા,હા,હા,Pending
Paresh Bhai N C C Bhv,9427749176,ભાવનગર,સપરિવાર,હા,હા,હા,હા,હા,Pending
Megharaj Bapu,7405725292,મહુવા / અમદાવાદ,સપરિવાર,હા,હા,હા,હા,હા,Pending
Com Mate Narshih BHAI,6352159815,મહુવા / અમદાવાદ,સપરિવાર,હા,હા,હા,હા,હા,Pending
Prakash Jurani,9428543939,મહુવા / અમદાવાદ,સપરિવાર,હા,હા,હા,હા,હા,Pending
Naitik Bhavesh Mehta,9510683268,મહુવા / અમદાવાદ,સપરિવાર,હા,હા,હા,હા,હા,Pending
Pankaj Bhai Desai  Vakil,9824222515,મહુવા / અમદાવાદ,સપરિવાર,હા,હા,હા,હા,હા,Pending
Pankaj Bhai Desai  Vakil,7984558453,મહુવા / અમદાવાદ,સપરિવાર,હા,હા,હા,હા,હા,Pending
Jatin Bhai Bavadiya,9824220198,મહુવા / અમદાવાદ,સપરિવાર,હા,હા,હા,હા,હા,Pending
Ramesh Saheb Vaghela,9328376707,મહુવા / અમદાવાદ,સપરિવાર,હા,હા,હા,હા,હા,Pending
Gopa Govind Bhai Kapadiya,9574024395,મહુવા / અમદાવાદ,સપરિવાર,હા,હા,હા,હા,હા,Pending
PRITESH PATEL Navya,9016733145,મહુવા / અમદાવાદ,સપરિવાર,હા,હા,હા,હા,હા,Pending
Ashok Bhai Vapi,9913788677,વાપી,સપરિવાર,હા,હા,હા,હા,હા,Pending
Aristo Pla Ashok Bhai,9427137834,મહુવા / અમદાવાદ,સપરિવાર,હા,હા,હા,હા,હા,Pending
Aristo Pla Ashok Bhai,9033678734,મહુવા / અમદાવાદ,સપરિવાર,હા,હા,હા,હા,હા,Pending
sanju chauhan Dancer,9737423203,મહુવા / અમદાવાદ,સપરિવાર,હા,હા,હા,હા,હા,Pending
Jitu BHAI Alok Hotel,9428679800,મહુવા / અમદાવાદ,સપરિવાર,હા,હા,હા,હા,હા,Pending
Devang Bhai Harish Toy Mart,9428996396,મહુવા / અમદાવાદ,સપરિવાર,હા,હા,હા,હા,હા,Pending
Satish P F,9925693291,મહુવા / અમદાવાદ,સપરિવાર,હા,હા,હા,હા,હા,Pending
Ketan Mehta Parle G Company Bhv,6351820630,ભાવનગર,સપરિવાર,હા,હા,હા,હા,હા,Pending
Vala Sir L I C,9427289444,મહુવા / અમદાવાદ,સપરિવાર,હા,હા,હા,હા,હા,Pending
Babu bhai sheth Pardi,9825119669,મહુવા / અમદાવાદ,સપરિવાર,હા,હા,હા,હા,હા,Pending
Punam Trivedi Teacher,9428226302,મહુવા / અમદાવાદ,સપરિવાર,હા,હા,હા,હા,હા,Pending
Punam Trivedi Teacher,8485944036,મહુવા / અમદાવાદ,સપરિવાર,હા,હા,હા,હા,હા,Pending
Chirag velding,9879124239,મહુવા / અમદાવાદ,સપરિવાર,હા,હા,હા,હા,હા,Pending
Dudhrejiya Vrinda Clark,7016168980,મહુવા / અમદાવાદ,સપરિવાર,હા,હા,હા,હા,હા,Pending
Dr Daya kapadia,9429412041,મહુવા / અમદાવાદ,સપરિવાર,હા,હા,હા,હા,હા,Pending
Girish bhai morbi,9979008410,મોરબી,સપરિવાર,હા,હા,હા,હા,હા,Pending
M.A.Sanghavi Teacher,6351012328,મહુવા / અમદાવાદ,સપરિવાર,હા,હા,હા,હા,હા,Pending
Himat Bhai Bos Gerej Vala,8401196262,મહુવા / અમદાવાદ,સપરિવાર,હા,હા,હા,હા,હા,Pending
Dungrani Sanjay Talgajrada,7600451743,મહુવા / અમદાવાદ,સપરિવાર,હા,હા,હા,હા,હા,Pending
Dharma nandan Swa Kevdia Koloni,9510064280,મહુવા / અમદાવાદ,સપરિવાર,હા,હા,હા,હા,હા,Pending
Dharma nandan Swa Kevdia Koloni,8401140140,મહુવા / અમદાવાદ,સપરિવાર,હા,હા,હા,હા,હા,Pending
Dharma nandan Swa Kevdia Koloni,7573913454,મહુવા / અમદાવાદ,સપરિવાર,હા,હા,હા,હા,હા,Pending
Ped Bharat Dangar,9714914910,મહુવા / અમદાવાદ,સપરિવાર,હા,હા,હા,હા,હા,Pending
Vidya Manjari Hostel Bhv,9601611294,ભાવનગર,સપરિવાર,હા,હા,હા,હા,હા,Pending
Ajay Bhai Dhanani,9327799633,મહુવા / અમદાવાદ,સપરિવાર,હા,હા,હા,હા,હા,Pending
Jagdish Hirani,9879823295,મહુવા / અમદાવાદ,સપરિવાર,હા,હા,હા,હા,હા,Pending
Pandya Hiren Jasu Bhai Mamlatdar,9408380063,મહુવા / અમદાવાદ,સપરિવાર,હા,હા,હા,હા,હા,Pending
Sanjay  Solanki J P,9824838306,મહુવા / અમદાવાદ,સપરિવાર,હા,હા,હા,હા,હા,Pending
Pandya Harsh J,9824943871,મહુવા / અમદાવાદ,સપરિવાર,હા,હા,હા,હા,હા,Pending
Pandya Harsh J,9898007281,મહુવા / અમદાવાદ,સપરિવાર,હા,હા,હા,હા,હા,Pending
Sanjay Bhai Gyan Manjari Mhv,9714377625,મહુવા / અમદાવાદ,સપરિવાર,હા,હા,હા,હા,હા,Pending
Bhavan Hemal Draivar,7984381815,મહુવા / અમદાવાદ,સપરિવાર,હા,હા,હા,હા,હા,Pending
Sanjay Parikh home,9426989427,મહુવા / અમદાવાદ,સપરિવાર,હા,હા,હા,હા,હા,Pending
Shreeji Matirial Naresh Bhai,9998816260,મહુવા / અમદાવાદ,સપરિવાર,હા,હા,હા,હા,હા,Pending
Nitin Pandya (Guj.Samachar),9925406977,મહુવા / અમદાવાદ,સપરિવાર,હા,હા,હા,હા,હા,Pending
Jenish Kavathiya Belur,9978054381,મહુવા / અમદાવાદ,સપરિવાર,હા,હા,હા,હા,હા,Pending
Manu Bhai Devliya,9624167381,મહુવા / અમદાવાદ,સપરિવાર,હા,હા,હા,હા,હા,Pending
Manu Bhai Devliya,9924480364,મહુવા / અમદાવાદ,સપરિવાર,હા,હા,હા,હા,હા,Pending
Kunchala Hitarth,9925258766,મહુવા / અમદાવાદ,સપરિવાર,હા,હા,હા,હા,હા,Pending
Kunchala Hitarth,9773155066,મહુવા / અમદાવાદ,સપરિવાર,હા,હા,હા,હા,હા,Pending
Mahila Gruh Punit Bhai,9601268426,મહુવા / અમદાવાદ,સપરિવાર,હા,હા,હા,હા,હા,Pending
Ashok Innova Bhadrod,9904493492,મહુવા / અમદાવાદ,સપરિવાર,હા,હા,હા,હા,હા,Pending
Sidhardh Belur,9737972972,મહુવા / અમદાવાદ,સપરિવાર,હા,હા,હા,હા,હા,Pending
Pranav Valiya Surat,9726237666,સુરત,સપરિવાર,હા,હા,હા,હા,હા,Pending
Jaysukh patel raydi,9825270254,મહુવા / અમદાવાદ,સપરિવાર,હા,હા,હા,હા,હા,Pending
S3 Naresh Vagh,9510048007,મહુવા / અમદાવાદ,સપરિવાર,હા,હા,હા,હા,હા,Pending
Raju compaudar Ahir Sir,9737256070,મહુવા / અમદાવાદ,સપરિવાર,હા,હા,હા,હા,હા,Pending
Mehul Gaudani Contra,9909113372,મહુવા / અમદાવાદ,સપરિવાર,હા,હા,હા,હા,હા,Pending
Ketan Chodvadiya Sanjanavav,9824313707,મહુવા / અમદાવાદ,સપરિવાર,હા,હા,હા,હા,હા,Pending
Hitesh Trivedi. Fsm Bhv,9898005083,ભાવનગર,સપરિવાર,હા,હા,હા,હા,હા,Pending
Ajaz A C Ripening,8238780504,મહુવા / અમદાવાદ,સપરિવાર,હા,હા,હા,હા,હા,Pending
City Talati Bhupendra Gohil,8460844074,મહુવા / અમદાવાદ,સપરિવાર,હા,હા,હા,હા,હા,Pending
Vinod Seta Gudarani  Vidhyarthi,9909471423,મહુવા / અમદાવાદ,સપરિવાર,હા,હા,હા,હા,હા,Pending
Kalu Bhai Simran,9979855826,મહુવા / અમદાવાદ,સપરિવાર,હા,હા,હા,હા,હા,Pending
Kajal Kapadia Teacher,8000354845,મહુવા / અમદાવાદ,સપરિવાર,હા,હા,હા,હા,હા,Pending
Jagdish Bhai Vekriya,9428492227,મહુવા / અમદાવાદ,સપરિવાર,હા,હા,હા,હા,હા,Pending
Jagdish Bhai Vekriya,9426440467,મહુવા / અમદાવાદ,સપરિવાર,હા,હા,હા,હા,હા,Pending
Harsad Pithva,9429437474,મહુવા / અમદાવાદ,સપરિવાર,હા,હા,હા,હા,હા,Pending
Anil Bhai Patel C R C,9428810536,મહુવા / અમદાવાદ,સપરિવાર,હા,હા,હા,હા,હા,Pending
Bharat Bhai Ladhva,9428810582,મહુવા / અમદાવાદ,સપરિવાર,હા,હા,હા,હા,હા,Pending
Bharat Bhai Ladhva,9737746004,મહુવા / અમદાવાદ,સપરિવાર,હા,હા,હા,હા,હા,Pending
Swaraj Pinakin Bhai,9723662432,મહુવા / અમદાવાદ,સપરિવાર,હા,હા,હા,હા,હા,Pending
Mayur  Radadiya Jasdan,8347786977,મહુવા / અમદાવાદ,સપરિવાર,હા,હા,હા,હા,હા,Pending
Ashwin Stamp Sub Reg Office,7990845483,મહુવા / અમદાવાદ,સપરિવાર,હા,હા,હા,હા,હા,Pending
Teja Gorina Eng Pri,7874137094,મહુવા / અમદાવાદ,સપરિવાર,હા,હા,હા,હા,હા,Pending
Muni bhai U S A,0016178165525,મહુવા / અમદાવાદ,સપરિવાર,હા,હા,હા,હા,હા,Pending
Muni bhai U S A,16178165525,મહુવા / અમદાવાદ,સપરિવાર,હા,હા,હા,હા,હા,Pending
Patel Ges,9586180012,મહુવા / અમદાવાદ,સપરિવાર,હા,હા,હા,હા,હા,Pending
Patel Ges,2844223276,મહુવા / અમદાવાદ,સપરિવાર,હા,હા,હા,હા,હા,Pending
Krishna Hall Room. Naval Bhai,9824393116,મહુવા / અમદાવાદ,સપરિવાર,હા,હા,હા,હા,હા,Pending
Krishna Hall Room. Naval Bhai,7016431386,મહુવા / અમદાવાદ,સપરિવાર,હા,હા,હા,હા,હા,Pending
Hitesh Lift Mahuva,9725725230,મહુવા,સપરિવાર,હા,હા,હા,હા,હા,Pending
Avinashgiri Com,8866588667,મહુવા / અમદાવાદ,સપરિવાર,હા,હા,હા,હા,હા,Pending
Mori Laxman Juna. itiya,8000061022,મહુવા / અમદાવાદ,સપરિવાર,હા,હા,હા,હા,હા,Pending
Jikiyali Gordhan Bhai,9825297220,મહુવા / અમદાવાદ,સપરિવાર,હા,હા,હા,હા,હા,Pending
Nainisha Shah,9427611023,મહુવા / અમદાવાદ,સપરિવાર,હા,હા,હા,હા,હા,Pending
Nainisha Shah,7698614406,મહુવા / અમદાવાદ,સપરિવાર,હા,હા,હા,હા,હા,Pending
Rakesh Gohil Softwer,9375790899,મહુવા / અમદાવાદ,સપરિવાર,હા,હા,હા,હા,હા,Pending
Hitesh Chatur Gaudani bhanvad,9537777244,મહુવા / અમદાવાદ,સપરિવાર,હા,હા,હા,હા,હા,Pending
Hitesh Chatur Gaudani bhanvad,9978470969,મહુવા / અમદાવાદ,સપરિવાર,હા,હા,હા,હા,હા,Pending
Sangita A Godhani,9429412128,મહુવા / અમદાવાદ,સપરિવાર,હા,હા,હા,હા,હા,Pending
Suresh Raval,9879423871,મહુવા / અમદાવાદ,સપરિવાર,હા,હા,હા,હા,હા,Pending
Chetan Bhai Gujriya,9624294946,મહુવા / અમદાવાદ,સપરિવાર,હા,હા,હા,હા,હા,Pending
Chetan Bhai Gujriya,8734813453,મહુવા / અમદાવાદ,સપરિવાર,હા,હા,હા,હા,હા,Pending
Pratik Baghariya Shelna,7621062123,મહુવા / અમદાવાદ,સપરિવાર,હા,હા,હા,હા,હા,Pending
Lalji Bhai Dodiya Advocate,9898798281,મહુવા / અમદાવાદ,સપરિવાર,હા,હા,હા,હા,હા,Pending
Joshi Sir Bhv,9879445062,ભાવનગર,સપરિવાર,હા,હા,હા,હા,હા,Pending
Ashish Zalavadiya Ahd,8488966066,અમદાવાદ,સપરિવાર,હા,હા,હા,હા,હા,Pending
Manoj Bhai Rupavati Teacher,9979434200,મહુવા / અમદાવાદ,સપરિવાર,હા,હા,હા,હા,હા,Pending
Dr Arvind Valiya,9574217699,મહુવા / અમદાવાદ,સપરિવાર,હા,હા,હા,હા,હા,Pending
Dival chirag bhai,9824040869,મહુવા / અમદાવાદ,સપરિવાર,હા,હા,હા,હા,હા,Pending
Dival chirag bhai,9638689517,મહુવા / અમદાવાદ,સપરિવાર,હા,હા,હા,હા,હા,Pending
Jayesh B Trivedi Modi Sch,9428342127,મહુવા / અમદાવાદ,સપરિવાર,હા,હા,હા,હા,હા,Pending
Asok draiver Nutan,9904865898,મહુવા / અમદાવાદ,સપરિવાર,હા,હા,હા,હા,હા,Pending
Asok draiver Nutan,7874403364,મહુવા / અમદાવાદ,સપરિવાર,હા,હા,હા,હા,હા,Pending
Sitaram electrik,9924321238,મહુવા / અમદાવાદ,સપરિવાર,હા,હા,હા,હા,હા,Pending
Kalu Dalal,9824980906,મહુવા / અમદાવાદ,સપરિવાર,હા,હા,હા,હા,હા,Pending
Raju Balar,9016562141,મહુવા / અમદાવાદ,સપરિવાર,હા,હા,હા,હા,હા,Pending
Jitu Bhai Jagad,9924573190,મહુવા / અમદાવાદ,સપરિવાર,હા,હા,હા,હા,હા,Pending
Ghan. Padsala Hemal,9924573140,મહુવા / અમદાવાદ,સપરિવાર,હા,હા,હા,હા,હા,Pending
Gyan Swami Sardhar Dham,9099999627,મહુવા / અમદાવાદ,સપરિવાર,હા,હા,હા,હા,હા,Pending
Vinu bhai patel,9427511138,મહુવા / અમદાવાદ,સપરિવાર,હા,હા,હા,હા,હા,Pending
Sanjay baraiya Teacher,8140638499,મહુવા / અમદાવાદ,સપરિવાર,હા,હા,હા,હા,હા,Pending
Sanjay baraiya Teacher,9924179304,મહુવા / અમદાવાદ,સપરિવાર,હા,હા,હા,હા,હા,Pending
Meghraj Sih Gohil,7624083260,મહુવા / અમદાવાદ,સપરિવાર,હા,હા,હા,હા,હા,Pending
Ashu Nasit Surat,9925530437,સુરત,સપરિવાર,હા,હા,હા,હા,હા,Pending
Dhairya Bharat Joshi,6352690292,મહુવા / અમદાવાદ,સપરિવાર,હા,હા,હા,હા,હા,Pending
Painter khan,9723543350,મહુવા / અમદાવાદ,સપરિવાર,હા,હા,હા,હા,હા,Pending
Depo Menezar Mhv,9998953219,મહુવા / અમદાવાદ,સપરિવાર,હા,હા,હા,હા,હા,Pending
Depo Menezar Mhv,9537218031,મહુવા / અમદાવાદ,સપરિવાર,હા,હા,હા,હા,હા,Pending
Manoj Bhai Dhaduk,9428996392,મહુવા / અમદાવાદ,સપરિવાર,હા,હા,હા,હા,હા,Pending
Vishva Karma Farnichar,9824882767,મહુવા / અમદાવાદ,સપરિવાર,હા,હા,હા,હા,હા,Pending
Rasoya govind,9824132237,મહુવા / અમદાવાદ,સપરિવાર,હા,હા,હા,હા,હા,Pending
Mordan Tushar Bhai,2844227550,મહુવા / અમદાવાદ,સપરિવાર,હા,હા,હા,હા,હા,Pending
Mordan Tushar Bhai,9375127550,મહુવા / અમદાવાદ,સપરિવાર,હા,હા,હા,હા,હા,Pending
Q 4 Sankruti Sci Dundas Rajendra,9824872056,મહુવા / અમદાવાદ,સપરિવાર,હા,હા,હા,હા,હા,Pending
Q 4 Sankruti Sci Dundas Rajendra,7016610844,મહુવા / અમદાવાદ,સપરિવાર,હા,હા,હા,હા,હા,Pending
Aala Bhai Gadhvi,8140610963,મહુવા / અમદાવાદ,સપરિવાર,હા,હા,હા,હા,હા,Pending
Dr kalpesh Mum,2226113692,મુંબઈ,સપરિવાર,હા,હા,હા,હા,હા,Pending
Dr kalpesh Mum,9930321194,મુંબઈ,સપરિવાર,હા,હા,હા,હા,હા,Pending
Dr kalpesh Mum,9322397677,મુંબઈ,સપરિવાર,હા,હા,હા,હા,હા,Pending
Bus Abdulla BhaiMumbai,9820627337,મહુવા / અમદાવાદ,સપરિવાર,હા,હા,હા,હા,હા,Pending
Vipul Satani Patel Khadi Surat,9428457601,સુરત,સપરિવાર,હા,હા,હા,હા,હા,Pending
Hariyani Rushi Kailash Bhai,9924774180,મહુવા / અમદાવાદ,સપરિવાર,હા,હા,હા,હા,હા,Pending
Daya Bhai Vangar,9825306299,મહુવા / અમદાવાદ,સપરિવાર,હા,હા,હા,હા,હા,Pending
Amrut Swsmi Sardhar,7622059106,મહુવા / અમદાવાદ,સપરિવાર,હા,હા,હા,હા,હા,Pending
Anil Chandu Bhai Pansuriya. Kundla,9824229291,સાવરકુંડલા,સપરિવાર,હા,હા,હા,હા,હા,Pending
Urvesh Bhai A E I,9428386147,મહુવા / અમદાવાદ,સપરિવાર,હા,હા,હા,હા,હા,Pending
Umesh Bhai Joshi,9408706161,મહુવા / અમદાવાદ,સપરિવાર,હા,હા,હા,હા,હા,Pending
Umesh Bhai Joshi,9586766161,મહુવા / અમદાવાદ,સપરિવાર,હા,હા,હા,હા,હા,Pending
Amit Amrutvel Astet Broker,9925284739,મહુવા / અમદાવાદ,સપરિવાર,હા,હા,હા,હા,હા,Pending
Raju Kaka Benzar,9824495392,મહુવા / અમદાવાદ,સપરિવાર,હા,હા,હા,હા,હા,Pending
S T Parsal,9714867474,મહુવા / અમદાવાદ,સપરિવાર,હા,હા,હા,હા,હા,Pending
Shailesh Baldaniya Teacher,9978275054,મહુવા / અમદાવાદ,સપરિવાર,હા,હા,હા,હા,હા,Pending
Idfc Satyadip Sarvaiya Sir,8000775748,મહુવા / અમદાવાદ,સપરિવાર,હા,હા,હા,હા,હા,Pending
Sera Bha Ak Gurukul,9375102828,મહુવા / અમદાવાદ,સપરિવાર,હા,હા,હા,હા,હા,Pending
Radhe Filter,9723273411,મહુવા / અમદાવાદ,સપરિવાર,હા,હા,હા,હા,હા,Pending
Radhe Filter,9924294129,મહુવા / અમદાવાદ,સપરિવાર,હા,હા,હા,હા,હા,Pending
Anand seta,9925487956,આણંદ,સપરિવાર,હા,હા,હા,હા,હા,Pending
Hemant Bhatt,9879008697,મહુવા / અમદાવાદ,સપરિવાર,હા,હા,હા,હા,હા,Pending
Hemant Bhatt,8200105469,મહુવા / અમદાવાદ,સપરિવાર,હા,હા,હા,હા,હા,Pending
Rtn Mehul Mehta,9624964144,મહુવા / અમદાવાદ,સપરિવાર,હા,હા,હા,હા,હા,Pending
Shiv Tailor,9824403271,મહુવા / અમદાવાદ,સપરિવાર,હા,હા,હા,હા,હા,Pending
Deo Dhadhukiya Rjt,9998783963,રાજકોટ,સપરિવાર,હા,હા,હા,હા,હા,Pending
Kishor gunjan,9924629726,મહુવા / અમદાવાદ,સપરિવાર,હા,હા,હા,હા,હા,Pending
Kishor gunjan,2844225619,મહુવા / અમદાવાદ,સપરિવાર,હા,હા,હા,હા,હા,Pending
Madhav Lebo,7567116828,મહુવા / અમદાવાદ,સપરિવાર,હા,હા,હા,હા,હા,Pending
0,8128992314,મહુવા / અમદાવાદ,સપરિવાર,હા,હા,હા,હા,હા,Pending
Ramkada Raju Bhv,9924869344,ભાવનગર,સપરિવાર,હા,હા,હા,હા,હા,Pending
Shailesh Bhai Tank Vakil,8320704747,મહુવા / અમદાવાદ,સપરિવાર,હા,હા,હા,હા,હા,Pending
Shailesh Bhai Tank Vakil,9825169471,મહુવા / અમદાવાદ,સપરિવાર,હા,હા,હા,હા,હા,Pending
Dr Gohil Khyati,9106429423,મહુવા / અમદાવાદ,સપરિવાર,હા,હા,હા,હા,હા,Pending
Hasu Valiya Ahd,9724746388,અમદાવાદ,સપરિવાર,હા,હા,હા,હા,હા,Pending
Hasu Valiya Ahd,7567432360,અમદાવાદ,સપરિવાર,હા,હા,હા,હા,હા,Pending
Lala Bhai Dukan,8980993188,મહુવા / અમદાવાદ,સપરિવાર,હા,હા,હા,હા,હા,Pending
Lala Bhai Dukan,8160387835,મહુવા / અમદાવાદ,સપરિવાર,હા,હા,હા,હા,હા,Pending
Maulik Natraj Dress,9586378881,મહુવા / અમદાવાદ,સપરિવાર,હા,હા,હા,હા,હા,Pending
Shailesh Giri Astet Broker,9099153145,મહુવા / અમદાવાદ,સપરિવાર,હા,હા,હા,હા,હા,Pending
Laxmi swami una,9428951703,મહુવા / અમદાવાદ,સપરિવાર,હા,હા,હા,હા,હા,Pending
Jitu Bhai NCC,9574876480,મહુવા / અમદાવાદ,સપરિવાર,હા,હા,હા,હા,હા,Pending
Vinu Bhai Vivekanand,9426214240,મહુવા / અમદાવાદ,સપરિવાર,હા,હા,હા,હા,હા,Pending
Vinu Bhai Vivekanand,9904024555,મહુવા / અમદાવાદ,સપરિવાર,હા,હા,હા,હા,હા,Pending
Prasang sweet,9998474101,મહુવા / અમદાવાદ,સપરિવાર,હા,હા,હા,હા,હા,Pending
Prasang sweet,9925332111,મહુવા / અમદાવાદ,સપરિવાર,હા,હા,હા,હા,હા,Pending
Prasang sweet,2844223125,મહુવા / અમદાવાદ,સપરિવાર,હા,હા,હા,હા,હા,Pending
Ganpat Kalsariya,9924247168,મહુવા / અમદાવાદ,સપરિવાર,હા,હા,હા,હા,હા,Pending
Ladumor Rupal Vishwa,9726895604,મહુવા / અમદાવાદ,સપરિવાર,હા,હા,હા,હા,હા,Pending
Kalpesh Khodifad Dalal,9925514064,મહુવા / અમદાવાદ,સપરિવાર,હા,હા,હા,હા,હા,Pending
Kajal Rajyaguru Eng,9574334774,મહુવા / અમદાવાદ,સપરિવાર,હા,હા,હા,હા,હા,Pending
Kajal Rajyaguru Eng,9484980478,મહુવા / અમદાવાદ,સપરિવાર,હા,હા,હા,હા,હા,Pending
Krishna Garment,9974798348,મહુવા / અમદાવાદ,સપરિવાર,હા,હા,હા,હા,હા,Pending
Shubam,9426976250,મહુવા / અમદાવાદ,સપરિવાર,હા,હા,હા,હા,હા,Pending
Dharmishtha Mem Eng,9979796669,મહુવા / અમદાવાદ,સપરિવાર,હા,હા,હા,હા,હા,Pending
Pithava Tedras,9925332197,મહુવા / અમદાવાદ,સપરિવાર,હા,હા,હા,હા,હા,Pending
0,9537743957,મહુવા / અમદાવાદ,સપરિવાર,હા,હા,હા,હા,હા,Pending
0,8905027021,મહુવા / અમદાવાદ,સપરિવાર,હા,હા,હા,હા,હા,Pending
Balu Bhagat Rajkot Gurukul,6351223035,રાજકોટ,સપરિવાર,હા,હા,હા,હા,હા,Pending
Lakhani Sir Tele,9426105252,મહુવા / અમદાવાદ,સપરિવાર,હા,હા,હા,હા,હા,Pending
Raju Bhai Mota Jadra,9537730187,મહુવા / અમદાવાદ,સપરિવાર,હા,હા,હા,હા,હા,Pending
Ashok Bhai Frut,8401559700,મહુવા / અમદાવાદ,સપરિવાર,હા,હા,હા,હા,હા,Pending
Chandrasihji Rto,9979606060,મહુવા / અમદાવાદ,સપરિવાર,હા,હા,હા,હા,હા,Pending
Arjun Chaudhary Eng Prin,9414441441,મહુવા / અમદાવાદ,સપરિવાર,હા,હા,હા,હા,હા,Pending
Lakha Bhai Khodiyar Pan,9825853570,મહુવા / અમદાવાદ,સપરિવાર,હા,હા,હા,હા,હા,Pending
Dipak jagad,9824489668,મહુવા / અમદાવાદ,સપરિવાર,હા,હા,હા,હા,હા,Pending
Dipak jagad,9925233144,મહુવા / અમદાવાદ,સપરિવાર,હા,હા,હા,હા,હા,Pending
Dipak Makwana Madhuli,9904744755,મહુવા / અમદાવાદ,સપરિવાર,હા,હા,હા,હા,હા,Pending
Bipin bhai Desai,9825024970,મહુવા / અમદાવાદ,સપરિવાર,હા,હા,હા,હા,હા,Pending
Haresh Mehta Vakil,9824349612,મહુવા / અમદાવાદ,સપરિવાર,હા,હા,હા,હા,હા,Pending
Jenti Bhai Bhambhaniya Nesvad,9879777898,મહુવા / અમદાવાદ,સપરિવાર,હા,હા,હા,હા,હા,Pending
Aditya Pandey Pujari Gadhda,9313325250,મહુવા / અમદાવાદ,સપરિવાર,હા,હા,હા,હા,હા,Pending
Brilliant Tailor Bhv Ketan,9426223365,ભાવનગર,સપરિવાર,હા,હા,હા,હા,હા,Pending
Aasif Bhai Dudheri,9426610587,મહુવા / અમદાવાદ,સપરિવાર,હા,હા,હા,હા,હા,Pending
Kishor Khasiya,9974388499,મહુવા / અમદાવાદ,સપરિવાર,હા,હા,હા,હા,હા,Pending
Jagdish Sir Bhambhaniya Nagarpalika Architec,8849741643,મહુવા / અમદાવાદ,સપરિવાર,હા,હા,હા,હા,હા,Pending
Dr Suresh Sanepara,9824254733,મહુવા / અમદાવાદ,સપરિવાર,હા,હા,હા,હા,હા,Pending
Dr Suresh Sanepara,2844227733,મહુવા / અમદાવાદ,સપરિવાર,હા,હા,હા,હા,હા,Pending
Jitendra Sonagara Deo,8141547712,મહુવા / અમદાવાદ,સપરિવાર,હા,હા,હા,હા,હા,Pending
Dinesh Bhai M Rathod Nutan,9913794841,મહુવા / અમદાવાદ,સપરિવાર,હા,હા,હા,હા,હા,Pending
Dinesh Bhai M Rathod Nutan,6355699590,મહુવા / અમદાવાદ,સપરિવાર,હા,હા,હા,હા,હા,Pending
MAKVANA JINKAL TEACHER,9824171353,મહુવા / અમદાવાદ,સપરિવાર,હા,હા,હા,હા,હા,Pending
Bharat Gajera,8485915182,મહુવા / અમદાવાદ,સપરિવાર,હા,હા,હા,હા,હા,Pending
Bharat Gajera,9824463352,મહુવા / અમદાવાદ,સપરિવાર,હા,હા,હા,હા,હા,Pending
Meghna Faiba Gadhda,2847252222,મહુવા / અમદાવાદ,સપરિવાર,હા,હા,હા,હા,હા,Pending
Kanta Fai Ba Gadhada,9426373512,ગઢડા,સપરિવાર,હા,હા,હા,હા,હા,Pending
Gita Ben 401,6352413366,મહુવા / અમદાવાદ,સપરિવાર,હા,હા,હા,હા,હા,Pending
Vinod Kota Ghadai,9033309004,મહુવા / અમદાવાદ,સપરિવાર,હા,હા,હા,હા,હા,Pending
Vishwa Jivan Swami Kothari Gadhada,9427230772,ગઢડા,સપરિવાર,હા,હા,હા,હા,હા,Pending
Pravin Bhai Gajera (Dadhi),9426922996,મહુવા / અમદાવાદ,સપરિવાર,હા,હા,હા,હા,હા,Pending
Raju Rathod Gadivala,9426455530,મહુવા / અમદાવાદ,સપરિવાર,હા,હા,હા,હા,હા,Pending
Raju Rathod Gadivala,7874440320,મહુવા / અમદાવાદ,સપરિવાર,હા,હા,હા,હા,હા,Pending
Gu  I K Patel Sanskar Balmandir,33879673880,મહુવા / અમદાવાદ,સપરિવાર,હા,હા,હા,હા,હા,Pending
Gu  I K Patel Sanskar Balmandir,37908498728,મહુવા / અમદાવાદ,સપરિવાર,હા,હા,હા,હા,હા,Pending
Vimal Bhai Hanumant,9714260736,મહુવા / અમદાવાદ,સપરિવાર,હા,હા,હા,હા,હા,Pending
Gu Swa Education Trust,36261534267,મહુવા / અમદાવાદ,સપરિવાર,હા,હા,હા,હા,હા,Pending
Umri Jadav,9924629916,મહુવા / અમદાવાદ,સપરિવાર,હા,હા,હા,હા,હા,Pending
Umi ukani Sasu,9408180441,મહુવા / અમદાવાદ,સપરિવાર,હા,હા,હા,હા,હા,Pending
Shailesh Bhai Gurukul,9714024315,મહુવા / અમદાવાદ,સપરિવાર,હા,હા,હા,હા,હા,Pending
Harish Kundala,2845224369,મહુવા / અમદાવાદ,સપરિવાર,હા,હા,હા,હા,હા,Pending
Pankaj Bhai Sheth Krishna hall,9825473951,મહુવા / અમદાવાદ,સપરિવાર,હા,હા,હા,હા,હા,Pending
Urvashi Teacher Tyushn,7016161845,મહુવા / અમદાવાદ,સપરિવાર,હા,હા,હા,હા,હા,Pending
Tushar Hari,9033330028,મહુવા / અમદાવાદ,સપરિવાર,હા,હા,હા,હા,હા,Pending
Umi ukani,7383669673,મહુવા / અમદાવાદ,સપરિવાર,હા,હા,હા,હા,હા,Pending
Rajula Harinandan Swa.,7016916731,મહુવા / અમદાવાદ,સપરિવાર,હા,હા,હા,હા,હા,Pending
Shashikant bhai vadodara,9825280491,વડોદરા,સપરિવાર,હા,હા,હા,હા,હા,Pending
Shashikant bhai vadodara,9824554354,વડોદરા,સપરિવાર,હા,હા,હા,હા,હા,Pending
Krishna Pepar Home,7990875561,મહુવા / અમદાવાદ,સપરિવાર,હા,હા,હા,હા,હા,Pending
Hitesh Wife Surat,9909292705,સુરત,સપરિવાર,હા,હા,હા,હા,હા,Pending
Sanjay Bhai Maru Home,8160655068,મહુવા / અમદાવાદ,સપરિવાર,હા,હા,હા,હા,હા,Pending
Vidhya Manjari Hostel Hostel,6354546367,મહુવા / અમદાવાદ,સપરિવાર,હા,હા,હા,હા,હા,Pending
Vidhya Manjari Hostel Hostel,2782470514,મહુવા / અમદાવાદ,સપરિવાર,હા,હા,હા,હા,હા,Pending
Hiral Aunty Mena Bhai,9428182899,મહુવા / અમદાવાદ,સપરિવાર,હા,હા,હા,હા,હા,Pending
Raju Bhatt Bhv Bord Vala,8460019817,ભાવનગર,સપરિવાર,હા,હા,હા,હા,હા,Pending
Raju Bhatt Bhv Bord Vala,9925216888,ભાવનગર,સપરિવાર,હા,હા,હા,હા,હા,Pending
Vibhuti,7490074873,મહુવા / અમદાવાદ,સપરિવાર,હા,હા,હા,હા,હા,Pending
Virti Manish Sheth,9978047371,મહુવા / અમદાવાદ,સપરિવાર,હા,હા,હા,હા,હા,Pending
Versha Ben Kam Vala,8153904120,મહુવા / અમદાવાદ,સપરિવાર,હા,હા,હા,હા,હા,Pending
Vijay Bhai Vishvakarma,9408207251,મહુવા / અમદાવાદ,સપરિવાર,હા,હા,હા,હા,હા,Pending
Veidehi Deri,9298716235,મહુવા / અમદાવાદ,સપરિવાર,હા,હા,હા,હા,હા,Pending
Vikas Vartul,2782525907,મહુવા / અમદાવાદ,સપરિવાર,હા,હા,હા,હા,હા,Pending
Vikram Maraj,9316275203,મહુવા / અમદાવાદ,સપરિવાર,હા,હા,હા,હા,હા,Pending
Vijay Bhai Plaber,9510936117,મહુવા / અમદાવાદ,સપરિવાર,હા,હા,હા,હા,હા,Pending
Vipul Bhai Vapi,7984978565,વાપી,સપરિવાર,હા,હા,હા,હા,હા,Pending
Varsha Ben Kama vala,8153404120,મહુવા / અમદાવાદ,સપરિવાર,હા,હા,હા,હા,હા,Pending
Toyota Vishal,7600086098,મહુવા / અમદાવાદ,સપરિવાર,હા,હા,હા,હા,હા,Pending
Toyota Vishal,2782444466,મહુવા / અમદાવાદ,સપરિવાર,હા,હા,હા,હા,હા,Pending
Visrut Pankaj Kaka,9408547030,મહુવા / અમદાવાદ,સપરિવાર,હા,હા,હા,હા,હા,Pending
J J Mart Mhv,9428785213,મહુવા / અમદાવાદ,સપરિવાર,હા,હા,હા,હા,હા,Pending
Q 4 Pran bhai jani,9722102671,મહુવા / અમદાવાદ,સપરિવાર,હા,હા,હા,હા,હા,Pending
J B Chauhan Vakil,9824255631,મહુવા / અમદાવાદ,સપરિવાર,હા,હા,હા,હા,હા,Pending
Vibhuta Jikyali,9586920700,મહુવા / અમદાવાદ,સપરિવાર,હા,હા,હા,હા,હા,Pending
Rasoya Kailash,7567514263,મહુવા / અમદાવાદ,સપરિવાર,હા,હા,હા,હા,હા,Pending
Jeel R Zalavadia Surat,7069800787,સુરત,સપરિવાર,હા,હા,હા,હા,હા,Pending
Jaysukh Patel Barman,9724288622,મહુવા / અમદાવાદ,સપરિવાર,હા,હા,હા,હા,હા,Pending
Jahnvi Jimmy,9429584776,મહુવા / અમદાવાદ,સપરિવાર,હા,હા,હા,હા,હા,Pending
Kapil bhai jio,7990157076,મહુવા / અમદાવાદ,સપરિવાર,હા,હા,હા,હા,હા,Pending
Vibhuti Jikiyali,9512140700,મહુવા / અમદાવાદ,સપરિવાર,હા,હા,હા,હા,હા,Pending
Sardar Sarovar jivraj Bhai,9428685907,મહુવા / અમદાવાદ,સપરિવાર,હા,હા,હા,હા,હા,Pending
Kanu Padsala,9879022245,મહુવા / અમદાવાદ,સપરિવાર,હા,હા,હા,હા,હા,Pending
Karshan Bhai Valaki,8780598435,મહુવા / અમદાવાદ,સપરિવાર,હા,હા,હા,હા,હા,Pending
Kashyap Rathod,9426179018,મહુવા / અમદાવાદ,સપરિવાર,હા,હા,હા,હા,હા,Pending
Pravin Bhai Kathiria,9426456261,મહુવા / અમદાવાદ,સપરિવાર,હા,હા,હા,હા,હા,Pending
Yashvi,9316932490,મહુવા / અમદાવાદ,સપરિવાર,હા,હા,હા,હા,હા,Pending
Yagna,6353232776,મહુવા / અમદાવાદ,સપરિવાર,હા,હા,હા,હા,હા,Pending
Gu Shreya D Zalavadiya,36751804433,મહુવા / અમદાવાદ,સપરિવાર,હા,હા,હા,હા,હા,Pending
Gu Shreya D Zalavadiya,10221348102,મહુવા / અમદાવાદ,સપરિવાર,હા,હા,હા,હા,હા,Pending
0,9924869426,મહુવા / અમદાવાદ,સપરિવાર,હા,હા,હા,હા,હા,Pending
402 Kishan Bhai,9106945791,મહુવા / અમદાવાદ,સપરિવાર,હા,હા,હા,હા,હા,Pending
402 Kishan Bhai,9429262296,મહુવા / અમદાવાદ,સપરિવાર,હા,હા,હા,હા,હા,Pending
Krisha Nirali Didi,7984194655,મહુવા / અમદાવાદ,સપરિવાર,હા,હા,હા,હા,હા,Pending
Piyush (Bholu),9426701155,મહુવા / અમદાવાદ,સપરિવાર,હા,હા,હા,હા,હા,Pending
Dilip kumar Surat,9824717524,સુરત,સપરિવાર,હા,હા,હા,હા,હા,Pending
Dr sanat ladani,9924222099,મહુવા / અમદાવાદ,સપરિવાર,હા,હા,હા,હા,હા,Pending
Krishna Pateliya,7622922373,મહુવા / અમદાવાદ,સપરિવાર,હા,હા,હા,હા,હા,Pending
Shri Krishnada,9879514359,મહુવા / અમદાવાદ,સપરિવાર,હા,હા,હા,હા,હા,Pending
Vallabha Bhai Maliya,9824248585,મહુવા / અમદાવાદ,સપરિવાર,હા,હા,હા,હા,હા,Pending
Mahila Ghuh Amreli,9377109109,અમરેલી,સપરિવાર,હા,હા,હા,હા,હા,Pending
Shanti Swami lathidad,9428051008,મહુવા / અમદાવાદ,સપરિવાર,હા,હા,હા,હા,હા,Pending
Vismai Luhar,9726159135,મહુવા / અમદાવાદ,સપરિવાર,હા,હા,હા,હા,હા,Pending
Piyush luhar,9824225127,મહુવા / અમદાવાદ,સપરિવાર,હા,હા,હા,હા,હા,Pending
Tribhovan mama,9427742968,મહુવા / અમદાવાદ,સપરિવાર,હા,હા,હા,હા,હા,Pending
Laxmi Swami Sarangpur,8511151703,સાળંગપુર,સપરિવાર,હા,હા,હા,હા,હા,Pending
Parsotam Swami Lathidad,9898983637,મહુવા / અમદાવાદ,સપરિવાર,હા,હા,હા,હા,હા,Pending
Parsotam Swami Lathidad,8200378018,મહુવા / અમદાવાદ,સપરિવાર,હા,હા,હા,હા,હા,Pending
Meera Parmar Mammy,9428545226,મહુવા / અમદાવાદ,સપરિવાર,હા,હા,હા,હા,હા,Pending
Rupesh Maruti,9727777567,મહુવા / અમદાવાદ,સપરિવાર,હા,હા,હા,હા,હા,Pending
Rupesh Maruti,9925400458,મહુવા / અમદાવાદ,સપરિવાર,હા,હા,હા,હા,હા,Pending
Bhajan Swami Mandir,9099999622,મહુવા / અમદાવાદ,સપરિવાર,હા,હા,હા,હા,હા,Pending
Bhajan Swami Mandir,9099999635,મહુવા / અમદાવાદ,સપરિવાર,હા,હા,હા,હા,હા,Pending
Manisha Ben Shrad Bhai,9408673399,મહુવા / અમદાવાદ,સપરિવાર,હા,હા,હા,હા,હા,Pending
Milan B Zalavadiya,9328777787,મહુવા / અમદાવાદ,સપરિવાર,હા,હા,હા,હા,હા,Pending
Jayesh Mishtri,9979153334,મહુવા / અમદાવાદ,સપરિવાર,હા,હા,હા,હા,હા,Pending
Jayesh Mishtri,9427795566,મહુવા / અમદાવાદ,સપરિવાર,હા,હા,હા,હા,હા,Pending
Prathna Mobile,8000399696,મહુવા / અમદાવાદ,સપરિવાર,હા,હા,હા,હા,હા,Pending
Milan Bhagat Kaka,7874666222,મહુવા / અમદાવાદ,સપરિવાર,હા,હા,હા,હા,હા,Pending
Police Fariyad Mhv,9510104622,મહુવા / અમદાવાદ,સપરિવાર,હા,હા,હા,હા,હા,Pending
Ranivada mistri,9428618062,મહુવા / અમદાવાદ,સપરિવાર,હા,હા,હા,હા,હા,Pending
Nishan Kumar Surat,9510573450,સુરત,સપરિવાર,હા,હા,હા,હા,હા,Pending
Vasant Bhai Mumbai,9920592979,મુંબઈ,સપરિવાર,હા,હા,હા,હા,હા,Pending
Nita Jagdish,9275089862,મહુવા / અમદાવાદ,સપરિવાર,હા,હા,હા,હા,હા,Pending
Nita Zalavadiya,6354032529,મહુવા / અમદાવાદ,સપરિવાર,હા,હા,હા,હા,હા,Pending
Sushila Ba mumbai,9820614122,મુંબઈ,સપરિવાર,હા,હા,હા,હા,હા,Pending
Raivat Sih Talaja,9825697232,તળાજા,સપરિવાર,હા,હા,હા,હા,હા,Pending
Raivat Sih Talaja,9727183859,તળાજા,સપરિવાર,હા,હા,હા,હા,હા,Pending
Nilesh Suvidha Bhv,9408106000,ભાવનગર,સપરિવાર,હા,હા,હા,હા,હા,Pending
Nilesh Suvidha Bhv,2782571000,ભાવનગર,સપરિવાર,હા,હા,હા,હા,હા,Pending
Shailesh Bhai U S A,13035131213,મહુવા / અમદાવાદ,સપરિવાર,હા,હા,હા,હા,હા,Pending
Shailesh Bhai U S A,13033253690,મહુવા / અમદાવાદ,સપરિવાર,હા,હા,હા,હા,હા,Pending
Mem Guru mukta Swarup Ahd,9099092556,અમદાવાદ,સપરિવાર,હા,હા,હા,હા,હા,Pending
Dr Maical Sheth U S A,0015173921674,મહુવા / અમદાવાદ,સપરિવાર,હા,હા,હા,હા,હા,Pending
Sanmukh bhai U S A,8128510392,મહુવા / અમદાવાદ,સપરિવાર,હા,હા,હા,હા,હા,Pending
Sanmukh bhai U S A,0014438510677,મહુવા / અમદાવાદ,સપરિવાર,હા,હા,હા,હા,હા,Pending
Sanmukh bhai U S A,0014434137703,મહુવા / અમદાવાદ,સપરિવાર,હા,હા,હા,હા,હા,Pending
Ramesh Bhai U S A,17043924488,મહુવા / અમદાવાદ,સપરિવાર,હા,હા,હા,હા,હા,Pending
Ramesh Bhai U S A,19802541116,મહુવા / અમદાવાદ,સપરિવાર,હા,હા,હા,હા,હા,Pending
Ramesh Bhai U S A,0019802549867,મહુવા / અમદાવાદ,સપરિવાર,હા,હા,હા,હા,હા,Pending
Maya Bhai Ahir,8469979999,મહુવા / અમદાવાદ,સપરિવાર,હા,હા,હા,હા,હા,Pending
Asha Bhabhi,9586223898,મહુવા / અમદાવાદ,સપરિવાર,હા,હા,હા,હા,હા,Pending
Mahek Zalavadiya Hemal,7778069828,મહુવા / અમદાવાદ,સપરિવાર,હા,હા,હા,હા,હા,Pending
Anju Aunty Ahd,9409418099,અમદાવાદ,સપરિવાર,હા,હા,હા,હા,હા,Pending
Pankaj alang,9714314328,મહુવા / અમદાવાદ,સપરિવાર,હા,હા,હા,હા,હા,Pending
Pankaj kaka Amreli,7284069091,અમરેલી,સપરિવાર,હા,હા,હા,હા,હા,Pending
Pankaj kaka Amreli,9927744518,અમરેલી,સપરિવાર,હા,હા,હા,હા,હા,Pending
Pankaj Bhai Bansari Auto,8866321132,મહુવા / અમદાવાદ,સપરિવાર,હા,હા,હા,હા,હા,Pending
Pankaj Bhai Bansari Auto,9428785078,મહુવા / અમદાવાદ,સપરિવાર,હા,હા,હા,હા,હા,Pending
Mam Office,2844223043,મહુવા / અમદાવાદ,સપરિવાર,હા,હા,હા,હા,હા,Pending
Gu Vidhyarthi Bachat,10933959972,મહુવા / અમદાવાદ,સપરિવાર,હા,હા,હા,હા,હા,Pending
Gu Vidhyarthi Bachat,6256006950,મહુવા / અમદાવાદ,સપરિવાર,હા,હા,હા,હા,હા,Pending
Parv office,2626224651,મહુવા / અમદાવાદ,સપરિવાર,હા,હા,હા,હા,હા,Pending
Sent Thomas Abraham Junagadh,9428835378,જુનાગઢ,સપરિવાર,હા,હા,હા,હા,હા,Pending
Rakha Ben,9228395923,મહુવા / અમદાવાદ,સપરિવાર,હા,હા,હા,હા,હા,Pending
Pujya Morari bapu,2844222700,મહુવા / અમદાવાદ,સપરિવાર,હા,હા,હા,હા,હા,Pending
Pujya Morari bapu,2844223400,મહુવા / અમદાવાદ,સપરિવાર,હા,હા,હા,હા,હા,Pending
Vimal Bapu,9824828126,મહુવા / અમદાવાદ,સપરિવાર,હા,હા,હા,હા,હા,Pending
Parthiv bhai bapu Son,9825226914,મહુવા / અમદાવાદ,સપરિવાર,હા,હા,હા,હા,હા,Pending
Bhola Bhai Saheb Belur,9824880625,મહુવા / અમદાવાદ,સપરિવાર,હા,હા,હા,હા,હા,Pending
Bhola Bhai Saheb Belur,8735934626,મહુવા / અમદાવાદ,સપરિવાર,હા,હા,હા,હા,હા,Pending
Mala Ben,2844222278,મહુવા / અમદાવાદ,સપરિવાર,હા,હા,હા,હા,હા,Pending
Sanjay Bavadiya,9033856722,મહુવા / અમદાવાદ,સપરિવાર,હા,હા,હા,હા,હા,Pending
Sanjay Bavadiya,7878228282,મહુવા / અમદાવાદ,સપરિવાર,હા,હા,હા,હા,હા,Pending
Sanjay Bavadiya,9825845926,મહુવા / અમદાવાદ,સપરિવાર,હા,હા,હા,હા,હા,Pending
Shastri Nitin bhai,9409211917,મહુવા / અમદાવાદ,સપરિવાર,હા,હા,હા,હા,હા,Pending
Phy Vijay Bhai Bhil,9737844807,મહુવા / અમદાવાદ,સપરિવાર,હા,હા,હા,હા,હા,Pending
Bharat Gajera U S A,19736195621,મહુવા / અમદાવાદ,સપરિવાર,હા,હા,હા,હા,હા,Pending
Bhavna Bharat Gajera U S A,12018051402,મહુવા / અમદાવાદ,સપરિવાર,હા,હા,હા,હા,હા,Pending
bhut darsh Krisha,9924968749,મહુવા / અમદાવાદ,સપરિવાર,હા,હા,હા,હા,હા,Pending
Gaurang Bhai Bhavik,9825095424,મહુવા / અમદાવાદ,સપરિવાર,હા,હા,હા,હા,હા,Pending
Tikku Bhai,7383133463,મહુવા / અમદાવાદ,સપરિવાર,હા,હા,હા,હા,હા,Pending
Sardar Nagar Gurukul Bhv Bhv,2782562828,ભાવનગર,સપરિવાર,હા,હા,હા,હા,હા,Pending
Sardar Nagar Gurukul Bhv Bhv,2782471437,ભાવનગર,સપરિવાર,હા,હા,હા,હા,હા,Pending
Sardar Nagar Gurukul Bhv Bhv,9727765990,ભાવનગર,સપરિવાર,હા,હા,હા,હા,હા,Pending
Sardar Nagar Gurukul Bhv Bhv,9375788855,ભાવનગર,સપરિવાર,હા,હા,હા,હા,હા,Pending
Ramesh Bhv,9601292929,ભાવનગર,સપરિવાર,હા,હા,હા,હા,હા,Pending
Manharbhai Rathod bhv,9879002192,ભાવનગર,સપરિવાર,હા,હા,હા,હા,હા,Pending
Ramesh Baldaniya Bordi,9374742505,મહુવા / અમદાવાદ,સપરિવાર,હા,હા,હા,હા,હા,Pending
Tarun Bhai Vyas Bhv,7984082843,ભાવનગર,સપરિવાર,હા,હા,હા,હા,હા,Pending
Tarun Bhai Vyas Bhv,9428221720,ભાવનગર,સપરિવાર,હા,હા,હા,હા,હા,Pending
Nexa Maruti Bhv,7600076392,ભાવનગર,સપરિવાર,હા,હા,હા,હા,હા,Pending
Nexa Maruti Bhv,9978639214,ભાવનગર,સપરિવાર,હા,હા,હા,હા,હા,Pending
Vimla Ben Biology,9979852121,મહુવા / અમદાવાદ,સપરિવાર,હા,હા,હા,હા,હા,Pending
Vaghani bhai botad,9898460333,બોટાદ,સપરિવાર,હા,હા,હા,હા,હા,Pending
Shambhu Bhagat Bila,9825536365,મહુવા / અમદાવાદ,સપરિવાર,હા,હા,હા,હા,હા,Pending
Maruti Work Shop Bhv,9227893044,ભાવનગર,સપરિવાર,હા,હા,હા,હા,હા,Pending
Bharat Kathiriya Pandadi,9409078701,મહુવા / અમદાવાદ,સપરિવાર,હા,હા,હા,હા,હા,Pending
Bharat Kathiriya Pandadi,9427744779,મહુવા / અમદાવાદ,સપરિવાર,હા,હા,હા,હા,હા,Pending
Bharat Kathiriya Pandadi,7016538980,મહુવા / અમદાવાદ,સપરિવાર,હા,હા,હા,હા,હા,Pending
Pagi Mate Madhu Bhai,8469837981,મહુવા / અમદાવાદ,સપરિવાર,હા,હા,હા,હા,હા,Pending
Butani Dada,9662956106,મહુવા / અમદાવાદ,સપરિવાર,હા,હા,હા,હા,હા,Pending
Rtn Brijesh Parikh,9328190022,મહુવા / અમદાવાદ,સપરિવાર,હા,હા,હા,હા,હા,Pending
Kishor Bhai butani Surat,9925026035,સુરત,સપરિવાર,હા,હા,હા,હા,હા,Pending
Vaghasiya J P,9825950123,મહુવા / અમદાવાદ,સપરિવાર,હા,હા,હા,હા,હા,Pending
Vaghasiya J P,9173191563,મહુવા / અમદાવાદ,સપરિવાર,હા,હા,હા,હા,હા,Pending
Vaghasiya J P,9429587603,મહુવા / અમદાવાદ,સપરિવાર,હા,હા,હા,હા,હા,Pending
Parmar Boot House Jayesh,9924254301,મહુવા / અમદાવાદ,સપરિવાર,હા,હા,હા,હા,હા,Pending
Ramji parmar,7878515263,મહુવા / અમદાવાદ,સપરિવાર,હા,હા,હા,હા,હા,Pending
Priti Ben Sci Mate,9265142833,મહુવા / અમદાવાદ,સપરિવાર,હા,હા,હા,હા,હા,Pending
Purna PragnaSwami Baps Bhv,9998994048,ભાવનગર,સપરિવાર,હા,હા,હા,હા,હા,Pending
Pravin Bhai Vala Congres,9426940341,મહુવા / અમદાવાદ,સપરિવાર,હા,હા,હા,હા,હા,Pending
Dr Rajani patel Ahd,9824013197,અમદાવાદ,સપરિવાર,હા,હા,હા,હા,હા,Pending
Pavan,9429454200,મહુવા / અમદાવાદ,સપરિવાર,હા,હા,હા,હા,હા,Pending
Pithadiya Riya D,7802874057,મહુવા / અમદાવાદ,સપરિવાર,હા,હા,હા,હા,હા,Pending
Pritesh Patel,9898361062,મહુવા / અમદાવાદ,સપરિવાર,હા,હા,હા,હા,હા,Pending
0,9427753688,મહુવા / અમદાવાદ,સપરિવાર,હા,હા,હા,હા,હા,Pending
Hari om provij,2844229036,મહુવા / અમદાવાદ,સપરિવાર,હા,હા,હા,હા,હા,Pending
Payal Kum Kum,7202993441,મહુવા / અમદાવાદ,સપરિવાર,હા,હા,હા,હા,હા,Pending
Pu Laxmi Narayan Swamiji,9825136321,મહુવા / અમદાવાદ,સપરિવાર,હા,હા,હા,હા,હા,Pending
Pragji,9429900782,મહુવા / અમદાવાદ,સપરિવાર,હા,હા,હા,હા,હા,Pending
P T  patel Vadodara,9825222020,વડોદરા,સપરિવાર,હા,હા,હા,હા,હા,Pending
Punam Mahesh courier,2844223477,મહુવા / અમદાવાદ,સપરિવાર,હા,હા,હા,હા,હા,Pending
S B Complein,8008202020,મહુવા / અમદાવાદ,સપરિવાર,હા,હા,હા,હા,હા,Pending
Raju Altratech Cement,8347557097,મહુવા / અમદાવાદ,સપરિવાર,હા,હા,હા,હા,હા,Pending
Rajni dairy,9825809248,મહુવા / અમદાવાદ,સપરિવાર,હા,હા,હા,હા,હા,Pending
Rajni dairy,2612550517,મહુવા / અમદાવાદ,સપરિવાર,હા,હા,હા,હા,હા,Pending
Raju bhai depo,9979050193,મહુવા / અમદાવાદ,સપરિવાર,હા,હા,હા,હા,હા,Pending
Paresh Dhanani Amreli,9426938007,અમરેલી,સપરિવાર,હા,હા,હા,હા,હા,Pending
Pandya DEO,9662019182,મહુવા / અમદાવાદ,સપરિવાર,હા,હા,હા,હા,હા,Pending
Katyabhanjan Dev Salangpur,7574888000,સાળંગપુર,સપરિવાર,હા,હા,હા,હા,હા,Pending
Dar Friend,7046784865,મહુવા / અમદાવાદ,સપરિવાર,હા,હા,હા,હા,હા,Pending
Daxa U S A,9714316775,મહુવા / અમદાવાદ,સપરિવાર,હા,હા,હા,હા,હા,Pending
Dr Dhiraj Ahir Hos.No,2844227201,મહુવા / અમદાવાદ,સપરિવાર,હા,હા,હા,હા,હા,Pending
Dipa Surat,9327333057,સુરત,સપરિવાર,હા,હા,હા,હા,હા,Pending
Rtn Rakesh Doshi,9427233300,મહુવા / અમદાવાદ,સપરિવાર,હા,હા,હા,હા,હા,Pending
Rtn Rakesh Doshi,7016264482,મહુવા / અમદાવાદ,સપરિવાર,હા,હા,હા,હા,હા,Pending
Dhruvi Rathod,9033753022,મહુવા / અમદાવાદ,સપરિવાર,હા,હા,હા,હા,હા,Pending
Parash Radhe,9173470148,મહુવા / અમદાવાદ,સપરિવાર,હા,હા,હા,હા,હા,Pending
Ramnik Bhai Kakaji,9924549702,મહુવા / અમદાવાદ,સપરિવાર,હા,હા,હા,હા,હા,Pending
Ramesh Bhai Ind Mo,9724079194,મહુવા / અમદાવાદ,સપરિવાર,હા,હા,હા,હા,હા,Pending
Ramdev Putra,9825473278,મહુવા / અમદાવાદ,સપરિવાર,હા,હા,હા,હા,હા,Pending
Ramesh Bhai Dorda Vala,9898568150,મહુવા / અમદાવાદ,સપરિવાર,હા,હા,હા,હા,હા,Pending
Ramesh Masa U S A,17736440599,મહુવા / અમદાવાદ,સપરિવાર,હા,હા,હા,હા,હા,Pending
Rakesh Indu Bhai,9574718718,મહુવા / અમદાવાદ,સપરિવાર,હા,હા,હા,હા,હા,Pending
Rafik bhai,9879522608,મહુવા / અમદાવાદ,સપરિવાર,હા,હા,હા,હા,હા,Pending
Ramila Gunvant Hadiya,7202870380,મહુવા / અમદાવાદ,સપરિવાર,હા,હા,હા,હા,હા,Pending
Rajesh Ripal U S A,0017702316857,મહુવા / અમદાવાદ,સપરિવાર,હા,હા,હા,હા,હા,Pending
Raju Bhai Radhesyam,9825175576,મહુવા / અમદાવાદ,સપરિવાર,હા,હા,હા,હા,હા,Pending
Rakesh taveda,8530775280,મહુવા / અમદાવાદ,સપરિવાર,હા,હા,હા,હા,હા,Pending
Rasik Ba,9925501660,મહુવા / અમદાવાદ,સપરિવાર,હા,હા,હા,હા,હા,Pending
Ravaji Patel,2875242522,મહુવા / અમદાવાદ,સપરિવાર,હા,હા,હા,હા,હા,Pending
Rutvi Jani Dada,9428492047,મહુવા / અમદાવાદ,સપરિવાર,હા,હા,હા,હા,હા,Pending
Kachad Haresh Jilla Restart,8905266098,મહુવા / અમદાવાદ,સપરિવાર,હા,હા,હા,હા,હા,Pending
Relve stesion,2844246378,મહુવા / અમદાવાદ,સપરિવાર,હા,હા,હા,હા,હા,Pending
Ketan Mehta Show Room,9428181604,મહુવા / અમદાવાદ,સપરિવાર,હા,હા,હા,હા,હા,Pending
Rutva  R Gajera,9313766217,મહુવા / અમદાવાદ,સપરિવાર,હા,હા,હા,હા,હા,Pending
Sukha Bhai Bagdana S V S,2844284465,બગદાણા,સપરિવાર,હા,હા,હા,હા,હા,Pending
Sukha Bhai Bagdana S V S,9265002846,બગદાણા,સપરિવાર,હા,હા,હા,હા,હા,Pending
Sayan Ashram Mum,2224074477,મુંબઈ,સપરિવાર,હા,હા,હા,હા,હા,Pending
S b i Mhv,2844223289,મહુવા / અમદાવાદ,સપરિવાર,હા,હા,હા,હા,હા,Pending
S b i Mhv,2844223556,મહુવા / અમદાવાદ,સપરિવાર,હા,હા,હા,હા,હા,Pending
Safai Mate Labhu Ben,8155050926,મહુવા / અમદાવાદ,સપરિવાર,હા,હા,હા,હા,હા,Pending
Nikhil Bhai Unadkar S B I,9426464264,મહુવા / અમદાવાદ,સપરિવાર,હા,હા,હા,હા,હા,Pending
Sadhana Cha Alpesh Bhai,9825006166,મહુવા / અમદાવાદ,સપરિવાર,હા,હા,હા,હા,હા,Pending
Toyota Sauresh,7600086112,મહુવા / અમદાવાદ,સપરિવાર,હા,હા,હા,હા,હા,Pending
Sharad Bhai Trivedi Home,9426423167,મહુવા / અમદાવાદ,સપરિવાર,હા,હા,હા,હા,હા,Pending
Sharad Bhai Patel Betry,9427232431,મહુવા / અમદાવાદ,સપરિવાર,હા,હા,હા,હા,હા,Pending
Shubh mangal trasport,2844225693,મહુવા / અમદાવાદ,સપરિવાર,હા,હા,હા,હા,હા,Pending
Ritesh Bhimji  seta,9428856395,મહુવા / અમદાવાદ,સપરિવાર,હા,હા,હા,હા,હા,Pending
Sharmista Ben Keya,9601096196,મહુવા / અમદાવાદ,સપરિવાર,હા,હા,હા,હા,હા,Pending
Shubam,6355833737,મહુવા / અમદાવાદ,સપરિવાર,હા,હા,હા,હા,હા,Pending
Su Jayesh,9750245678,મહુવા / અમદાવાદ,સપરિવાર,હા,હા,હા,હા,હા,Pending
Sonex Ciramik Morbi,9537010309,મોરબી,સપરિવાર,હા,હા,હા,હા,હા,Pending
Sonex Ciramik Morbi,2822240309,મોરબી,સપરિવાર,હા,હા,હા,હા,હા,Pending
Sonex Ciramik Morbi,2844240799,મોરબી,સપરિવાર,હા,હા,હા,હા,હા,Pending
Parashotam Sofa,9574544727,મહુવા / અમદાવાદ,સપરિવાર,હા,હા,હા,હા,હા,Pending
Softver Mate Ahd,9825008180,અમદાવાદ,સપરિવાર,હા,હા,હા,હા,હા,Pending
Jitu Bhai Relve Stesion,9998436705,મહુવા / અમદાવાદ,સપરિવાર,હા,હા,હા,હા,હા,Pending
T P O Sir,9427823315,મહુવા / અમદાવાદ,સપરિવાર,હા,હા,હા,હા,હા,Pending
Suraj Art Bhv Sofa,9824226773,ભાવનગર,સપરિવાર,હા,હા,હા,હા,હા,Pending
Suraj Art Bhv Sofa,9537777390,ભાવનગર,સપરિવાર,હા,હા,હા,હા,હા,Pending
Rajkot nirgun swami,9879527707,રાજકોટ,સપરિવાર,હા,હા,હા,હા,હા,Pending
Rajkot nirgun swami,9979983186,રાજકોટ,સપરિવાર,હા,હા,હા,હા,હા,Pending
Rajkot nirgun swami,9979859871,રાજકોટ,સપરિવાર,હા,હા,હા,હા,હા,Pending
Gu Govind Swami,6256006961,મહુવા / અમદાવાદ,સપરિવાર,હા,હા,હા,હા,હા,Pending
Dr Snehal Kiran Hos Surat,9825131234,સુરત,સપરિવાર,હા,હા,હા,હા,હા,Pending
Valji Fuva Surat,9924588043,સુરત,સપરિવાર,હા,હા,હા,હા,હા,Pending
Fai Ba Gadhda,6353960579,મહુવા / અમદાવાદ,સપરિવાર,હા,હા,હા,હા,હા,Pending
Parmar Darshna Teacher,9824899029,મહુવા / અમદાવાદ,સપરિવાર,હા,હા,હા,હા,હા,Pending
Parmar Darshna Teacher,8460200829,મહુવા / અમદાવાદ,સપરિવાર,હા,હા,હા,હા,હા,Pending
Raju citi talati,9714298017,મહુવા / અમદાવાદ,સપરિવાર,હા,હા,હા,હા,હા,Pending
Tatam gurukul,8511272385,મહુવા / અમદાવાદ,સપરિવાર,હા,હા,હા,હા,હા,Pending
Tatam gurukul,9824075694,મહુવા / અમદાવાદ,સપરિવાર,હા,હા,હા,હા,હા,Pending
T D O Magriya Sir,9374746254,મહુવા / અમદાવાદ,સપરિવાર,હા,હા,હા,હા,હા,Pending
Sonal Jani Teacher,9429195888,મહુવા / અમદાવાદ,સપરિવાર,હા,હા,હા,હા,હા,Pending
Patel Hetal Teacher,8401218040,મહુવા / અમદાવાદ,સપરિવાર,હા,હા,હા,હા,હા,Pending
Trambak Bhai S O S,7575855704,મહુવા / અમદાવાદ,સપરિવાર,હા,હા,હા,હા,હા,Pending
Toyota Avinash Bhv,7600071930,ભાવનગર,સપરિવાર,હા,હા,હા,હા,હા,Pending
Rajni Bhai thakar,9879331221,મહુવા / અમદાવાદ,સપરિવાર,હા,હા,હા,હા,હા,Pending
Rajni Bhai thakar,2844224642,મહુવા / અમદાવાદ,સપરિવાર,હા,હા,હા,હા,હા,Pending
Trusha,8200303841,મહુવા / અમદાવાદ,સપરિવાર,હા,હા,હા,હા,હા,Pending
Trusha,9574552271,મહુવા / અમદાવાદ,સપરિવાર,હા,હા,હા,હા,હા,Pending
Tejas Manu Gandhi,9925600787,મહુવા / અમદાવાદ,સપરિવાર,હા,હા,હા,હા,હા,Pending
Dr B R bhatur sir,9925332120,મહુવા / અમદાવાદ,સપરિવાર,હા,હા,હા,હા,હા,Pending
Ramesh barot Sadabhavana,9714461324,મહુવા / અમદાવાદ,સપરિવાર,હા,હા,હા,હા,હા,Pending
Gujjar Vrunda,9974502237,મહુવા / અમદાવાદ,સપરિવાર,હા,હા,હા,હા,હા,Pending
Gujjar Vrunda,9574502237,મહુવા / અમદાવાદ,સપરિવાર,હા,હા,હા,હા,હા,Pending
R R P Agency Tayar Rajkot,9712978966,રાજકોટ,સપરિવાર,હા,હા,હા,હા,હા,Pending
R R P Agency Tayar Rajkot,2812222021,રાજકોટ,સપરિવાર,હા,હા,હા,હા,હા,Pending
R R P Agency Tayar Rajkot,8866227069,રાજકોટ,સપરિવાર,હા,હા,હા,હા,હા,Pending
Virat Vasan,9408207282,મહુવા / અમદાવાદ,સપરિવાર,હા,હા,હા,હા,હા,Pending
Virat Vasan,2844222004,મહુવા / અમદાવાદ,સપરિવાર,હા,હા,હા,હા,હા,Pending
Pruthviraj Bhai Bhav,9925010924,ભાવનગર,સપરિવાર,હા,હા,હા,હા,હા,Pending
Kalu Bhai  Gajipara,9925410067,મહુવા / અમદાવાદ,સપરિવાર,હા,હા,હા,હા,હા,Pending
Kalu Bhai  Gajipara,9275146331,મહુવા / અમદાવાદ,સપરિવાર,હા,હા,હા,હા,હા,Pending
Shiv Mo. Kushal Bhai,9824528807,મહુવા / અમદાવાદ,સપરિવાર,હા,હા,હા,હા,હા,Pending
Nilesh Asha Londry,9428991107,મહુવા / અમદાવાદ,સપરિવાર,હા,હા,હા,હા,હા,Pending
Sitaram travels Ravi Bhai,2844223481,મહુવા / અમદાવાદ,સપરિવાર,હા,હા,હા,હા,હા,Pending
Sitaram travels Ravi Bhai,9925943999,મહુવા / અમદાવાદ,સપરિવાર,હા,હા,હા,હા,હા,Pending
Sitaram travels Ravi Bhai,9427351122,મહુવા / અમદાવાદ,સપરિવાર,હા,હા,હા,હા,હા,Pending
Rtn Vishal Bhai Ruparel,9898908652,મહુવા / અમદાવાદ,સપરિવાર,હા,હા,હા,હા,હા,Pending
Sangit vinu Bhai Bapu,9429165556,મહુવા / અમદાવાદ,સપરિવાર,હા,હા,હા,હા,હા,Pending
Vinu Bhai Dadhia,9099155040,મહુવા / અમદાવાદ,સપરિવાર,હા,હા,હા,હા,હા,Pending
Kanu bhai dundas,9726155848,મહુવા / અમદાવાદ,સપરિવાર,હા,હા,હા,હા,હા,Pending
Sodha bhai nagar palica,9909086376,મહુવા / અમદાવાદ,સપરિવાર,હા,હા,હા,હા,હા,Pending
Tele shih sir bhv,2782521111,ભાવનગર,સપરિવાર,હા,હા,હા,હા,હા,Pending
Tele shih sir bhv,2782434000,ભાવનગર,સપરિવાર,હા,હા,હા,હા,હા,Pending
Tele shih sir bhv,2782420300,ભાવનગર,સપરિવાર,હા,હા,હા,હા,હા,Pending
Nilesh R C Bhai,9687875759,મહુવા / અમદાવાદ,સપરિવાર,હા,હા,હા,હા,હા,Pending
Nilkanth Dham Inquiry,2640290451,મહુવા / અમદાવાદ,સપરિવાર,હા,હા,હા,હા,હા,Pending
Nilkanth Dham Inquiry,9099621000,મહુવા / અમદાવાદ,સપરિવાર,હા,હા,હા,હા,હા,Pending
Nilkanth Dham Inquiry,9925033499,મહુવા / અમદાવાદ,સપરિવાર,હા,હા,હા,હા,હા,Pending
Nilkanth Dham Inquiry,8000800396,મહુવા / અમદાવાદ,સપરિવાર,હા,હા,હા,હા,હા,Pending
Nilkanth Dham Inquiry,8000800218,મહુવા / અમદાવાદ,સપરિવાર,હા,હા,હા,હા,હા,Pending
R S Siletion Pappu Bhai,9033506365,મહુવા / અમદાવાદ,સપરિવાર,હા,હા,હા,હા,હા,Pending
R S Siletion Pappu Bhai,7984349625,મહુવા / અમદાવાદ,સપરિવાર,હા,હા,હા,હા,હા,Pending
Tour Jaimin Patel Himtnagar,9586707079,મહુવા / અમદાવાદ,સપરિવાર,હા,હા,હા,હા,હા,Pending
Karate Jagdish Hariyani,9004913445,મહુવા / અમદાવાદ,સપરિવાર,હા,હા,હા,હા,હા,Pending
Satyajit Acharya Bhv,9898339649,ભાવનગર,સપરિવાર,હા,હા,હા,હા,હા,Pending
Nilesh Bhai Ukani,9879353119,મહુવા / અમદાવાદ,સપરિવાર,હા,હા,હા,હા,હા,Pending
Mahendra Padsala Hemal,9974621587,મહુવા / અમદાવાદ,સપરિવાર,હા,હા,હા,હા,હા,Pending
Kapil Radheyam,9825307872,મહુવા / અમદાવાદ,સપરિવાર,હા,હા,હા,હા,હા,Pending
Saf jiya ben,8469180436,મહુવા / અમદાવાદ,સપરિવાર,હા,હા,હા,હા,હા,Pending
Kadia shailesh,9825582466,મહુવા / અમદાવાદ,સપરિવાર,હા,હા,હા,હા,હા,Pending
Patnjali Shop,9137422356,મહુવા / અમદાવાદ,સપરિવાર,હા,હા,હા,હા,હા,Pending
Soham Timbers,9979448855,મહુવા / અમદાવાદ,સપરિવાર,હા,હા,હા,હા,હા,Pending
Rinku Jikiyali,9979099895,મહુવા / અમદાવાદ,સપરિવાર,હા,હા,હા,હા,હા,Pending
Prasant Murti Maharaj Ahd,9825430305,અમદાવાદ,સપરિવાર,હા,હા,હા,હા,હા,Pending
Sejal Malani Aus,61468820304,મહુવા / અમદાવાદ,સપરિવાર,હા,હા,હા,હા,હા,Pending
Vipul Bavadiya Rinku,9265391941,મહુવા / અમદાવાદ,સપરિવાર,હા,હા,હા,હા,હા,Pending
Kamlesh Bhai Bhadrod,9824951146,મહુવા / અમદાવાદ,સપરિવાર,હા,હા,હા,હા,હા,Pending
Naresh Bhai Ukani,9825613034,મહુવા / અમદાવાદ,સપરિવાર,હા,હા,હા,હા,હા,Pending
S D M Mahuva(Rajvadi Sir),7874845210,મહુવા,સપરિવાર,હા,હા,હા,હા,હા,Pending
Rajvi,9737483418,મહુવા / અમદાવાદ,સપરિવાર,હા,હા,હા,હા,હા,Pending
Prisha Gajjar,8905090659,મહુવા / અમદાવાદ,સપરિવાર,હા,હા,હા,હા,હા,Pending
Prisha Gajjar,9375362592,મહુવા / અમદાવાદ,સપરિવાર,હા,હા,હા,હા,હા,Pending
Phy Vipul Kapadiya,9904187886,મહુવા / અમદાવાદ,સપરિવાર,હા,હા,હા,હા,હા,Pending
Prakash Bhai Mum,9821217060,મુંબઈ,સપરિવાર,હા,હા,હા,હા,હા,Pending
Shyam marbal damji bhai,9662122360,મહુવા / અમદાવાદ,સપરિવાર,હા,હા,હા,હા,હા,Pending
Yogita,9376413030,મહુવા / અમદાવાદ,સપરિવાર,હા,હા,હા,હા,હા,Pending
Bapuji,8306266211,મહુવા / અમદાવાદ,સપરિવાર,હા,હા,હા,હા,હા,Pending
0,8160107969,મહુવા / અમદાવાદ,સપરિવાર,હા,હા,હા,હા,હા,Pending
Madhusudan Bhai U S,2812578752,મહુવા / અમદાવાદ,સપરિવાર,હા,હા,હા,હા,હા,Pending
Madhusudan Bhai U S,0015173921676,મહુવા / અમદાવાદ,સપરિવાર,હા,હા,હા,હા,હા,Pending
Madhusudan Bhai U S,0019042725960,મહુવા / અમદાવાદ,સપરિવાર,હા,હા,હા,હા,હા,Pending
Madhusudan Bhai U S,8850052711,મહુવા / અમદાવાદ,સપરિવાર,હા,હા,હા,હા,હા,Pending
Madhusudan Bhai U S,2226322301,મહુવા / અમદાવાદ,સપરિવાર,હા,હા,હા,હા,હા,Pending
Madhusudan Bhai U S,0015177844224,મહુવા / અમદાવાદ,સપરિવાર,હા,હા,હા,હા,હા,Pending
Madhusudan Bhai U S,9966680378,મહુવા / અમદાવાદ,સપરિવાર,હા,હા,હા,હા,હા,Pending
Bharat Kumar Radadiya,9913938211,મહુવા / અમદાવાદ,સપરિવાર,હા,હા,હા,હા,હા,Pending
Vithal Aata Kundla,9426427192,સાવરકુંડલા,સપરિવાર,હા,હા,હા,હા,હા,Pending
Pilu Jay,7201928736,મહુવા / અમદાવાદ,સપરિવાર,હા,હા,હા,હા,હા,Pending
Taravada gurukul,9879206599,મહુવા / અમદાવાદ,સપરિવાર,હા,હા,હા,હા,હા,Pending
Taravada gurukul,2792277300,મહુવા / અમદાવાદ,સપરિવાર,હા,હા,હા,હા,હા,Pending
Pushti Suresh Gajera,6353030694,મહુવા / અમદાવાદ,સપરિવાર,હા,હા,હા,હા,હા,Pending
Mayur Bhai Domdiya Ahd Contracor,9824173485,અમદાવાદ,સપરિવાર,હા,હા,હા,હા,હા,Pending
Kam Mate Jayshi Ben,8264260203,મહુવા / અમદાવાદ,સપરિવાર,હા,હા,હા,હા,હા,Pending
Kam Mate Sandhyaben,9662142576,મહુવા / અમદાવાદ,સપરિવાર,હા,હા,હા,હા,હા,Pending
D K  U S A,0018647872632,મહુવા / અમદાવાદ,સપરિવાર,હા,હા,હા,હા,હા,Pending
D K  U S A,18645134101,મહુવા / અમદાવાદ,સપરિવાર,હા,હા,હા,હા,હા,Pending
D K  U S A,0018642788481,મહુવા / અમદાવાદ,સપરિવાર,હા,હા,હા,હા,હા,Pending
Vasan Ben,6356180275,મહુવા / અમદાવાદ,સપરિવાર,હા,હા,હા,હા,હા,Pending
Suman Ben Polara,9429636091,મહુવા / અમદાવાદ,સપરિવાર,હા,હા,હા,હા,હા,Pending
Chandrikaben Ukani,9408180439,મહુવા / અમદાવાદ,સપરિવાર,હા,હા,હા,હા,હા,Pending
Kadia alpesh bhai,9879118835,મહુવા / અમદાવાદ,સપરિવાર,હા,હા,હા,હા,હા,Pending
K P  Swami Bhv,9898065522,ભાવનગર,સપરિવાર,હા,હા,હા,હા,હા,Pending
K P  Swami Bhv,2782562932,ભાવનગર,સપરિવાર,હા,હા,હા,હા,હા,Pending
Mamta Ben Purani,6354412232,મહુવા / અમદાવાદ,સપરિવાર,હા,હા,હા,હા,હા,Pending
Mamta Ben Purani,9427112351,મહુવા / અમદાવાદ,સપરિવાર,હા,હા,હા,હા,હા,Pending
Narancharan sha. vrajbhumi,9825222217,મહુવા / અમદાવાદ,સપરિવાર,હા,હા,હા,હા,હા,Pending
Vishwas Trector,9723358912,મહુવા / અમદાવાદ,સપરિવાર,હા,હા,હા,હા,હા,Pending
Vishwas Trector,9737778880,મહુવા / અમદાવાદ,સપરિવાર,હા,હા,હા,હા,હા,Pending
Burhani Glass Mustufa Bhai,2844224747,મહુવા / અમદાવાદ,સપરિવાર,હા,હા,હા,હા,હા,Pending
Burhani Glass Mustufa Bhai,7698842121,મહુવા / અમદાવાદ,સપરિવાર,હા,હા,હા,હા,હા,Pending
Param Sanjay,9879116153,મહુવા / અમદાવાદ,સપરિવાર,હા,હા,હા,હા,હા,Pending
Sci Harshad Hadiya Khutvada,8849898149,મહુવા / અમદાવાદ,સપરિવાર,હા,હા,હા,હા,હા,Pending
Sci Harshad Hadiya Khutvada,7096444309,મહુવા / અમદાવાદ,સપરિવાર,હા,હા,હા,હા,હા,Pending
Shailesh Bhai Vakil,9510926987,મહુવા / અમદાવાદ,સપરિવાર,હા,હા,હા,હા,હા,Pending
Shailesh Bhai Vakil,8488819483,મહુવા / અમદાવાદ,સપરિવાર,હા,હા,હા,હા,હા,Pending
Pravin Bhai Lati Bhv,9924396156,ભાવનગર,સપરિવાર,હા,હા,હા,હા,હા,Pending
Purvatha Sir,9099939099,મહુવા / અમદાવાદ,સપરિવાર,હા,હા,હા,હા,હા,Pending
Shital Tv Naresh Bhai,9824213326,મહુવા / અમદાવાદ,સપરિવાર,હા,હા,હા,હા,હા,Pending
Praful v sekhda,7567069071,મહુવા / અમદાવાદ,સપરિવાર,હા,હા,હા,હા,હા,Pending
Niraj Bhai Desai,9824362261,મહુવા / અમદાવાદ,સપરિવાર,હા,હા,હા,હા,હા,Pending
Manisha Butani Teacher,9924632826,મહુવા / અમદાવાદ,સપરિવાર,હા,હા,હા,હા,હા,Pending
Nayna Ben Jitu Kumar Ahd,9662747795,અમદાવાદ,સપરિવાર,હા,હા,હા,હા,હા,Pending
102 Bhavesh Bhai Mehta,9428493779,મહુવા / અમદાવાદ,સપરિવાર,હા,હા,હા,હા,હા,Pending
102 Bhavesh Bhai Mehta,7802967509,મહુવા / અમદાવાદ,સપરિવાર,હા,હા,હા,હા,હા,Pending
Hari prasad Swa Vidyamandir,9429437017,મહુવા / અમદાવાદ,સપરિવાર,હા,હા,હા,હા,હા,Pending
Hari prasad Swa Vidyamandir,9408000036,મહુવા / અમદાવાદ,સપરિવાર,હા,હા,હા,હા,હા,Pending
Hari prasad Swa Vidyamandir,9722223235,મહુવા / અમદાવાદ,સપરિવાર,હા,હા,હા,હા,હા,Pending
Vaghela Savar,9427244325,મહુવા / અમદાવાદ,સપરિવાર,હા,હા,હા,હા,હા,Pending
Patel Water Bhai,9726293884,મહુવા / અમદાવાદ,સપરિવાર,હા,હા,હા,હા,હા,Pending
Kana Bhai Aalok Dhaba,7359757777,મહુવા / અમદાવાદ,સપરિવાર,હા,હા,હા,હા,હા,Pending
Prakash plastik Mahesh Bhai,9924774581,મહુવા / અમદાવાદ,સપરિવાર,હા,હા,હા,હા,હા,Pending
vivek gondaliya,8780217641,મહુવા / અમદાવાદ,સપરિવાર,હા,હા,હા,હા,હા,Pending
vivek gondaliya,9725077597,મહુવા / અમદાવાદ,સપરિવાર,હા,હા,હા,હા,હા,Pending
Kanu Bhai Parmar,9428533487,મહુવા / અમદાવાદ,સપરિવાર,હા,હા,હા,હા,હા,Pending
Vishal Shriji Dery,9426598285,મહુવા / અમદાવાદ,સપરિવાર,હા,હા,હા,હા,હા,Pending
Muna Bhai Kapopra,9426853653,મહુવા / અમદાવાદ,સપરિવાર,હા,હા,હા,હા,હા,Pending
P M Shah Hardik Bhai Hardwer,9428401775,મહુવા / અમદાવાદ,સપરિવાર,હા,હા,હા,હા,હા,Pending
Prince,9512511541,મહુવા / અમદાવાદ,સપરિવાર,હા,હા,હા,હા,હા,Pending
Vakil bhv,9824041008,ભાવનગર,સપરિવાર,હા,હા,હા,હા,હા,Pending
Kamlesh J K Stil,9624956256,મહુવા / અમદાવાદ,સપરિવાર,હા,હા,હા,હા,હા,Pending
Shailesh kumar London,9227933550,UK,સપરિવાર,હા,હા,હા,હા,હા,Pending
Salim Bhai Light Palika,9924572502,મહુવા / અમદાવાદ,સપરિવાર,હા,હા,હા,હા,હા,Pending
Maruti couriar Shailesh,2844223919,મહુવા / અમદાવાદ,સપરિવાર,હા,હા,હા,હા,હા,Pending
Maruti couriar Shailesh,9429165506,મહુવા / અમદાવાદ,સપરિવાર,હા,હા,હા,હા,હા,Pending
Rishi Mehta,9924079924,મહુવા / અમદાવાદ,સપરિવાર,હા,હા,હા,હા,હા,Pending
Dr kalu Bhai padasala,2797222194,મહુવા / અમદાવાદ,સપરિવાર,હા,હા,હા,હા,હા,Pending
Jitu Gajera Ashi,9429702028,મહુવા / અમદાવાદ,સપરિવાર,હા,હા,હા,હા,હા,Pending
Jitu Gajera Ashi,9429961188,મહુવા / અમદાવાદ,સપરિવાર,હા,હા,હા,હા,હા,Pending
Vanraj bhai,7698009060,મહુવા / અમદાવાદ,સપરિવાર,હા,હા,હા,હા,હા,Pending
Shiyal Chandu Aml,9714813212,અમરેલી,સપરિવાર,હા,હા,હા,હા,હા,Pending
Q 4. Balkushna Konjali,9924739597,મહુવા / અમદાવાદ,સપરિવાર,હા,હા,હા,હા,હા,Pending
Kinjal Chintan Dhudhat Ahd,7878433600,અમદાવાદ,સપરિવાર,હા,હા,હા,હા,હા,Pending
School Jatin bhai Ahd,9825847773,અમદાવાદ,સપરિવાર,હા,હા,હા,હા,હા,Pending
School Jatin bhai Ahd,9825305404,અમદાવાદ,સપરિવાર,હા,હા,હા,હા,હા,Pending
Priti Ladumor,8141927231,મહુવા / અમદાવાદ,સપરિવાર,હા,હા,હા,હા,હા,Pending
Priti Ladumor,6354080554,મહુવા / અમદાવાદ,સપરિવાર,હા,હા,હા,હા,હા,Pending
P P Parekh Shop,9824448604,મહુવા / અમદાવાદ,સપરિવાર,હા,હા,હા,હા,હા,Pending
Prakash Rathod L C,9998167277,મહુવા / અમદાવાદ,સપરિવાર,હા,હા,હા,હા,હા,Pending
Raju Hemal,9825247228,મહુવા / અમદાવાદ,સપરિવાર,હા,હા,હા,હા,હા,Pending
Raju Hemal,7984006283,મહુવા / અમદાવાદ,સપરિવાર,હા,હા,હા,હા,હા,Pending
Gita Ben Surat Vijay Bhai Sis,9974065199,સુરત,સપરિવાર,હા,હા,હા,હા,હા,Pending
Pappu luhar,9909471374,મહુવા / અમદાવાદ,સપરિવાર,હા,હા,હા,હા,હા,Pending
Pappu luhar,9067594201,મહુવા / અમદાવાદ,સપરિવાર,હા,હા,હા,હા,હા,Pending
Pappu luhar,9824801447,મહુવા / અમદાવાદ,સપરિવાર,હા,હા,હા,હા,હા,Pending
Vipul Lift,9714877945,મહુવા / અમદાવાદ,સપરિવાર,હા,હા,હા,હા,હા,Pending
Shital Ben Vaghela,9408262183,મહુવા / અમદાવાદ,સપરિવાર,હા,હા,હા,હા,હા,Pending
Karsan Bhai Bhuj,9879518878,મહુવા / અમદાવાદ,સપરિવાર,હા,હા,હા,હા,હા,Pending
Jagadish C Zalavadiya,7984593586,મહુવા / અમદાવાદ,સપરિવાર,હા,હા,હા,હા,હા,Pending
Jagadish C Zalavadiya,9924063875,મહુવા / અમદાવાદ,સપરિવાર,હા,હા,હા,હા,હા,Pending
Parag Shah Stil Pipe,9327626462,મહુવા / અમદાવાદ,સપરિવાર,હા,હા,હા,હા,હા,Pending
V L. Mangukiya,2844281250,મહુવા / અમદાવાદ,સપરિવાર,હા,હા,હા,હા,હા,Pending
Rakesh Omkaresh Kapda,9924632156,મહુવા / અમદાવાદ,સપરિવાર,હા,હા,હા,હા,હા,Pending
Piyush  Graven Bhacha,9913633694,મહુવા / અમદાવાદ,સપરિવાર,હા,હા,હા,હા,હા,Pending
Vinu Makwana LED,9825491710,મહુવા / અમદાવાદ,સપરિવાર,હા,હા,હા,હા,હા,Pending
Rajesh Desai G S T,9428495386,મહુવા / અમદાવાદ,સપરિવાર,હા,હા,હા,હા,હા,Pending
Senso Tea Bhavnagar,9824846613,ભાવનગર,સપરિવાર,હા,હા,હા,હા,હા,Pending
Ketanbhai Mehta Radio Mahua,9104747007,મહુવા / અમદાવાદ,સપરિવાર,હા,હા,હા,હા,હા,Pending
Vishal Parmar,7383536437,મહુવા / અમદાવાદ,સપરિવાર,હા,હા,હા,હા,હા,Pending
Yash Rathod Rathod,9427818818,મહુવા / અમદાવાદ,સપરિવાર,હા,હા,હા,હા,હા,Pending
Yash Rathod Rathod,8238506262,મહુવા / અમદાવાદ,સપરિવાર,હા,હા,હા,હા,હા,Pending
Parag Vadodara Bell,8000537000,વડોદરા,સપરિવાર,હા,હા,હા,હા,હા,Pending
Raghav Mak. Mota Jadra,9512311983,મહુવા / અમદાવાદ,સપરિવાર,હા,હા,હા,હા,હા,Pending
VIP Ghat Yashwant,9897915071,મહુવા / અમદાવાદ,સપરિવાર,હા,હા,હા,હા,હા,Pending
Sandip  Ahd,9374068534,અમદાવાદ,સપરિવાર,હા,હા,હા,હા,હા,Pending
Sunita Sawatik Vaghani,8758494596,મહુવા / અમદાવાદ,સપરિવાર,હા,હા,હા,હા,હા,Pending
Pratap abad,9930304420,મહુવા / અમદાવાદ,સપરિવાર,હા,હા,હા,હા,હા,Pending
Pratap abad,2265092707,મહુવા / અમદાવાદ,સપરિવાર,હા,હા,હા,હા,હા,Pending
Pratap abad,2228997961,મહુવા / અમદાવાદ,સપરિવાર,હા,હા,હા,હા,હા,Pending
Tata Motors Manu Bhv,9979889981,ભાવનગર,સપરિવાર,હા,હા,હા,હા,હા,Pending
Tata Motors Manu Bhv,9737451925,ભાવનગર,સપરિવાર,હા,હા,હા,હા,હા,Pending
Lion Den Dhari,9737827111,મહુવા / અમદાવાદ,સપરિવાર,હા,હા,હા,હા,હા,Pending
Lion Den Dhari,8347271111,મહુવા / અમદાવાદ,સપરિવાર,હા,હા,હા,હા,હા,Pending
Jitu Bhai Jcb,9925332122,મહુવા / અમદાવાદ,સપરિવાર,હા,હા,હા,હા,હા,Pending
Sandesh Raju bhai News,9426967657,મહુવા / અમદાવાદ,સપરિવાર,હા,હા,હા,હા,હા,Pending
Sandesh Raju bhai News,2844225800,મહુવા / અમદાવાદ,સપરિવાર,હા,હા,હા,હા,હા,Pending
Sandesh Raju bhai News,9725366542,મહુવા / અમદાવાદ,સપરિવાર,હા,હા,હા,હા,હા,Pending
Ashvin kumar surat,9879101420,સુરત,સપરિવાર,હા,હા,હા,હા,હા,Pending
Suthar Jayesh Bhai,7383383371,મહુવા / અમદાવાદ,સપરિવાર,હા,હા,હા,હા,હા,Pending
Suthar Jayesh Bhai,9426288823,મહુવા / અમદાવાદ,સપરિવાર,હા,હા,હા,હા,હા,Pending
Mayur Asopalav,9427137413,મહુવા / અમદાવાદ,સપરિવાર,હા,હા,હા,હા,હા,Pending
Mayur Asopalav,9429539798,મહુવા / અમદાવાદ,સપરિવાર,હા,હા,હા,હા,હા,Pending
K K Virudh,9825627644,મહુવા / અમદાવાદ,સપરિવાર,હા,હા,હા,હા,હા,Pending
Puja Ben Bhaliya Teacher,7405504549,મહુવા / અમદાવાદ,સપરિવાર,હા,હા,હા,હા,હા,Pending
Munna Butani Ahd,9723135714,અમદાવાદ,સપરિવાર,હા,હા,હા,હા,હા,Pending
Munna Butani Ahd,9054135714,અમદાવાદ,સપરિવાર,હા,હા,હા,હા,હા,Pending
Vagh Kalu,9979523520,મહુવા / અમદાવાદ,સપરિવાર,હા,હા,હા,હા,હા,Pending
Dr Mahendra Bhai Patel,8469601717,મહુવા / અમદાવાદ,સપરિવાર,હા,હા,હા,હા,હા,Pending
Tapan Bhai Sports,9558222523,મહુવા / અમદાવાદ,સપરિવાર,હા,હા,હા,હા,હા,Pending
Dipak Bala Mama,9879672127,મહુવા / અમદાવાદ,સપરિવાર,હા,હા,હા,હા,હા,Pending
Mukesh bhai chennai,9841010942,મહુવા / અમદાવાદ,સપરિવાર,હા,હા,હા,હા,હા,Pending
Jyoti Dhiren Surat,9426644815,સુરત,સપરિવાર,હા,હા,હા,હા,હા,Pending
Vijay nasit surat,9825110427,સુરત,સપરિવાર,હા,હા,હા,હા,હા,Pending
Shamalshi mama Surat,9824533966,સુરત,સપરિવાર,હા,હા,હા,હા,હા,Pending
A B Maniyar Teacher,9737412688,મહુવા / અમદાવાદ,સપરિવાર,હા,હા,હા,હા,હા,Pending
A B Maniyar Teacher,9484771363,મહુવા / અમદાવાદ,સપરિવાર,હા,હા,હા,હા,હા,Pending
Anita Nimesh Bhalala,9574853207,મહુવા / અમદાવાદ,સપરિવાર,હા,હા,હા,હા,હા,Pending
Akaxta Amreli,9428798721,અમરેલી,સપરિવાર,હા,હા,હા,હા,હા,Pending
Rajesh Sodvadia Surat,9824148792,સુરત,સપરિવાર,હા,હા,હા,હા,હા,Pending
Khodiyar Travels,2844228686,મહુવા / અમદાવાદ,સપરિવાર,હા,હા,હા,હા,હા,Pending
Khodiyar Travels,2844227272,મહુવા / અમદાવાદ,સપરિવાર,હા,હા,હા,હા,હા,Pending
Khodiyar Travels,9428625252,મહુવા / અમદાવાદ,સપરિવાર,હા,હા,હા,હા,હા,Pending
Vishal Mishtry Profile Sec Bhv,9574333232,ભાવનગર,સપરિવાર,હા,હા,હા,હા,હા,Pending
Mahiraj Jaysukh P. Vora,9426822824,મહુવા / અમદાવાદ,સપરિવાર,હા,હા,હા,હા,હા,Pending
Hari prasad Swamiji Pardi,9825142990,મહુવા / અમદાવાદ,સપરિવાર,હા,હા,હા,હા,હા,Pending
Sarvagna Mehta,9428787375,મહુવા / અમદાવાદ,સપરિવાર,હા,હા,હા,હા,હા,Pending
Naran Bhai Kasdiya M P,9013180182,મહુવા / અમદાવાદ,સપરિવાર,હા,હા,હા,હા,હા,Pending
Jitu Vala,9427013707,મહુવા / અમદાવાદ,સપરિવાર,હા,હા,હા,હા,હા,Pending
Pratik Shah Ahd,9099997654,અમદાવાદ,સપરિવાર,હા,હા,હા,હા,હા,Pending
Kumar Bhai sukla Patrakar,9227242477,મહુવા / અમદાવાદ,સપરિવાર,હા,હા,હા,હા,હા,Pending
Kumar Bhai sukla Patrakar,9924883030,મહુવા / અમદાવાદ,સપરિવાર,હા,હા,હા,હા,હા,Pending
Sbi Mukesh Upadhyay,7600040280,મહુવા / અમદાવાદ,સપરિવાર,હા,હા,હા,હા,હા,Pending
Sbi Mukesh Upadhyay,7600050055,મહુવા / અમદાવાદ,સપરિવાર,હા,હા,હા,હા,હા,Pending
Viren Dada Puja Mate,9825838287,મહુવા / અમદાવાદ,સપરિવાર,હા,હા,હા,હા,હા,Pending
Viren Dada Puja Mate,8320683835,મહુવા / અમદાવાદ,સપરિવાર,હા,હા,હા,હા,હા,Pending
Vinay Amrut Treding,2844223767,મહુવા / અમદાવાદ,સપરિવાર,હા,હા,હા,હા,હા,Pending
Janvi Butani,8200154818,મહુવા / અમદાવાદ,સપરિવાર,હા,હા,હા,હા,હા,Pending
Madhav Swami Nasik,9850688858,મહુવા / અમદાવાદ,સપરિવાર,હા,હા,હા,હા,હા,Pending
Prashant Science,9904939225,મહુવા / અમદાવાદ,સપરિવાર,હા,હા,હા,હા,હા,Pending
Pravinbhai V.l Mangukiya,6352181433,મહુવા / અમદાવાદ,સપરિવાર,હા,હા,હા,હા,હા,Pending
Pravin Joshi Yard,9824291444,મહુવા / અમદાવાદ,સપરિવાર,હા,હા,હા,હા,હા,Pending
Disha zalavadiya,7048333987,મહુવા / અમદાવાદ,સપરિવાર,હા,હા,હા,હા,હા,Pending
Jitu Makwana Relve Stesion,7990584058,મહુવા / અમદાવાદ,સપરિવાર,હા,હા,હા,હા,હા,Pending
K R sons,2844222691,મહુવા / અમદાવાદ,સપરિવાર,હા,હા,હા,હા,હા,Pending
K R sons,2844229121,મહુવા / અમદાવાદ,સપરિવાર,હા,હા,હા,હા,હા,Pending
Shailesh Sagpariya Rajkot,9898795198,રાજકોટ,સપરિવાર,હા,હા,હા,હા,હા,Pending
Somnath Seniteion,9723838437,મહુવા / અમદાવાદ,સપરિવાર,હા,હા,હા,હા,હા,Pending
Tika Bapu,9426271532,મહુવા / અમદાવાદ,સપરિવાર,હા,હા,હા,હા,હા,Pending
Vaishali Jitu Jagad,9624053481,મહુવા / અમદાવાદ,સપરિવાર,હા,હા,હા,હા,હા,Pending
Software Mate Bhv,9427496008,ભાવનગર,સપરિવાર,હા,હા,હા,હા,હા,Pending
Vinu bhai Mistry,9426851051,મહુવા / અમદાવાદ,સપરિવાર,હા,હા,હા,હા,હા,Pending
Vinu bhai Mistry,9510208091,મહુવા / અમદાવાદ,સપરિવાર,હા,હા,હા,હા,હા,Pending
Mehul Bhai Minarva,9913134747,મહુવા / અમદાવાદ,સપરિવાર,હા,હા,હા,હા,હા,Pending
Prakash Nilkanth Catrin Amreli,9825015371,અમરેલી,સપરિવાર,હા,હા,હા,હા,હા,Pending
Prant Officer Jayesh Tuvar,9879890124,મહુવા / અમદાવાદ,સપરિવાર,હા,હા,હા,હા,હા,Pending
Vishnu Swami Ak,9328001008,મહુવા / અમદાવાદ,સપરિવાર,હા,હા,હા,હા,હા,Pending
Pankaj Sandhavi Vadodara,8104325049,વડોદરા,સપરિવાર,હા,હા,હા,હા,હા,Pending
Bhargav Jivan Zalavadiya,7359556511,મહુવા / અમદાવાદ,સપરિવાર,હા,હા,હા,હા,હા,Pending
Bhargav Jivan Zalavadiya,9727349695,મહુવા / અમદાવાદ,સપરિવાર,હા,હા,હા,હા,હા,Pending
Bipin Bhai Butani,7802874033,મહુવા / અમદાવાદ,સપરિવાર,હા,હા,હા,હા,હા,Pending
Joshi Mehul Ashok Bhai Polish,9427777928,મહુવા / અમદાવાદ,સપરિવાર,હા,હા,હા,હા,હા,Pending
0,9427287087,મહુવા / અમદાવાદ,સપરિવાર,હા,હા,હા,હા,હા,Pending
R T O,9723746651,મહુવા / અમદાવાદ,સપરિવાર,હા,હા,હા,હા,હા,Pending
Rakesh Bhai Surat,9904000080,સુરત,સપરિવાર,હા,હા,હા,હા,હા,Pending
Paresh Bhupat Valiya,9429232632,મહુવા / અમદાવાદ,સપરિવાર,હા,હા,હા,હા,હા,Pending
Paresh Bhupat Valiya,7567272082,મહુવા / અમદાવાદ,સપરિવાર,હા,હા,હા,હા,હા,Pending
Vimal Pragji Bhai Vora Ahd,9925225570,અમદાવાદ,સપરિવાર,હા,હા,હા,હા,હા,Pending
Pathan Irfan Jaherat,9426462492,મહુવા / અમદાવાદ,સપરિવાર,હા,હા,હા,હા,હા,Pending
Raju Bhai Joliya,9714847325,મહુવા / અમદાવાદ,સપરિવાર,હા,હા,હા,હા,હા,Pending
Raju Bhai Joliya,6352709825,મહુવા / અમદાવાદ,સપરિવાર,હા,હા,હા,હા,હા,Pending
Daksha Ben Karjala,9979529400,મહુવા / અમદાવાદ,સપરિવાર,હા,હા,હા,હા,હા,Pending
Vinu Bhai Gautam,9825491691,મહુવા / અમદાવાદ,સપરિવાર,હા,હા,હા,હા,હા,Pending
Gita Mami Rajula,9824482567,મહુવા / અમદાવાદ,સપરિવાર,હા,હા,હા,હા,હા,Pending
Gita Mami Rajula,2794222567,મહુવા / અમદાવાદ,સપરિવાર,હા,હા,હા,હા,હા,Pending
Suryakant Bhai Ahd,9909044881,અમદાવાદ,સપરિવાર,હા,હા,હા,હા,હા,Pending
Nimesh (Kalu) Bhalala,8140194004,મહુવા / અમદાવાદ,સપરિવાર,હા,હા,હા,હા,હા,Pending
Riya Pithadiya Papa,9723379007,મહુવા / અમદાવાદ,સપરિવાર,હા,હા,હા,હા,હા,Pending
Raju Bhai Painter,9723835308,મહુવા / અમદાવાદ,સપરિવાર,હા,હા,હા,હા,હા,Pending
Raghuvir Treding,9825846757,મહુવા / અમદાવાદ,સપરિવાર,હા,હા,હા,હા,હા,Pending
Raghuvir Treding,2844222747,મહુવા / અમદાવાદ,સપરિવાર,હા,હા,હા,હા,હા,Pending
Manoj Thumar Vadaviyala,9428182691,મહુવા / અમદાવાદ,સપરિવાર,હા,હા,હા,હા,હા,Pending
Manoj Thumar Vadaviyala,9909015500,મહુવા / અમદાવાદ,સપરિવાર,હા,હા,હા,હા,હા,Pending
Manoj Thumar Vadaviyala,9924186355,મહુવા / અમદાવાદ,સપરિવાર,હા,હા,હા,હા,હા,Pending
Shiv Dasrath Bhai,7698088880,મહુવા / અમદાવાદ,સપરિવાર,હા,હા,હા,હા,હા,Pending
Riksh Bharat,9904865200,મહુવા / અમદાવાદ,સપરિવાર,હા,હા,હા,હા,હા,Pending
Nilesh baraiya,9824927499,મહુવા / અમદાવાદ,સપરિવાર,હા,હા,હા,હા,હા,Pending
Nilesh baraiya,9033724572,મહુવા / અમદાવાદ,સપરિવાર,હા,હા,હા,હા,હા,Pending
Pankaj Bhai sangit,9428992591,મહુવા / અમદાવાદ,સપરિવાર,હા,હા,હા,હા,હા,Pending
Pankaj Bhai sangit,8460604211,મહુવા / અમદાવાદ,સપરિવાર,હા,હા,હા,હા,હા,Pending
Pankaj Bhai sangit,9714765900,મહુવા / અમદાવાદ,સપરિવાર,હા,હા,હા,હા,હા,Pending
Web Nirav Nathvani,9824490122,મહુવા / અમદાવાદ,સપરિવાર,હા,હા,હા,હા,હા,Pending
Web Nirav Nathvani,9409079997,મહુવા / અમદાવાદ,સપરિવાર,હા,હા,હા,હા,હા,Pending
Eandu Kaka,9879049553,મહુવા / અમદાવાદ,સપરિવાર,હા,હા,હા,હા,હા,Pending
Shree Ram Medi Bhv Shanti Bhai,9825172616,ભાવનગર,સપરિવાર,હા,હા,હા,હા,હા,Pending
Raju bhai pardi,9825112015,મહુવા / અમદાવાદ,સપરિવાર,હા,હા,હા,હા,હા,Pending
Pro. Dipak Teraiya,9426282778,મહુવા / અમદાવાદ,સપરિવાર,હા,હા,હા,હા,હા,Pending
Om lakulish Vekriya,9428181581,મહુવા / અમદાવાદ,સપરિવાર,હા,હા,હા,હા,હા,Pending
Kanti Bhacha,9228208080,મહુવા / અમદાવાદ,સપરિવાર,હા,હા,હા,હા,હા,Pending
Kanti Bhacha,7043142580,મહુવા / અમદાવાદ,સપરિવાર,હા,હા,હા,હા,હા,Pending
Pradip P O P Vala,8460838147,મહુવા / અમદાવાદ,સપરિવાર,હા,હા,હા,હા,હા,Pending
Pradip P O P Vala,7984855747,મહુવા / અમદાવાદ,સપરિવાર,હા,હા,હા,હા,હા,Pending
Jaydip Jaysukh Zalavadiya,8690094043,મહુવા / અમદાવાદ,સપરિવાર,હા,હા,હા,હા,હા,Pending
Ajay Kundla,9429351253,સાવરકુંડલા,સપરિવાર,હા,હા,હા,હા,હા,Pending
Ajay Kundla,9375720120,સાવરકુંડલા,સપરિવાર,હા,હા,હા,હા,હા,Pending
Rajni Bavadiya Amrutvel,9898464778,મહુવા / અમદાવાદ,સપરિવાર,હા,હા,હા,હા,હા,Pending
Shanti Swami Dadhan,9825788590,મહુવા / અમદાવાદ,સપરિવાર,હા,હા,હા,હા,હા,Pending
Shailesh Bhai Malani Ahd,9428637775,અમદાવાદ,સપરિવાર,હા,હા,હા,હા,હા,Pending
Vijay chasapar,9824196989,મહુવા / અમદાવાદ,સપરિવાર,હા,હા,હા,હા,હા,Pending
Shobha Kalsaria Talgajrada,9638644051,મહુવા / અમદાવાદ,સપરિવાર,હા,હા,હા,હા,હા,Pending
Yog Swami Nilkanthdham,8000121000,મહુવા / અમદાવાદ,સપરિવાર,હા,હા,હા,હા,હા,Pending
Bhavna Ben Dundas,8141380137,મહુવા / અમદાવાદ,સપરિવાર,હા,હા,હા,હા,હા,Pending
Varsha Hadiya,9687878597,મહુવા / અમદાવાદ,સપરિવાર,હા,હા,હા,હા,હા,Pending
Viran bhai malkan,9824562717,મહુવા / અમદાવાદ,સપરિવાર,હા,હા,હા,હા,હા,Pending
Ramnik Davra,9016701011,મહુવા / અમદાવાદ,સપરિવાર,હા,હા,હા,હા,હા,Pending
Paresh Shyam Video,9824981366,મહુવા / અમદાવાદ,સપરિવાર,હા,હા,હા,હા,હા,Pending
Krishna Jivan Zalavadia,8128050714,મહુવા / અમદાવાદ,સપરિવાર,હા,હા,હા,હા,હા,Pending
Kanti Mandavdhar,6355951592,મહુવા / અમદાવાદ,સપરિવાર,હા,હા,હા,હા,હા,Pending
Dhiren Kumar surat,9824456510,સુરત,સપરિવાર,હા,હા,હા,હા,હા,Pending
Dhiren Kumar surat,9429440224,સુરત,સપરિવાર,હા,હા,હા,હા,હા,Pending
Rajendra Rathod Eng,9016391799,મહુવા / અમદાવાદ,સપરિવાર,હા,હા,હા,હા,હા,Pending
Rajendra Rathod Eng,7990651338,મહુવા / અમદાવાદ,સપરિવાર,હા,હા,હા,હા,હા,Pending
Jagdish Gajera,9898666359,મહુવા / અમદાવાદ,સપરિવાર,હા,હા,હા,હા,હા,Pending
Pragna Teacher,7434067643,મહુવા / અમદાવાદ,સપરિવાર,હા,હા,હા,હા,હા,Pending
Vashali Ben 202,6353887272,મહુવા / અમદાવાદ,સપરિવાર,હા,હા,હા,હા,હા,Pending
Palar,7490932048,મહુવા / અમદાવાદ,સપરિવાર,હા,હા,હા,હા,હા,Pending
Vadher Ghanshyam bhai,9898272797,મહુવા / અમદાવાદ,સપરિવાર,હા,હા,હા,હા,હા,Pending
Rupa Bhai Kapdia,9925284682,મહુવા / અમદાવાદ,સપરિવાર,હા,હા,હા,હા,હા,Pending
Jagruti Parlar,9173501332,મહુવા / અમદાવાદ,સપરિવાર,હા,હા,હા,હા,હા,Pending
Jagruti Parlar,98798989900,મહુવા / અમદાવાદ,સપરિવાર,હા,હા,હા,હા,હા,Pending
Q 4 Kasturba Madhya Bila,9427759159,મહુવા / અમદાવાદ,સપરિવાર,હા,હા,હા,હા,હા,Pending
Q 4 Kasturba Madhya Bila,9924075002,મહુવા / અમદાવાદ,સપરિવાર,હા,હા,હા,હા,હા,Pending
Jitu Bhai Lathidadia,9909471255,મહુવા / અમદાવાદ,સપરિવાર,હા,હા,હા,હા,હા,Pending
Jitu Bhai Lathidadia,9662036644,મહુવા / અમદાવાદ,સપરિવાર,હા,હા,હા,હા,હા,Pending
S T Inquery,8530793600,મહુવા / અમદાવાદ,સપરિવાર,હા,હા,હા,હા,હા,Pending
Dr Jagdish Bhai Parmar,9824879988,મહુવા / અમદાવાદ,સપરિવાર,હા,હા,હા,હા,હા,Pending
Dr Jagdish Bhai Parmar,2844224567,મહુવા / અમદાવાદ,સપરિવાર,હા,હા,હા,હા,હા,Pending
Sanskruti School Dundas,9726886110,મહુવા / અમદાવાદ,સપરિવાર,હા,હા,હા,હા,હા,Pending
Dixit Dundas,9574399281,મહુવા / અમદાવાદ,સપરિવાર,હા,હા,હા,હા,હા,Pending
Dixit Dundas,9924075408,મહુવા / અમદાવાદ,સપરિવાર,હા,હા,હા,હા,હા,Pending
Trakuda Ben,9904410170,મહુવા / અમદાવાદ,સપરિવાર,હા,હા,હા,હા,હા,Pending
Trakuda Ben,8347259965,મહુવા / અમદાવાદ,સપરિવાર,હા,હા,હા,હા,હા,Pending
Patel Pankaj Bhai Chankya,8000201555,મહુવા / અમદાવાદ,સપરિવાર,હા,હા,હા,હા,હા,Pending
Patel Pankaj Bhai Chankya,9638442666,મહુવા / અમદાવાદ,સપરિવાર,હા,હા,હા,હા,હા,Pending
Patel Pankaj Bhai Chankya,8140101555,મહુવા / અમદાવાદ,સપરિવાર,હા,હા,હા,હા,હા,Pending
Sanjay Nagar Pa.panimate,9924774557,મહુવા / અમદાવાદ,સપરિવાર,હા,હા,હા,હા,હા,Pending
Sharad Bhai Chitroda Sir Chem,9724274996,મહુવા / અમદાવાદ,સપરિવાર,હા,હા,હા,હા,હા,Pending
Sharad Bhai Chitroda Sir Chem,8200348574,મહુવા / અમદાવાદ,સપરિવાર,હા,હા,હા,હા,હા,Pending
Parth Bhatt( M C. A),9979749683,મહુવા / અમદાવાદ,સપરિવાર,હા,હા,હા,હા,હા,Pending
Dr Ahir Saheb Ortho,9924456060,મહુવા / અમદાવાદ,સપરિવાર,હા,હા,હા,હા,હા,Pending
Prathna Joshi,9265292725,મહુવા / અમદાવાદ,સપરિવાર,હા,હા,હા,હા,હા,Pending
Dr Kuldip Dave,9374596649,મહુવા / અમદાવાદ,સપરિવાર,હા,હા,હા,હા,હા,Pending
Gaurang Badhda,7698399007,મહુવા / અમદાવાદ,સપરિવાર,હા,હા,હા,હા,હા,Pending
Shamji Bhagat Sgvp,9825025311,મહુવા / અમદાવાદ,સપરિવાર,હા,હા,હા,હા,હા,Pending
Rutvi,9067277530,મહુવા / અમદાવાદ,સપરિવાર,હા,હા,હા,હા,હા,Pending
Madhu Ben Dave HOD,9624955868,મહુવા / અમદાવાદ,સપરિવાર,હા,હા,હા,હા,હા,Pending
Kanu Bhai Padsala Hemal,9426236180,મહુવા / અમદાવાદ,સપરિવાર,હા,હા,હા,હા,હા,Pending
Ashvin Jasani,9825528517,મહુવા / અમદાવાદ,સપરિવાર,હા,હા,હા,હા,હા,Pending
Manoj bhai Rajdhani,9824282863,મહુવા / અમદાવાદ,સપરિવાર,હા,હા,હા,હા,હા,Pending
Plamber Bhai,9824899008,મહુવા / અમદાવાદ,સપરિવાર,હા,હા,હા,હા,હા,Pending
Amarish Kheni Home,9925407733,મહુવા / અમદાવાદ,સપરિવાર,હા,હા,હા,હા,હા,Pending
Jimmy Ahd,9173524200,અમદાવાદ,સપરિવાર,હા,હા,હા,હા,હા,Pending
Manoj Bhai plastik,2844226598,મહુવા / અમદાવાદ,સપરિવાર,હા,હા,હા,હા,હા,Pending
Manoj Bhai plastik,9925026598,મહુવા / અમદાવાદ,સપરિવાર,હા,હા,હા,હા,હા,Pending
S B I J J Mehta,9825628556,મહુવા / અમદાવાદ,સપરિવાર,હા,હા,હા,હા,હા,Pending
Shailesh pathak,7016984994,મહુવા / અમદાવાદ,સપરિવાર,હા,હા,હા,હા,હા,Pending
Vraj swami Shyam Para Sidsar,7984035055,મહુવા / અમદાવાદ,સપરિવાર,હા,હા,હા,હા,હા,Pending
Vraj swami Shyam Para Sidsar,9909966049,મહુવા / અમદાવાદ,સપરિવાર,હા,હા,હા,હા,હા,Pending
Kishan Aambaliya,9998100779,મહુવા / અમદાવાદ,સપરિવાર,હા,હા,હા,હા,હા,Pending
Kishan Aambaliya,9106976315,મહુવા / અમદાવાદ,સપરિવાર,હા,હા,હા,હા,હા,Pending
Pro Bhuva Sir,9408675861,મહુવા / અમદાવાદ,સપરિવાર,હા,હા,હા,હા,હા,Pending
Naran Senta Shrihari,9824882762,મહુવા / અમદાવાદ,સપરિવાર,હા,હા,હા,હા,હા,Pending
Paras Shah PNR BHV,9327543757,ભાવનગર,સપરિવાર,હા,હા,હા,હા,હા,Pending
Ramesh contractor,9924632807,મહુવા / અમદાવાદ,સપરિવાર,હા,હા,હા,હા,હા,Pending
Ramesh contractor,9737222074,મહુવા / અમદાવાદ,સપરિવાર,હા,હા,હા,હા,હા,Pending
Phy Shailesh,9574637041,મહુવા / અમદાવાદ,સપરિવાર,હા,હા,હા,હા,હા,Pending
Vishva medical,9924632944,મહુવા / અમદાવાદ,સપરિવાર,હા,હા,હા,હા,હા,Pending
Vashista Sharad Trivedi,8780793836,મહુવા / અમદાવાદ,સપરિવાર,હા,હા,હા,હા,હા,Pending
Kishor Kheni,9879037940,મહુવા / અમદાવાદ,સપરિવાર,હા,હા,હા,હા,હા,Pending
Sanjay Khodiyar Velding,9099262697,મહુવા / અમદાવાદ,સપરિવાર,હા,હા,હા,હા,હા,Pending
Sanjay Khodiyar Velding,9773432042,મહુવા / અમદાવાદ,સપરિવાર,હા,હા,હા,હા,હા,Pending
Raj Home Dekor Wall Paper,9979665768,મહુવા / અમદાવાદ,સપરિવાર,હા,હા,હા,હા,હા,Pending
Raj Home Dekor Wall Paper,8866616200,મહુવા / અમદાવાદ,સપરિવાર,હા,હા,હા,હા,હા,Pending
Raju Bhacha,9724980351,મહુવા / અમદાવાદ,સપરિવાર,હા,હા,હા,હા,હા,Pending
Raju Bhacha,9974667636,મહુવા / અમદાવાદ,સપરિવાર,હા,હા,હા,હા,હા,Pending
Mamata Vekriya,99785180341,મહુવા / અમદાવાદ,સપરિવાર,હા,હા,હા,હા,હા,Pending
Manish Pandya T V,9825005938,મહુવા / અમદાવાદ,સપરિવાર,હા,હા,હા,હા,હા,Pending
Dr kanu Kalsariya,9825231012,મહુવા / અમદાવાદ,સપરિવાર,હા,હા,હા,હા,હા,Pending
Dr kanu Kalsariya,8128552439,મહુવા / અમદાવાદ,સપરિવાર,હા,હા,હા,હા,હા,Pending
Karsan Bhai Valaki Sarjna,9427470636,મહુવા / અમદાવાદ,સપરિવાર,હા,હા,હા,હા,હા,Pending
Karsan Bhai Valaki Sarjna,9979051715,મહુવા / અમદાવાદ,સપરિવાર,હા,હા,હા,હા,હા,Pending
Bina Bhabhi Ketan Bhai,9408022275,મહુવા / અમદાવાદ,સપરિવાર,હા,હા,હા,હા,હા,Pending
Ramdev Wefars Pruthvisih,8758354716,મહુવા / અમદાવાદ,સપરિવાર,હા,હા,હા,હા,હા,Pending
Ramdev Wefars Pruthvisih,9898102930,મહુવા / અમદાવાદ,સપરિવાર,હા,હા,હા,હા,હા,Pending
Ramesh Bhai Mandir,9638865859,મહુવા / અમદાવાદ,સપરિવાર,હા,હા,હા,હા,હા,Pending
Ramesh Bhai Mandir,9624360408,મહુવા / અમદાવાદ,સપરિવાર,હા,હા,હા,હા,હા,Pending
Kamalesh Joshi,6355244008,મહુવા / અમદાવાદ,સપરિવાર,હા,હા,હા,હા,હા,Pending
Tulsi Trivedi Teacher,9924739809,મહુવા / અમદાવાદ,સપરિવાર,હા,હા,હા,હા,હા,Pending
Tulsi Trivedi Teacher,8866105398,મહુવા / અમદાવાદ,સપરિવાર,હા,હા,હા,હા,હા,Pending
Tulsi Trivedi Teacher,9099094640,મહુવા / અમદાવાદ,સપરિવાર,હા,હા,હા,હા,હા,Pending
Tulsi Trivedi Teacher,6354262654,મહુવા / અમદાવાદ,સપરિવાર,હા,હા,હા,હા,હા,Pending
PANDAV DIVYA TEACHER,7698677380,મહુવા / અમદાવાદ,સપરિવાર,હા,હા,હા,હા,હા,Pending
PANDAV DIVYA TEACHER,6353851368,મહુવા / અમદાવાદ,સપરિવાર,હા,હા,હા,હા,હા,Pending
PANDAV DIVYA TEACHER,7265051362,મહુવા / અમદાવાદ,સપરિવાર,હા,હા,હા,હા,હા,Pending
Satyen Hirapar,7778889966,મહુવા / અમદાવાદ,સપરિવાર,હા,હા,હા,હા,હા,Pending
Rajesh Bhai S Kumar Rjt,9824416901,રાજકોટ,સપરિવાર,હા,હા,હા,હા,હા,Pending
Ramesh Bhai Jani (Dipak),9427137336,મહુવા / અમદાવાદ,સપરિવાર,હા,હા,હા,હા,હા,Pending
Shanti Padsala ahd,9913177044,અમદાવાદ,સપરિવાર,હા,હા,હા,હા,હા,Pending
Shanti Padsala ahd,8200979355,અમદાવાદ,સપરિવાર,હા,હા,હા,હા,હા,Pending
Rajni Bhai koldia ahd,9033900951,અમદાવાદ,સપરિવાર,હા,હા,હા,હા,હા,Pending
Rajni Bhai koldia ahd,9722070650,અમદાવાદ,સપરિવાર,હા,હા,હા,હા,હા,Pending
Kamlesh Bhai Gramin Benk,9974938142,મહુવા / અમદાવાદ,સપરિવાર,હા,હા,હા,હા,હા,Pending
Kamlesh Bhai Gramin Benk,9820059009,મહુવા / અમદાવાદ,સપરિવાર,હા,હા,હા,હા,હા,Pending
Kamlesh Bhai Gramin Benk,2221714419,મહુવા / અમદાવાદ,સપરિવાર,હા,હા,હા,હા,હા,Pending
Kashyap Barot Lion Den,9737657101,મહુવા / અમદાવાદ,સપરિવાર,હા,હા,હા,હા,હા,Pending
Bhut Lalit Bhai (Krisha),9824498431,મહુવા / અમદાવાદ,સપરિવાર,હા,હા,હા,હા,હા,Pending
Vivek Vrajbhumi,9930543739,મહુવા / અમદાવાદ,સપરિવાર,હા,હા,હા,હા,હા,Pending
Vivek Vrajbhumi,9099044835,મહુવા / અમદાવાદ,સપરિવાર,હા,હા,હા,હા,હા,Pending
Pravin Jadav Teacher,7359040967,મહુવા / અમદાવાદ,સપરિવાર,હા,હા,હા,હા,હા,Pending
Pravin Jadav Teacher,8849727487,મહુવા / અમદાવાદ,સપરિવાર,હા,હા,હા,હા,હા,Pending
Shelja,9265815052,મહુવા / અમદાવાદ,સપરિવાર,હા,હા,હા,હા,હા,Pending
Manish Cctv Rirerar,9512424274,મહુવા / અમદાવાદ,સપરિવાર,હા,હા,હા,હા,હા,Pending
Keshu Bhai Talgajrada,9974781128,મહુવા / અમદાવાદ,સપરિવાર,હા,હા,હા,હા,હા,Pending
Pravin Bhai Kumbhani G E B,9925023853,મહુવા / અમદાવાદ,સપરિવાર,હા,હા,હા,હા,હા,Pending
Pravin Bhai Kumbhani G E B,7096497980,મહુવા / અમદાવાદ,સપરિવાર,હા,હા,હા,હા,હા,Pending
Uday Bhai,9925258820,મહુવા / અમદાવાદ,સપરિવાર,હા,હા,હા,હા,હા,Pending
Uday Bhai,9427281717,મહુવા / અમદાવાદ,સપરિવાર,હા,હા,હા,હા,હા,Pending
Uday Bhai,8000798393,મહુવા / અમદાવાદ,સપરિવાર,હા,હા,હા,હા,હા,Pending
Vishal Kadiya,8000512442,મહુવા / અમદાવાદ,સપરિવાર,હા,હા,હા,હા,હા,Pending
Minesh B Savliya,9737333444,મહુવા / અમદાવાદ,સપરિવાર,હા,હા,હા,હા,હા,Pending
Vinod bhai mehta U S A,0014085919217,મહુવા / અમદાવાદ,સપરિવાર,હા,હા,હા,હા,હા,Pending
Vinod bhai mehta U S A,9967221114,મહુવા / અમદાવાદ,સપરિવાર,હા,હા,હા,હા,હા,Pending
Vinod bhai mehta U S A,0014082681259,મહુવા / અમદાવાદ,સપરિવાર,હા,હા,હા,હા,હા,Pending
Vasant Bhai Tour,9601293346,મહુવા / અમદાવાદ,સપરિવાર,હા,હા,હા,હા,હા,Pending
Vasant Bhai Tour,9924412566,મહુવા / અમદાવાદ,સપરિવાર,હા,હા,હા,હા,હા,Pending
S P C Andhariya Bhv,9427559885,ભાવનગર,સપરિવાર,હા,હા,હા,હા,હા,Pending
S P C Andhariya Bhv,2844222233,ભાવનગર,સપરિવાર,હા,હા,હા,હા,હા,Pending
Kamal Ghanshyam Bhai R R,9099318181,મહુવા / અમદાવાદ,સપરિવાર,હા,હા,હા,હા,હા,Pending
Ashvin bhai Ela Ben manas,9409196906,મહુવા / અમદાવાદ,સપરિવાર,હા,હા,હા,હા,હા,Pending
Ashvin bhai Ela Ben manas,8200277664,મહુવા / અમદાવાદ,સપરિવાર,હા,હા,હા,હા,હા,Pending
Rupesh bhai Parmar,9909470959,મહુવા / અમદાવાદ,સપરિવાર,હા,હા,હા,હા,હા,Pending
Pragnesh Bhai,9737571913,મહુવા / અમદાવાદ,સપરિવાર,હા,હા,હા,હા,હા,Pending
Vijay Vishvakarma,9824714815,મહુવા / અમદાવાદ,સપરિવાર,હા,હા,હા,હા,હા,Pending
Sarvaiya Chetansinh Reti Mate,9879106975,મહુવા / અમદાવાદ,સપરિવાર,હા,હા,હા,હા,હા,Pending
Kalu Bhai Gadi Vala,9824499091,મહુવા / અમદાવાદ,સપરિવાર,હા,હા,હા,હા,હા,Pending
Kalpesh Dabhi Teacher,7041089825,મહુવા / અમદાવાદ,સપરિવાર,હા,હા,હા,હા,હા,Pending
Kalpesh Dabhi Teacher,9081374877,મહુવા / અમદાવાદ,સપરિવાર,હા,હા,હા,હા,હા,Pending
Kalpesh Dabhi Teacher,9725329642,મહુવા / અમદાવાદ,સપરિવાર,હા,હા,હા,હા,હા,Pending
Shankar mahara,9428079096,મહુવા / અમદાવાદ,સપરિવાર,હા,હા,હા,હા,હા,Pending
Paresh Bhai Hariyan Er,9879216007,મહુવા / અમદાવાદ,સપરિવાર,હા,હા,હા,હા,હા,Pending
Gordhan Padshala,9913311247,મહુવા / અમદાવાદ,સપરિવાર,હા,હા,હા,હા,હા,Pending
Gordhan Padshala,9925233103,મહુવા / અમદાવાદ,સપરિવાર,હા,હા,હા,હા,હા,Pending
Ritesh,9909955171,મહુવા / અમદાવાદ,સપરિવાર,હા,હા,હા,હા,હા,Pending
Milan Bhai  V T,2844227636,મહુવા / અમદાવાદ,સપરિવાર,હા,હા,હા,હા,હા,Pending
Kalpesh V Surat,9558297256,સુરત,સપરિવાર,હા,હા,હા,હા,હા,Pending
MAKVANA JINKAL TEACHER,9904116454,મહુવા / અમદાવાદ,સપરિવાર,હા,હા,હા,હા,હા,Pending
Vijay Bhai Padsala,9067906982,મહુવા / અમદાવાદ,સપરિવાર,હા,હા,હા,હા,હા,Pending
Vijay Bhai Padsala,9924344153,મહુવા / અમદાવાદ,સપરિવાર,હા,હા,હા,હા,હા,Pending
School Beg Onest Cutlery Yusuf Bhai,9824124953,મહુવા / અમદાવાદ,સપરિવાર,હા,હા,હા,હા,હા,Pending
School Beg Onest Cutlery Yusuf Bhai,9824237187,મહુવા / અમદાવાદ,સપરિવાર,હા,હા,હા,હા,હા,Pending
School Beg Onest Cutlery Yusuf Bhai,9408645246,મહુવા / અમદાવાદ,સપરિવાર,હા,હા,હા,હા,હા,Pending
School Beg Onest Cutlery Yusuf Bhai,6354756005,મહુવા / અમદાવાદ,સપરિવાર,હા,હા,હા,હા,હા,Pending
Kanaiya Lal Pandya Broker,8980390719,મહુવા / અમદાવાદ,સપરિવાર,હા,હા,હા,હા,હા,Pending
Vilas Kakadia Surat,8460476309,સુરત,સપરિવાર,હા,હા,હા,હા,હા,Pending
Bhavika Gautam Dave,7573805768,મહુવા / અમદાવાદ,સપરિવાર,હા,હા,હા,હા,હા,Pending
Sumi Ben Vinod Bhai,9723212386,મહુવા / અમદાવાદ,સપરિવાર,હા,હા,હા,હા,હા,Pending
Harshad Kumbhani,9904017616,મહુવા / અમદાવાદ,સપરિવાર,હા,હા,હા,હા,હા,Pending
Samsung Helpline,1800407267864,મહુવા / અમદાવાદ,સપરિવાર,હા,હા,હા,હા,હા,Pending
A/c Mate Popat Bhai Vaghnagar,7623033723,મહુવા / અમદાવાદ,સપરિવાર,હા,હા,હા,હા,હા,Pending
Himat Bhai Parekh U S A,0018137584135,મહુવા / અમદાવાદ,સપરિવાર,હા,હા,હા,હા,હા,Pending
Himat Bhai Parekh U S A,0018139228090,મહુવા / અમદાવાદ,સપરિવાર,હા,હા,હા,હા,હા,Pending
Himat Bhai Parekh U S A,9892564455,મહુવા / અમદાવાદ,સપરિવાર,હા,હા,હા,હા,હા,Pending
Jalpa Radadiya Ahd,8000486326,અમદાવાદ,સપરિવાર,હા,હા,હા,હા,હા,Pending
Suresh Bhai Sir A O,9429470087,મહુવા / અમદાવાદ,સપરિવાર,હા,હા,હા,હા,હા,Pending
Jayvadan Bhai Joshi Aadhya,8347871814,મહુવા / અમદાવાદ,સપરિવાર,હા,હા,હા,હા,હા,Pending
Aarif P O P,8140710869,મહુવા / અમદાવાદ,સપરિવાર,હા,હા,હા,હા,હા,Pending
Aaryan Pappu,9537954871,મહુવા / અમદાવાદ,સપરિવાર,હા,હા,હા,હા,હા,Pending
Aashirvad Cnc Cating Bhavesh,9909098753,મહુવા / અમદાવાદ,સપરિવાર,હા,હા,હા,હા,હા,Pending
Aavkar Timbi,9725438050,મહુવા / અમદાવાદ,સપરિવાર,હા,હા,હા,હા,હા,Pending
Aaya Kailash Ben P Tank,8347483292,મહુવા / અમદાવાદ,સપરિવાર,હા,હા,હા,હા,હા,Pending
Aaya Kailash Ben P Tank,9714639133,મહુવા / અમદાવાદ,સપરિવાર,હા,હા,હા,હા,હા,Pending
Abhisek Trivedi Dubai,971508126499,દુબઈ (UAE),સપરિવાર,હા,હા,હા,હા,હા,Pending
Abp News,7567009911,મહુવા / અમદાવાદ,સપરિવાર,હા,હા,હા,હા,હા,Pending
Adhar Card Vala Sbi,7878680110,મહુવા / અમદાવાદ,સપરિવાર,હા,હા,હા,હા,હા,Pending
Aditya Birla Capital,18002707000,મહુવા / અમદાવાદ,સપરિવાર,હા,હા,હા,હા,હા,Pending
Aditya Birla Capital,8828800035,મહુવા / અમદાવાદ,સપરિવાર,હા,હા,હા,હા,હા,Pending
AEI BHV BARAIYA SIR,9909972680,ભાવનગર,સપરિવાર,હા,હા,હા,હા,હા,Pending
Ajitbhai Agrawat Morbi,9925958008,મોરબી,સપરિવાર,હા,હા,હા,હા,હા,Pending
Kinjal bhai ah,9376999394,મહુવા / અમદાવાદ,સપરિવાર,હા,હા,હા,હા,હા,Pending
Aatit Upadhyay formika Ahd,9824001373,અમદાવાદ,સપરિવાર,હા,હા,હા,હા,હા,Pending
Benar Mate Pintu Ahd,7818075203,અમદાવાદ,સપરિવાર,હા,હા,હા,હા,હા,Pending
Benar Mate Pintu Ahd,9426832207,અમદાવાદ,સપરિવાર,હા,હા,હા,હા,હા,Pending
Benar Mate Pintu Ahd,9825346444,અમદાવાદ,સપરિવાર,હા,હા,હા,હા,હા,Pending
Bhandari Swami Dron,9825307710,મહુવા / અમદાવાદ,સપરિવાર,હા,હા,હા,હા,હા,Pending
Bhandari Swami Dron,9426438235,મહુવા / અમદાવાદ,સપરિવાર,હા,હા,હા,હા,હા,Pending
Divyesh ahd,9898493964,અમદાવાદ,સપરિવાર,હા,હા,હા,હા,હા,Pending
Divyesh ahd,9898493934,અમદાવાદ,સપરિવાર,હા,હા,હા,હા,હા,Pending
Escon Mandir Ahd,9879206791,અમદાવાદ,સપરિવાર,હા,હા,હા,હા,હા,Pending
Ghanshyam Bhai Thummar Ahd,8849171603,અમદાવાદ,સપરિવાર,હા,હા,હા,હા,હા,Pending
Ghanshyam Bhai Thummar Ahd,9427744277,અમદાવાદ,સપરિવાર,હા,હા,હા,હા,હા,Pending
Jayesh Dhavra Ahd,9427016203,અમદાવાદ,સપરિવાર,હા,હા,હા,હા,હા,Pending
Sanjay Aum Info Ahd,7600002403,અમદાવાદ,સપરિવાર,હા,હા,હા,હા,હા,Pending
Jitu Kalu Bhai Ahd,9978826240,અમદાવાદ,સપરિવાર,હા,હા,હા,હા,હા,Pending
Satish Parmar Ahd,9879932884,અમદાવાદ,સપરિવાર,હા,હા,હા,હા,હા,Pending
Ajay Bhai Rjt Kirit Bhai Partner,9909011666,રાજકોટ,સપરિવાર,હા,હા,હા,હા,હા,Pending
Ajay Bhai Sbi Kumbhan,7600056133,મહુવા / અમદાવાદ,સપરિવાર,હા,હા,હા,હા,હા,Pending
Ajay Vadli Form,9228392282,મહુવા / અમદાવાદ,સપરિવાર,હા,હા,હા,હા,હા,Pending
Ajit Bhai Ambuja,9510279880,મહુવા / અમદાવાદ,સપરિવાર,હા,હા,હા,હા,હા,Pending
Ajit Bhai Ambuja,7567975222,મહુવા / અમદાવાદ,સપરિવાર,હા,હા,હા,હા,હા,Pending
Aju Ben Mayur Kamalia,6353004553,મહુવા / અમદાવાદ,સપરિવાર,હા,હા,હા,હા,હા,Pending
Akhil Bharat Kamlesh Bhai,9375527706,મહુવા / અમદાવાદ,સપરિવાર,હા,હા,હા,હા,હા,Pending
Akhil Stap,9687425411,મહુવા / અમદાવાદ,સપરિવાર,હા,હા,હા,હા,હા,Pending
Alesh Bhalala Ahd,9099958420,અમદાવાદ,સપરિવાર,હા,હા,હા,હા,હા,Pending
Ali POP,9714837114,મહુવા / અમદાવાદ,સપરિવાર,હા,હા,હા,હા,હા,Pending
Pravinbhai Gokuldham,7623852565,મહુવા / અમદાવાદ,સપરિવાર,હા,હા,હા,હા,હા,Pending
Pravinbhai Gokuldham,9925320915,મહુવા / અમદાવાદ,સપરિવાર,હા,હા,હા,હા,હા,Pending
Alpa Raju Hemal,9427244609,મહુવા / અમદાવાદ,સપરિવાર,હા,હા,હા,હા,હા,Pending
Alpha Computers School Softwer,9408631200,મહુવા / અમદાવાદ,સપરિવાર,હા,હા,હા,હા,હા,Pending
Radhe krishna  Auto amar bhai,9737919291,મહુવા / અમદાવાદ,સપરિવાર,હા,હા,હા,હા,હા,Pending
Haresh Budhvani Amardip,9664748298,મહુવા / અમદાવાદ,સપરિવાર,હા,હા,હા,હા,હા,Pending
Amarish gadhvi Dudh,7016808748,મહુવા / અમદાવાદ,સપરિવાર,હા,હા,હા,હા,હા,Pending
Amarish gadhvi Dudh,8347704760,મહુવા / અમદાવાદ,સપરિવાર,હા,હા,હા,હા,હા,Pending
Ami Valiya,8140182218,મહુવા / અમદાવાદ,સપરિવાર,હા,હા,હા,હા,હા,Pending
Amir Bras Murti Bhv,9924982566,ભાવનગર,સપરિવાર,હા,હા,હા,હા,હા,Pending
Amit Bhai  Rajyaguru,9428493731,મહુવા / અમદાવાદ,સપરિવાર,હા,હા,હા,હા,હા,Pending
Amit Bhatt,7433996856,મહુવા / અમદાવાદ,સપરિવાર,હા,હા,હા,હા,હા,Pending
Hanu farma Amit,9978901094,મહુવા / અમદાવાદ,સપરિવાર,હા,હા,હા,હા,હા,Pending
Hanu farma Amit,9998266402,મહુવા / અમદાવાદ,સપરિવાર,હા,હા,હા,હા,હા,Pending
Amit Vaghani,9601314111,મહુવા / અમદાવાદ,સપરિવાર,હા,હા,હા,હા,હા,Pending
M G Amporium,9687714521,મહુવા / અમદાવાદ,સપરિવાર,હા,હા,હા,હા,હા,Pending
Narendra Zaveri Amravati,9403637344,મહુવા / અમદાવાદ,સપરિવાર,હા,હા,હા,હા,હા,Pending
Batuk Maraj Amreli,9824329312,અમરેલી,સપરિવાર,હા,હા,હા,હા,હા,Pending
Madan Lal Amreli,9426955561,અમરેલી,સપરિવાર,હા,હા,હા,હા,હા,Pending
Amrutvel Khodiyar Mandir,2845278383,મહુવા / અમદાવાદ,સપરિવાર,હા,હા,હા,હા,હા,Pending
Amrutvel Khodiyar Mandir,2875278384,મહુવા / અમદાવાદ,સપરિવાર,હા,હા,હા,હા,હા,Pending
Amrutvel Khodiyar Mandir,9925448710,મહુવા / અમદાવાદ,સપરિવાર,હા,હા,હા,હા,હા,Pending
Amrutvel Khodiyar Mandir,9998060932,મહુવા / અમદાવાદ,સપરિવાર,હા,હા,હા,હા,હા,Pending
Vipul Amrutvell,9016300138,મહુવા / અમદાવાદ,સપરિવાર,હા,હા,હા,હા,હા,Pending
Vipul Amrutvell,9429352356,મહુવા / અમદાવાદ,સપરિવાર,હા,હા,હા,હા,હા,Pending
Anand Swami Memnagar,8160723070,આણંદ,સપરિવાર,હા,હા,હા,હા,હા,Pending
Anil Purohit Nagarpalika,9825945542,મહુવા / અમદાવાદ,સપરિવાર,હા,હા,હા,હા,હા,Pending
Anirudh Maraj Rasoya,6351902473,મહુવા / અમદાવાદ,સપરિવાર,હા,હા,હા,હા,હા,Pending
Apmc Ac Vibhag Dobariya Sir,7878172929,મહુવા / અમદાવાદ,સપરિવાર,હા,હા,હા,હા,હા,Pending
Appu Yadav,9426885237,મહુવા / અમદાવાદ,સપરિવાર,હા,હા,હા,હા,હા,Pending
Appu Yadav,7984932008,મહુવા / અમદાવાદ,સપરિવાર,હા,હા,હા,હા,હા,Pending
Aprentis,9998101151,મહુવા / અમદાવાદ,સપરિવાર,હા,હા,હા,હા,હા,Pending
Arban,9558584955,મહુવા / અમદાવાદ,સપરિવાર,હા,હા,હા,હા,હા,Pending
Arban Health Center Vishal,7405224252,મહુવા / અમદાવાદ,સપરિવાર,હા,હા,હા,હા,હા,Pending
Arjun Bhai Prem Stil,9714345444,મહુવા / અમદાવાદ,સપરિવાર,હા,હા,હા,હા,હા,Pending
Arjun Bhai Prem Stil,9714545800,મહુવા / અમદાવાદ,સપરિવાર,હા,હા,હા,હા,હા,Pending
Army Yogesh Asarana,9106774215,મહુવા / અમદાવાદ,સપરિવાર,હા,હા,હા,હા,હા,Pending
J P Art,9824911330,મહુવા / અમદાવાદ,સપરિવાર,હા,હા,હા,હા,હા,Pending
Arts Mehul Godhaniya,8460280083,મહુવા / અમદાવાદ,સપરિવાર,હા,હા,હા,હા,હા,Pending
Arun Bhagat Mandir,7202864791,મહુવા / અમદાવાદ,સપરિવાર,હા,હા,હા,હા,હા,Pending
Arun Bhai Zaveri Mum,8850994964,મુંબઈ,સપરિવાર,હા,હા,હા,હા,હા,Pending
Arvind Bhai Dungarpar,9737097127,મહુવા / અમદાવાદ,સપરિવાર,હા,હા,હા,હા,હા,Pending
Arvind Kaka Surat,9727205070,સુરત,સપરિવાર,હા,હા,હા,હા,હા,Pending
Arvind Makvana Mota Jadra,8140193791,મહુવા / અમદાવાદ,સપરિવાર,હા,હા,હા,હા,હા,Pending
Arvind Mali,9824137549,મહુવા / અમદાવાદ,સપરિવાર,હા,હા,હા,હા,હા,Pending
GTPL Arvindbhai,8485904294,મહુવા / અમદાવાદ,સપરિવાર,હા,હા,હા,હા,હા,Pending
GTPL Arvindbhai,9723268515,મહુવા / અમદાવાદ,સપરિવાર,હા,હા,હા,હા,હા,Pending
Asagar Bhai Chatriya,7203030345,મહુવા / અમદાવાદ,સપરિવાર,હા,હા,હા,હા,હા,Pending
Asha Garment Parth Bhai,9909792711,મહુવા / અમદાવાદ,સપરિવાર,હા,હા,હા,હા,હા,Pending
Asha Garment Parth Bhai,8200696177,મહુવા / અમદાવાદ,સપરિવાર,હા,હા,હા,હા,હા,Pending
Ashish Bhai C R C,7984174812,મહુવા / અમદાવાદ,સપરિવાર,હા,હા,હા,હા,હા,Pending
Ashish Bhai Chhatrola,9428122845,મહુવા / અમદાવાદ,સપરિવાર,હા,હા,હા,હા,હા,Pending
Ashish R Parmar R K U Vijpadi,9328256857,મહુવા / અમદાવાદ,સપરિવાર,હા,હા,હા,હા,હા,Pending
Ashish Sheth Choclet,9016887332,મહુવા / અમદાવાદ,સપરિવાર,હા,હા,હા,હા,હા,Pending
Ashish Shrivastav Sir,9723639931,મહુવા / અમદાવાદ,સપરિવાર,હા,હા,હા,હા,હા,Pending
Ashish Shrivastav Sir,8980044218,મહુવા / અમદાવાદ,સપરિવાર,હા,હા,હા,હા,હા,Pending
Ashiyan Paints Bhv,8866151505,ભાવનગર,સપરિવાર,હા,હા,હા,હા,હા,Pending
Ashok Bhai Bhagvti Ele,9428340750,મહુવા / અમદાવાદ,સપરિવાર,હા,હા,હા,હા,હા,Pending
Ashok Bhai Block Mate Talaja,9979013477,તળાજા,સપરિવાર,હા,હા,હા,હા,હા,Pending
Ashok Bhai Mali,9824363007,મહુવા / અમદાવાદ,સપરિવાર,હા,હા,હા,હા,હા,Pending
Ashok Bhai Nasit Surat,9979101294,સુરત,સપરિવાર,હા,હા,હા,હા,હા,Pending
Ashok Bhai Vadher,9687999900,મહુવા / અમદાવાદ,સપરિવાર,હા,હા,હા,હા,હા,Pending
Ashok Bhai Vinay Cycal,9428856222,મહુવા / અમદાવાદ,સપરિવાર,હા,હા,હા,હા,હા,Pending
Ashok Bhai Vraj Coton,9426210241,મહુવા / અમદાવાદ,સપરિવાર,હા,હા,હા,હા,હા,Pending
Ashok Bhil Relve,7889478716,મહુવા / અમદાવાદ,સપરિવાર,હા,હા,હા,હા,હા,Pending
Ashok Kapadia Pavan,9428431416,મહુવા / અમદાવાદ,સપરિવાર,હા,હા,હા,હા,હા,Pending
Ashok Kapdia (parle),9408465148,મહુવા / અમદાવાદ,સપરિવાર,હા,હા,હા,હા,હા,Pending
Ashok Kapdia (parle),9879626438,મહુવા / અમદાવાદ,સપરિવાર,હા,હા,હા,હા,હા,Pending
Ashok Kavad Bildi,9879708821,મહુવા / અમદાવાદ,સપરિવાર,હા,હા,હા,હા,હા,Pending
Ashok Mandaliya SBI,9879064783,મહુવા / અમદાવાદ,સપરિવાર,હા,હા,હા,હા,હા,Pending
Ashok Pandya Police,8320015500,મહુવા / અમદાવાદ,સપરિવાર,હા,હા,હા,હા,હા,Pending
Ashok Shri Hari,9428619111,મહુવા / અમદાવાદ,સપરિવાર,હા,હા,હા,હા,હા,Pending
Ashok sih chudasama,9104848007,મહુવા / અમદાવાદ,સપરિવાર,હા,હા,હા,હા,હા,Pending
Ashok sih chudasama,9426549392,મહુવા / અમદાવાદ,સપરિવાર,હા,હા,હા,હા,હા,Pending
Killapardi office Ashram,2602404323,મહુવા / અમદાવાદ,સપરિવાર,હા,હા,હા,હા,હા,Pending
Ashvin Mangukiya Mumbai,9820760178,મુંબઈ,સપરિવાર,હા,હા,હા,હા,હા,Pending
Ashvin Mangukiya Mumbai,9324122360,મુંબઈ,સપરિવાર,હા,હા,હા,હા,હા,Pending
Asmita ben,9824242343,મહુવા / અમદાવાદ,સપરિવાર,હા,હા,હા,હા,હા,Pending
Asmita Solanki Teacher,6353981457,મહુવા / અમદાવાદ,સપરિવાર,હા,હા,હા,હા,હા,Pending
Asmita Solanki Teacher,7777962598,મહુવા / અમદાવાદ,સપરિવાર,હા,હા,હા,હા,હા,Pending
Atal Sandip Bhai,9714916999,મહુવા / અમદાવાદ,સપરિવાર,હા,હા,હા,હા,હા,Pending
Atal Satyapal Gupta Niti Aayog,9971828505,મહુવા / અમદાવાદ,સપરિવાર,હા,હા,હા,હા,હા,Pending
Atul Bhai R K Rajula,9712109048,મહુવા / અમદાવાદ,સપરિવાર,હા,હા,હા,હા,હા,Pending
Atul Chavda Filter Vali,9428785215,મહુવા / અમદાવાદ,સપરિવાર,હા,હા,હા,હા,હા,Pending
Atul maniyar,9825019543,મહુવા / અમદાવાદ,સપરિવાર,હા,હા,હા,હા,હા,Pending
ATVT Dharmesh,9173045845,મહુવા / અમદાવાદ,સપરિવાર,હા,હા,હા,હા,હા,Pending
Avinash gohil,9033325005,મહુવા / અમદાવાદ,સપરિવાર,હા,હા,હા,હા,હા,Pending
Axar Shri Hari Ply,8141224076,મહુવા / અમદાવાદ,સપરિવાર,હા,હા,હા,હા,હા,Pending
Axar Swami Gandhinagar,9428049417,મહુવા / અમદાવાદ,સપરિવાર,હા,હા,હા,હા,હા,Pending
Axish Bank,8320020665,મહુવા / અમદાવાદ,સપરિવાર,હા,હા,હા,હા,હા,Pending
Axish Benk Manegar,8980810491,મહુવા / અમદાવાદ,સપરિવાર,હા,હા,હા,હા,હા,Pending
Axish Benk Prasant Makvana,9033733375,મહુવા / અમદાવાદ,સપરિવાર,હા,હા,હા,હા,હા,Pending
Axit Sardhar,9712040880,મહુવા / અમદાવાદ,સપરિવાર,હા,હા,હા,હા,હા,Pending
Axita Bhukan,9512549271,મહુવા / અમદાવાદ,સપરિવાર,હા,હા,હા,હા,હા,Pending
Ayodhya Ankleswar Swami,9427624129,મહુવા / અમદાવાદ,સપરિવાર,હા,હા,હા,હા,હા,Pending
Ayodhya Ankleswar Swami,7417543100,મહુવા / અમદાવાદ,સપરિવાર,હા,હા,હા,હા,હા,Pending
The Propking Realty Ayush Pansuriya Ahd Ajent,7862052823,અમદાવાદ,સપરિવાર,હા,હા,હા,હા,હા,Pending
Ajay Bhai Sbi,9909001909,મહુવા / અમદાવાદ,સપરિવાર,હા,હા,હા,હા,હા,Pending
Chintan Rajyaguru G E B,9909898777,મહુવા / અમદાવાદ,સપરિવાર,હા,હા,હા,હા,હા,Pending
B P Jagani Sir Sardar Bhv,9824226611,ભાવનગર,સપરિવાર,હા,હા,હા,હા,હા,Pending
B R C Mukesh Bhai,7069830045,મહુવા / અમદાવાદ,સપરિવાર,હા,હા,હા,હા,હા,Pending
B R C Mukesh Bhai,9790641904,મહુવા / અમદાવાદ,સપરિવાર,હા,હા,હા,હા,હા,Pending
B R C Mukesh Bhai,9979228440,મહુવા / અમદાવાદ,સપરિવાર,હા,હા,હા,હા,હા,Pending
Jay baba,9601005040,મહુવા / અમદાવાદ,સપરિવાર,હા,હા,હા,હા,હા,Pending
Babu Bhai Amrut Tred,9428181700,મહુવા / અમદાવાદ,સપરિવાર,હા,હા,હા,હા,હા,Pending
Babu Bhai Tractor,8160833560,મહુવા / અમદાવાદ,સપરિવાર,હા,હા,હા,હા,હા,Pending
Babu Bhai Tractor,9904736351,મહુવા / અમદાવાદ,સપરિવાર,હા,હા,હા,હા,હા,Pending
Babu Hari Kapad Vala,8735065049,મહુવા / અમદાવાદ,સપરિવાર,હા,હા,હા,હા,હા,Pending
Babu Shambhu Gajera,9427755645,મહુવા / અમદાવાદ,સપરિવાર,હા,હા,હા,હા,હા,Pending
Bachu Dada Na Son,9067818528,મહુવા / અમદાવાદ,સપરિવાર,હા,હા,હા,હા,હા,Pending
Badmaliya Chetna Ben,6353128220,મહુવા / અમદાવાદ,સપરિવાર,હા,હા,હા,હા,હા,Pending
Bahadur Maharaj,8000101497,મહુવા / અમદાવાદ,સપરિવાર,હા,હા,હા,હા,હા,Pending
Bahadur Maharaj,9316414932,મહુવા / અમદાવાદ,સપરિવાર,હા,હા,હા,હા,હા,Pending
Bajrang das ele Himat bhai,9426455607,મહુવા / અમદાવાદ,સપરિવાર,હા,હા,હા,હા,હા,Pending
Bal Aaya Asha Sarvaiya,9624612628,મહુવા / અમદાવાદ,સપરિવાર,હા,હા,હા,હા,હા,Pending
Bal Aaya Kajal Ben Rathod,7874602056,મહુવા / અમદાવાદ,સપરિવાર,હા,હા,હા,હા,હા,Pending
Bal Kam Mate,9924096463,મહુવા / અમદાવાદ,સપરિવાર,હા,હા,હા,હા,હા,Pending
Bal Mandir Softwer Surat,7046772141,સુરત,સપરિવાર,હા,હા,હા,હા,હા,Pending
Dinesh Baldhiya,9725290301,મહુવા / અમદાવાદ,સપરિવાર,હા,હા,હા,હા,હા,Pending
Banesang Police,9427147069,મહુવા / અમદાવાદ,સપરિવાર,હા,હા,હા,હા,હા,Pending
Bansi Mammy Dev Prayag,9429251510,મહુવા / અમદાવાદ,સપરિવાર,હા,હા,હા,હા,હા,Pending
Bapa Sitaram Solar,7272868678,મહુવા / અમદાવાદ,સપરિવાર,હા,હા,હા,હા,હા,Pending
Bapa Sitaram Tran Rjt,8160181954,રાજકોટ,સપરિવાર,હા,હા,હા,હા,હા,Pending
Gaurav Baps Baps,9727571009,મહુવા / અમદાવાદ,સપરિવાર,હા,હા,હા,હા,હા,Pending
Baps Yogvijay Swami Bhv,9998994200,ભાવનગર,સપરિવાર,હા,હા,હા,હા,હા,Pending
Bsc Zala Harendra Bapu,9662593093,મહુવા / અમદાવાદ,સપરિવાર,હા,હા,હા,હા,હા,Pending
Deva bapu,9426989142,મહુવા / અમદાવાદ,સપરિવાર,હા,હા,હા,હા,હા,Pending
Deva bapu,9824223859,મહુવા / અમદાવાદ,સપરિવાર,હા,હા,હા,હા,હા,Pending
Baraiya Sir. S B I,9978232473,મહુવા / અમદાવાદ,સપરિવાર,હા,હા,હા,હા,હા,Pending
Beldar Jadra,9662891789,મહુવા / અમદાવાદ,સપરિવાર,હા,હા,હા,હા,હા,Pending
Ges Sangh Kumud Ben,9427778042,મહુવા / અમદાવાદ,સપરિવાર,હા,હા,હા,હા,હા,Pending
Kam Mate Macmillan Ben,9913151324,મહુવા / અમદાવાદ,સપરિવાર,હા,હા,હા,હા,હા,Pending
Radhika Ben Parthiv,9825215018,મહુવા / અમદાવાદ,સપરિવાર,હા,હા,હા,હા,હા,Pending
Bend Mate,9638888468,મહુવા / અમદાવાદ,સપરિવાર,હા,હા,હા,હા,હા,Pending
Bend Vaza Mate Haresh Bhai,6351228788,મહુવા / અમદાવાદ,સપરિવાર,હા,હા,હા,હા,હા,Pending
Bharat Bhai Bengalor,9902006031,મહુવા / અમદાવાદ,સપરિવાર,હા,હા,હા,હા,હા,Pending
Bhimji Gramin Benk,9723423868,મહુવા / અમદાવાદ,સપરિવાર,હા,હા,હા,હા,હા,Pending
Nayna Bhabhi Surat,8511032618,સુરત,સપરિવાર,હા,હા,હા,હા,હા,Pending
Nayna Bhabhi Surat,8200436767,સુરત,સપરિવાર,હા,હા,હા,હા,હા,Pending
Jetu Badru Bhai Bhadiya,9870013724,મહુવા / અમદાવાદ,સપરિવાર,હા,હા,હા,હા,હા,Pending
Jetu Badru Bhai Bhadiya,9978128700,મહુવા / અમદાવાદ,સપરિવાર,હા,હા,હા,હા,હા,Pending
Q 4 Dr Zakir Ma Shala Bhadrod(chetan Bhai),9426029272,મહુવા / અમદાવાદ,સપરિવાર,હા,હા,હા,હા,હા,Pending
Q 4 Dr Zakir Ma Shala Bhadrod(chetan Bhai),9725418809,મહુવા / અમદાવાદ,સપરિવાર,હા,હા,હા,હા,હા,Pending
Bhagvan Bhai Kumbhan,9913649627,મહુવા / અમદાવાદ,સપરિવાર,હા,હા,હા,હા,હા,Pending
Bhagvat Desai,9979727072,મહુવા / અમદાવાદ,સપરિવાર,હા,હા,હા,હા,હા,Pending
Alang Manish Bhai,9375754014,મહુવા / અમદાવાદ,સપરિવાર,હા,હા,હા,હા,હા,Pending
Amar stil salim Bhai,9825692395,મહુવા / અમદાવાદ,સપરિવાર,હા,હા,હા,હા,હા,Pending
B o b hasu bhai,9427558002,મહુવા / અમદાવાદ,સપરિવાર,હા,હા,હા,હા,હા,Pending
Jalaram Travel Mhv,9375223939,મહુવા / અમદાવાદ,સપરિવાર,હા,હા,હા,હા,હા,Pending
Bhavik publi alkesh bhai,9925305050,મહુવા / અમદાવાદ,સપરિવાર,હા,હા,હા,હા,હા,Pending
Chatra bhavesh bhai,9624266526,મહુવા / અમદાવાદ,સપરિવાર,હા,હા,હા,હા,હા,Pending
Dr nagin bhai,9867382408,મહુવા / અમદાવાદ,સપરિવાર,હા,હા,હા,હા,હા,Pending
Ganesh randha Raju bhai,8485943187,મહુવા / અમદાવાદ,સપરિવાર,હા,હા,હા,હા,હા,Pending
Ganesh randha Raju bhai,9723698079,મહુવા / અમદાવાદ,સપરિવાર,હા,હા,હા,હા,હા,Pending
Ges Sangh Bhaylu Bhai,7600959148,મહુવા / અમદાવાદ,સપરિવાર,હા,હા,હા,હા,હા,Pending
Gir Foundation Ramesh Bhai,9879205437,મહુવા / અમદાવાદ,સપરિવાર,હા,હા,હા,હા,હા,Pending
Gopal Grafik Akshay Bhai,7041480773,મહુવા / અમદાવાદ,સપરિવાર,હા,હા,હા,હા,હા,Pending
Gopal Grafik Akshay Bhai,2844226203,મહુવા / અમદાવાદ,સપરિવાર,હા,હા,હા,હા,હા,Pending
Gopal Grafik Akshay Bhai,9925573751,મહુવા / અમદાવાદ,સપરિવાર,હા,હા,હા,હા,હા,Pending
Hasim Bhai,9978921717,મહુવા / અમદાવાદ,સપરિવાર,હા,હા,હા,હા,હા,Pending
Hotel Puja Vinu Bhai,9428794646,મહુવા / અમદાવાદ,સપરિવાર,હા,હા,હા,હા,હા,Pending
Hotel Puja Vinu Bhai,2844222102,મહુવા / અમદાવાદ,સપરિવાર,હા,હા,હા,હા,હા,Pending
Hotel Puja Vinu Bhai,2844222103,મહુવા / અમદાવાદ,સપરિવાર,હા,હા,હા,હા,હા,Pending
Jabala mate Jyotidra bhai,9426454795,મહુવા / અમદાવાદ,સપરિવાર,હા,હા,હા,હા,હા,Pending
Jagdish Bhai,9426029603,મહુવા / અમદાવાદ,સપરિવાર,હા,હા,હા,હા,હા,Pending
Jasdan machar vinu bhai,2821221638,મહુવા / અમદાવાદ,સપરિવાર,હા,હા,હા,હા,હા,Pending
Jasdan machar vinu bhai,9427254035,મહુવા / અમદાવાદ,સપરિવાર,હા,હા,હા,હા,હા,Pending
Jasdan machar vinu bhai,9824415478,મહુવા / અમદાવાદ,સપરિવાર,હા,હા,હા,હા,હા,Pending
Khared Principal Jivraj Bhai,9624337109,મહુવા / અમદાવાદ,સપરિવાર,હા,હા,હા,હા,હા,Pending
Khodiyar Lalu Bhai,6355512012,મહુવા / અમદાવાદ,સપરિવાર,હા,હા,હા,હા,હા,Pending
Kiran Bhai,9725463098,મહુવા / અમદાવાદ,સપરિવાર,હા,હા,હા,હા,હા,Pending
Bhai Lal Kumbhani,7567110211,મહુવા / અમદાવાદ,સપરિવાર,હા,હા,હા,હા,હા,Pending
Luhar milan bhai,9904017487,મહુવા / અમદાવાદ,સપરિવાર,હા,હા,હા,હા,હા,Pending
Meghani Tiles Milan Bhai,2844222050,મહુવા / અમદાવાદ,સપરિવાર,હા,હા,હા,હા,હા,Pending
Meghani Tiles Milan Bhai,9409193714,મહુવા / અમદાવાદ,સપરિવાર,હા,હા,હા,હા,હા,Pending
Nilesh R C Bhai,6351045225,મહુવા / અમદાવાદ,સપરિવાર,હા,હા,હા,હા,હા,Pending
Salim bhai,9824466104,મહુવા / અમદાવાદ,સપરિવાર,હા,હા,હા,હા,હા,Pending
Suthar Lala Bhai,9723697444,મહુવા / અમદાવાદ,સપરિવાર,હા,હા,હા,હા,હા,Pending
Bhala bhai bharavad,9328852065,મહુવા / અમદાવાદ,સપરિવાર,હા,હા,હા,હા,હા,Pending
Bhala bhai bharavad,9979310647,મહુવા / અમદાવાદ,સપરિવાર,હા,હા,હા,હા,હા,Pending
Kishor Bhai Bhalala,9909031804,મહુવા / અમદાવાદ,સપરિવાર,હા,હા,હા,હા,હા,Pending
Gopi bhai Bhalia,9824957595,મહુવા / અમદાવાદ,સપરિવાર,હા,હા,હા,હા,હા,Pending
Chatra Kanu Bhamar,8153814639,મહુવા / અમદાવાદ,સપરિવાર,હા,હા,હા,હા,હા,Pending
Poicha Dadu BHAI (Rasodu),9537933084,મહુવા / અમદાવાદ,સપરિવાર,હા,હા,હા,હા,હા,Pending
Bhanu Bhai Vaidh Raydi,8356069297,મહુવા / અમદાવાદ,સપરિવાર,હા,હા,હા,હા,હા,Pending
Bhanu Bhai Vaidh Raydi,9773440116,મહુવા / અમદાવાદ,સપરિવાર,હા,હા,હા,હા,હા,Pending
Bharat Bavadiya,8140253583,મહુવા / અમદાવાદ,સપરિવાર,હા,હા,હા,હા,હા,Pending
Bharat Bavadiya,9624620900,મહુવા / અમદાવાદ,સપરિવાર,હા,હા,હા,હા,હા,Pending
Bharat Bhai Baldhiya,7874313076,મહુવા / અમદાવાદ,સપરિવાર,હા,હા,હા,હા,હા,Pending
Bharat Bhai Bandar Katpar,9904592686,મહુવા / અમદાવાદ,સપરિવાર,હા,હા,હા,હા,હા,Pending
Bharat Bhai Cha Vala,9924630138,મહુવા / અમદાવાદ,સપરિવાર,હા,હા,હા,હા,હા,Pending
Bharat Bhai Chuhan Dish,9106944087,મહુવા / અમદાવાદ,સપરિવાર,હા,હા,હા,હા,હા,Pending
Bharat Bhai Chuhan Dish,9427938568,મહુવા / અમદાવાદ,સપરિવાર,હા,હા,હા,હા,હા,Pending
Bharat Bhai Hadiya Talgajrada,9898156194,મહુવા / અમદાવાદ,સપરિવાર,હા,હા,હા,હા,હા,Pending
Bharat Bhai Makan,9427778895,મહુવા / અમદાવાદ,સપરિવાર,હા,હા,હા,હા,હા,Pending
Bharat Bhai Surat,9909149840,સુરત,સપરિવાર,હા,હા,હા,હા,હા,Pending
Bharat Bhai Vapi,9913650827,વાપી,સપરિવાર,હા,હા,હા,હા,હા,Pending
Bharat Gajera,8487828814,મહુવા / અમદાવાદ,સપરિવાર,હા,હા,હા,હા,હા,Pending
Bharat Gondaliya Pani,9737210910,મહુવા / અમદાવાદ,સપરિવાર,હા,હા,હા,હા,હા,Pending
Bharat Hanu Ambulance,9998888528,મહુવા / અમદાવાદ,સપરિવાર,હા,હા,હા,હા,હા,Pending
Bharat Maya Aata,8401269999,મહુવા / અમદાવાદ,સપરિવાર,હા,હા,હા,હા,હા,Pending
Bharat Parmar Chutni,9909317505,મહુવા / અમદાવાદ,સપરિવાર,હા,હા,હા,હા,હા,Pending
Bharat Sadhu Bhai Ahd,9924022275,અમદાવાદ,સપરિવાર,હા,હા,હા,હા,હા,Pending
Bharat Travels Una,2875224990,મહુવા / અમદાવાદ,સપરિવાર,હા,હા,હા,હા,હા,Pending
Bharat Travels Una,2875225183,મહુવા / અમદાવાદ,સપરિવાર,હા,હા,હા,હા,હા,Pending
Bharat Travels Una,9104980990,મહુવા / અમદાવાદ,સપરિવાર,હા,હા,હા,હા,હા,Pending
Bharat Travels Una,9426654990,મહુવા / અમદાવાદ,સપરિવાર,હા,હા,હા,હા,હા,Pending
Bharat Trivedi Shubham,9427748719,મહુવા / અમદાવાદ,સપરિવાર,હા,હા,હા,હા,હા,Pending
Bharti Ben,9106636273,મહુવા / અમદાવાદ,સપરિવાર,હા,હા,હા,હા,હા,Pending
Brijesh Patel Bharuch,9898766308,મહુવા / અમદાવાદ,સપરિવાર,હા,હા,હા,હા,હા,Pending
Bhaskar Seta Bord,9825949962,મહુવા / અમદાવાદ,સપરિવાર,હા,હા,હા,હા,હા,Pending
Nikunj Bhati,7778025997,મહુવા / અમદાવાદ,સપરિવાર,હા,હા,હા,હા,હા,Pending
Nikunj Bhati,9737750419,મહુવા / અમદાવાદ,સપરિવાર,હા,હા,હા,હા,હા,Pending
K K BHATTI Deo,9978934141,મહુવા / અમદાવાદ,સપરિવાર,હા,હા,હા,હા,હા,Pending
BHAUTIK Rajyaguru Ahd Pro Ajent,8320028472,અમદાવાદ,સપરિવાર,હા,હા,હા,હા,હા,Pending
Jitu bhai bhav,9824226284,ભાવનગર,સપરિવાર,હા,હા,હા,હા,હા,Pending
Bhavna  Bhabhi Surat,9898305343,સુરત,સપરિવાર,હા,હા,હા,હા,હા,Pending
Bhavdip Pandya Chem,8000717605,મહુવા / અમદાવાદ,સપરિવાર,હા,હા,હા,હા,હા,Pending
Bhavesh Bhai  Nasit,9428621155,મહુવા / અમદાવાદ,સપરિવાર,હા,હા,હા,હા,હા,Pending
Bhavesh Bhai Navnit,9099363637,મહુવા / અમદાવાદ,સપરિવાર,હા,હા,હા,હા,હા,Pending
Bhavesh Hindi,9426242966,મહુવા / અમદાવાદ,સપરિવાર,હા,હા,હા,હા,હા,Pending
Bhavesh Hindi,8140890051,મહુવા / અમદાવાદ,સપરિવાર,હા,હા,હા,હા,હા,Pending
Bhavesh Modi Astet Brokar,9737003342,મહુવા / અમદાવાદ,સપરિવાર,હા,હા,હા,હા,હા,Pending
Bhavesh Padiya Nutan,9276259426,મહુવા / અમદાવાદ,સપરિવાર,હા,હા,હા,હા,હા,Pending
Bhavesh Plamber,9925573725,મહુવા / અમદાવાદ,સપરિવાર,હા,હા,હા,હા,હા,Pending
Bhavesh Saf Safai,8140148306,મહુવા / અમદાવાદ,સપરિવાર,હા,હા,હા,હા,હા,Pending
Bhavesh Sels,2844228120,મહુવા / અમદાવાદ,સપરિવાર,હા,હા,હા,હા,હા,Pending
Bhavesh Sels,9429165597,મહુવા / અમદાવાદ,સપરિવાર,હા,હા,હા,હા,હા,Pending
Bhaveshgiri Talgajrada,9726886145,મહુવા / અમદાવાદ,સપરિવાર,હા,હા,હા,હા,હા,Pending
Bhaveshgiri Talgajrada,9924612918,મહુવા / અમદાવાદ,સપરિવાર,હા,હા,હા,હા,હા,Pending
Bhavik Bhalala Sandip Provigan,9737075108,મહુવા / અમદાવાદ,સપરિવાર,હા,હા,હા,હા,હા,Pending
Bhavik Gadhvi,9537555424,મહુવા / અમદાવાદ,સપરિવાર,હા,હા,હા,હા,હા,Pending
Bhavin Bhai Gohil Qdc,9725563949,મહુવા / અમદાવાદ,સપરિવાર,હા,હા,હા,હા,હા,Pending
Rku BHAVIN Sir,9712489122,મહુવા / અમદાવાદ,સપરિવાર,હા,હા,હા,હા,હા,Pending
Rku BHAVIN Sir,9825724907,મહુવા / અમદાવાદ,સપરિવાર,હા,હા,હા,હા,હા,Pending
Rku BHAVIN Sir,9974019202,મહુવા / અમદાવાદ,સપરિવાર,હા,હા,હા,હા,હા,Pending
Bhavin Variya,7383086517,મહુવા / અમદાવાદ,સપરિવાર,હા,હા,હા,હા,હા,Pending
Bhavna Ben Dundas,6357004469,મહુવા / અમદાવાદ,સપરિવાર,હા,હા,હા,હા,હા,Pending
Bhavna /sanjay Bhai GPSE,8320628059,મહુવા / અમદાવાદ,સપરિવાર,હા,હા,હા,હા,હા,Pending
Bhayani National Highway Collector Advocate Bhavnager,9825737010,મહુવા / અમદાવાદ,સપરિવાર,હા,હા,હા,હા,હા,Pending
Yash Bhavsar,9638042021,મહુવા / અમદાવાદ,સપરિવાર,હા,હા,હા,હા,હા,Pending
Bhil Dhanji Bhai Datradi,8320293039,મહુવા / અમદાવાદ,સપરિવાર,હા,હા,હા,હા,હા,Pending
Jitendrasing Bhogavo,9825208638,મહુવા / અમદાવાદ,સપરિવાર,હા,હા,હા,હા,હા,Pending
Bhumi Ben Papa,9712163494,મહુવા / અમદાવાદ,સપરિવાર,હા,હા,હા,હા,હા,Pending
Bhumika Ben Joshi,9374771625,મહુવા / અમદાવાદ,સપરિવાર,હા,હા,હા,હા,હા,Pending
Bhupat Bhai Astet Brokar,9723698894,મહુવા / અમદાવાદ,સપરિવાર,હા,હા,હા,હા,હા,Pending
Bhupat Bhai Gandhinagar,9426332828,મહુવા / અમદાવાદ,સપરિવાર,હા,હા,હા,હા,હા,Pending
Bhupat Bhai Kumbhan,9913461144,મહુવા / અમદાવાદ,સપરિવાર,હા,હા,હા,હા,હા,Pending
Bhupat Gohil Ruparel,9426464137,મહુવા / અમદાવાદ,સપરિવાર,હા,હા,હા,હા,હા,Pending
Bhupendra Gandhinagar (Niyamak ),9909945997,મહુવા / અમદાવાદ,સપરિવાર,હા,હા,હા,હા,હા,Pending
Bhut Jigna Manji Bhai,9426522000,મહુવા / અમદાવાદ,સપરિવાર,હા,હા,હા,હા,હા,Pending
Bhut Sir Kheni,9879037389,મહુવા / અમદાવાદ,સપરિવાર,હા,હા,હા,હા,હા,Pending
Amrut Bhai Sardar Gurukul Bhv,8980299299,ભાવનગર,સપરિવાર,હા,હા,હા,હા,હા,Pending
Amrut Bhai Sardar Gurukul Bhv,9426204779,ભાવનગર,સપરિવાર,હા,હા,હા,હા,હા,Pending
Asopalav Stetionar bhv,9824300300,ભાવનગર,સપરિવાર,હા,હા,હા,હા,હા,Pending
Asopalav Stetionar bhv,9408828252,ભાવનગર,સપરિવાર,હા,હા,હા,હા,હા,Pending
Asopalav Stetionar bhv,2782510233,ભાવનગર,સપરિવાર,હા,હા,હા,હા,હા,Pending
C P Bhatt Sir Jamin Bhv,9429005875,ભાવનગર,સપરિવાર,હા,હા,હા,હા,હા,Pending
Chitra Batuk Bhai Bhv,2782446833,ભાવનગર,સપરિવાર,હા,હા,હા,હા,હા,Pending
Chitra Batuk Bhai Bhv,9428118893,ભાવનગર,સપરિવાર,હા,હા,હા,હા,હા,Pending
Fire Star Chetan Bhai Bhv,9067628313,ભાવનગર,સપરિવાર,હા,હા,હા,હા,હા,Pending
Hardevsih Gohel RNB Bhv,8490039415,ભાવનગર,સપરિવાર,હા,હા,હા,હા,હા,Pending
Hitesh Shubh Bhv,9879976590,ભાવનગર,સપરિવાર,હા,હા,હા,હા,હા,Pending
Jasu Toing Bhv,9825205583,ભાવનગર,સપરિવાર,હા,હા,હા,હા,હા,Pending
Lenovo Cutomar Care Bhv,9624439364,ભાવનગર,સપરિવાર,હા,હા,હા,હા,હા,Pending
Satyajit Acharya Bhv,7575099649,ભાવનગર,સપરિવાર,હા,હા,હા,હા,હા,Pending
Toyota Bhv,9898995850,ભાવનગર,સપરિવાર,હા,હા,હા,હા,હા,Pending
Zerox Hitesh Upadhyay Bhv,8530703050,ભાવનગર,સપરિવાર,હા,હા,હા,હા,હા,Pending
Maulana Abdul Kalam Gaha Bhai Bila,9737728509,મહુવા / અમદાવાદ,સપરિવાર,હા,હા,હા,હા,હા,Pending
Dinesh Riksha Bildi,7069908825,મહુવા / અમદાવાદ,સપરિવાર,હા,હા,હા,હા,હા,Pending
Bipin Bhai Butani,8511534214,મહુવા / અમદાવાદ,સપરિવાર,હા,હા,હા,હા,હા,Pending
Bipin Bhai Deprayag,7359260705,મહુવા / અમદાવાદ,સપરિવાર,હા,હા,હા,હા,હા,Pending
Bipin Bhai Deprayag,9574952002,મહુવા / અમદાવાદ,સપરિવાર,હા,હા,હા,હા,હા,Pending
Bipin Bhai Sodvadiya,9879748802,મહુવા / અમદાવાદ,સપરિવાર,હા,હા,હા,હા,હા,Pending
Kamleshbhai blood Bank,9824393509,મહુવા / અમદાવાદ,સપરિવાર,હા,હા,હા,હા,હા,Pending
Bolero Vala Bhai Nesvad,9624374742,મહુવા / અમદાવાદ,સપરિવાર,હા,હા,હા,હા,હા,Pending
Haresh Baldaniya Bordi,9725533032,મહુવા / અમદાવાદ,સપરિવાર,હા,હા,હા,હા,હા,Pending
Jasu Patel Bording,2844222425,મહુવા / અમદાવાદ,સપરિવાર,હા,હા,હા,હા,હા,Pending
Jasu Patel Bording,9737391015,મહુવા / અમદાવાદ,સપરિવાર,હા,હા,હા,હા,હા,Pending
Bosmiya Sir DEO Office,9558585636,મહુવા / અમદાવાદ,સપરિવાર,હા,હા,હા,હા,હા,Pending
Botad Alu Ashvin,7096964493,બોટાદ,સપરિવાર,હા,હા,હા,હા,હા,Pending
Botad Nana Swami,6355989005,બોટાદ,સપરિવાર,હા,હા,હા,હા,હા,Pending
Brijesh Maruti Work Shop,6357334010,મહુવા / અમદાવાદ,સપરિવાર,હા,હા,હા,હા,હા,Pending
Bsc Anjali Teacher,9723872123,મહુવા / અમદાવાદ,સપરિવાર,હા,હા,હા,હા,હા,Pending
Bsc Gita Ben Mota Jadra,8160966691,મહુવા / અમદાવાદ,સપરિવાર,હા,હા,હા,હા,હા,Pending
Bsc Gita Ben Mota Jadra,9558052867,મહુવા / અમદાવાદ,સપરિવાર,હા,હા,હા,હા,હા,Pending
Bsc Haresh Godkiya Tea,9737951224,મહુવા / અમદાવાદ,સપરિવાર,હા,હા,હા,હા,હા,Pending
Bsc Jayatu Baraiya Teacher,7600796681,મહુવા / અમદાવાદ,સપરિવાર,હા,હા,હા,હા,હા,Pending
Bsc Kavad Mehul Kalsar,8460089473,મહુવા / અમદાવાદ,સપરિવાર,હા,હા,હા,હા,હા,Pending
Bsc Shiyatar Kailash Ben,8200749898,મહુવા / અમદાવાદ,સપરિવાર,હા,હા,હા,હા,હા,Pending
Bsc Shiyatar Kailash Ben,9638034379,મહુવા / અમદાવાદ,સપરિવાર,હા,હા,હા,હા,હા,Pending
Bsc Vaishali Shiyal Teacher,7203886217,મહુવા / અમદાવાદ,સપરિવાર,હા,હા,હા,હા,હા,Pending
Dr Nigam Buch,9898020547,મહુવા / અમદાવાદ,સપરિવાર,હા,હા,હા,હા,હા,Pending
Budha Bhai Makvana,9427240655,મહુવા / અમદાવાદ,સપરિવાર,હા,હા,હા,હા,હા,Pending
0,7383539673,મહુવા / અમદાવાદ,સપરિવાર,હા,હા,હા,હા,હા,Pending
Manas Busa,9925789873,મહુવા / અમદાવાદ,સપરિવાર,હા,હા,હા,હા,હા,Pending
Busa Neha Ben Teacher,9409026116,મહુવા / અમદાવાદ,સપરિવાર,હા,હા,હા,હા,હા,Pending
Busa Sachin Bhai,9228889413,મહુવા / અમદાવાદ,સપરિવાર,હા,હા,હા,હા,હા,Pending
Busa Sachin Bhai,9824291643,મહુવા / અમદાવાદ,સપરિવાર,હા,હા,હા,હા,હા,Pending
Busa VaishaliBhabhi V.,9173976300,મહુવા / અમદાવાદ,સપરિવાર,હા,હા,હા,હા,હા,Pending
Manoharsinh EI Bvn,9428639828,મહુવા / અમદાવાદ,સપરિવાર,હા,હા,હા,હા,હા,Pending
Anil Bhai L I C,9825611762,મહુવા / અમદાવાદ,સપરિવાર,હા,હા,હા,હા,હા,Pending
Prakash Rathod L C,7016544946,મહુવા / અમદાવાદ,સપરિવાર,હા,હા,હા,હા,હા,Pending
Prakash Mhv Police,7600858039,મહુવા / અમદાવાદ,સપરિવાર,હા,હા,હા,હા,હા,Pending
Cctv  Mehul Rajani,9510545132,મહુવા / અમદાવાદ,સપરિવાર,હા,હા,હા,હા,હા,Pending
Cctv Riperar Kishan Baraiya,9328125681,મહુવા / અમદાવાદ,સપરિવાર,હા,હા,હા,હા,હા,Pending
Central Benk,8087746059,મહુવા / અમદાવાદ,સપરિવાર,હા,હા,હા,હા,હા,Pending
Covid Certificate,9013151515,મહુવા / અમદાવાદ,સપરિવાર,હા,હા,હા,હા,હા,Pending
Cha Cup Angel Pepar,9727766111,મહુવા / અમદાવાદ,સપરિવાર,હા,હા,હા,હા,હા,Pending
Cha Paudar Sagar Bhai Bhai Rjt,9227777454,રાજકોટ,સપરિવાર,હા,હા,હા,હા,હા,Pending
Cha  Senso Bhv,9824220210,ભાવનગર,સપરિવાર,હા,હા,હા,હા,હા,Pending
Chagan Bhai Dalal,9824028937,મહુવા / અમદાવાદ,સપરિવાર,હા,હા,હા,હા,હા,Pending
Milan Bhai Jain Kachori,9099844939,મહુવા / અમદાવાદ,સપરિવાર,હા,હા,હા,હા,હા,Pending
Milan Bhai Jain Kachori,9687782929,મહુવા / અમદાવાદ,સપરિવાર,હા,હા,હા,હા,હા,Pending
Chaku Ben Kam Mate,8780508293,મહુવા / અમદાવાદ,સપરિવાર,હા,હા,હા,હા,હા,Pending
Chaku Ben Kam Mate,6355587355,મહુવા / અમદાવાદ,સપરિવાર,હા,હા,હા,હા,હા,Pending
Chanch Bandar Ghanshyam,6351932309,મહુવા / અમદાવાદ,સપરિવાર,હા,હા,હા,હા,હા,Pending
Chandni R Vala Teacher,7777922661,મહુવા / અમદાવાદ,સપરિવાર,હા,હા,હા,હા,હા,Pending
Chandrakant Taveda,9723038290,મહુવા / અમદાવાદ,સપરિવાર,હા,હા,હા,હા,હા,Pending
Chandrakint Bhai Nagpur,9373103788,મહુવા / અમદાવાદ,સપરિવાર,હા,હા,હા,હા,હા,Pending
Chandrerh bhatt,9429415741,મહુવા / અમદાવાદ,સપરિવાર,હા,હા,હા,હા,હા,Pending
Chandrerh bhatt,2844226307,મહુવા / અમદાવાદ,સપરિવાર,હા,હા,હા,હા,હા,Pending
Chapaiya Dev Swami,9918203335,મહુવા / અમદાવાદ,સપરિવાર,હા,હા,હા,હા,હા,Pending
Chatra Bhuva Mayur,6353601586,મહુવા / અમદાવાદ,સપરિવાર,હા,હા,હા,હા,હા,Pending
Chatra Bhuva Mayur,9586552941,મહુવા / અમદાવાદ,સપરિવાર,હા,હા,હા,હા,હા,Pending
Chatra Dipak Gathvi,9664998925,મહુવા / અમદાવાદ,સપરિવાર,હા,હા,હા,હા,હા,Pending
Chatra Mahesh Baraiya Bildi,8160052263,મહુવા / અમદાવાદ,સપરિવાર,હા,હા,હા,હા,હા,Pending
Chatra Mate Bildi Mahesh,9662624551,મહુવા / અમદાવાદ,સપરિવાર,હા,હા,હા,હા,હા,Pending
Chatra Mate Surendra Nagar,6355346340,મહુવા / અમદાવાદ,સપરિવાર,હા,હા,હા,હા,હા,Pending
Chaturvedi Gatar Line,8408044767,મહુવા / અમદાવાદ,સપરિવાર,હા,હા,હા,હા,હા,Pending
Chaturvedi Gatar Line,9098520407,મહુવા / અમદાવાદ,સપરિવાર,હા,હા,હા,હા,હા,Pending
Chavda Sir P W D,9723730841,મહુવા / અમદાવાદ,સપરિવાર,હા,હા,હા,હા,હા,Pending
Chetan Bhai Bhoot Akshar Medical,2844226488,મહુવા / અમદાવાદ,સપરિવાર,હા,હા,હા,હા,હા,Pending
Chetan bhai mo,9824349598,મહુવા / અમદાવાદ,સપરિવાર,હા,હા,હા,હા,હા,Pending
Chetan Kordiya,9409296380,મહુવા / અમદાવાદ,સપરિવાર,હા,હા,હા,હા,હા,Pending
Chetna Ben Jadav,6356886375,મહુવા / અમદાવાદ,સપરિવાર,હા,હા,હા,હા,હા,Pending
Chetna Food Zone,9825837979,મહુવા / અમદાવાદ,સપરિવાર,હા,હા,હા,હા,હા,Pending
chetnaben  badmaliya,9428843488,મહુવા / અમદાવાદ,સપરિવાર,હા,હા,હા,હા,હા,Pending
Chimany Ekbal Bhai,8200793713,મહુવા / અમદાવાદ,સપરિવાર,હા,હા,હા,હા,હા,Pending
Chinmay Bhai,9925425393,મહુવા / અમદાવાદ,સપરિવાર,હા,હા,હા,હા,હા,Pending
Chirag Bhai Jani  Rasoya,9898783827,મહુવા / અમદાવાદ,સપરિવાર,હા,હા,હા,હા,હા,Pending
Chirag Gajjar Home,7359217390,મહુવા / અમદાવાદ,સપરિવાર,હા,હા,હા,હા,હા,Pending
Chirag Joshi Bus Bhv,6351456055,ભાવનગર,સપરિવાર,હા,હા,હા,હા,હા,Pending
Chirag Postman,9429456232,મહુવા / અમદાવાદ,સપરિવાર,હા,હા,હા,હા,હા,Pending
Hemant Chohan,9825079101,મહુવા / અમદાવાદ,સપરિવાર,હા,હા,હા,હા,હા,Pending
Hare ram Choudhary Alu,9979689160,મહુવા / અમદાવાદ,સપરિવાર,હા,હા,હા,હા,હા,Pending
Chudasama Sruti Ben Tea,7069185434,મહુવા / અમદાવાદ,સપરિવાર,હા,હા,હા,હા,હા,Pending
Clark Daksha Ben,9574022974,મહુવા / અમદાવાદ,સપરિવાર,હા,હા,હા,હા,હા,Pending
Jayant Baps Clark,9624232325,મહુવા / અમદાવાદ,સપરિવાર,હા,હા,હા,હા,હા,Pending
Clark Mate Nilesh Galthariya,8866297474,મહુવા / અમદાવાદ,સપરિવાર,હા,હા,હા,હા,હા,Pending
Clark Rahul Gohil,9724226270,મહુવા / અમદાવાદ,સપરિવાર,હા,હા,હા,હા,હા,Pending
Clark Rahul Gohil,9574384538,મહુવા / અમદાવાદ,સપરિવાર,હા,હા,હા,હા,હા,Pending
Yogesh Bhatt Class 2,7990184993,મહુવા / અમદાવાદ,બે વ્યક્તિ,હા,હા,હા,હા,હા,Pending
Yogesh Bhatt Class 2,9428108686,મહુવા / અમદાવાદ,બે વ્યક્તિ,હા,હા,હા,હા,હા,Pending
Dinesh Agravat Hi Tech Com,9825853803,મહુવા / અમદાવાદ,સપરિવાર,હા,હા,હા,હા,હા,Pending
Com Tea Jaydip Vadher Kumbhan,7802891811,મહુવા / અમદાવાદ,સપરિવાર,હા,હા,હા,હા,હા,Pending
Com Tea Joshi Hitaxi,9106707320,મહુવા / અમદાવાદ,સપરિવાર,હા,હા,હા,હા,હા,Pending
Couriyan Mate Jignesh Bhai,9428433906,મહુવા / અમદાવાદ,સપરિવાર,હા,હા,હા,હા,હા,Pending
Laxmi Creaton Naimesh Bhai,9408829603,મહુવા / અમદાવાદ,સપરિવાર,હા,હા,હા,હા,હા,Pending
Cromton Rakesh,9313095922,મહુવા / અમદાવાદ,સપરિવાર,હા,હા,હા,હા,હા,Pending
D B Vora  Gandhinagar,9099950855,મહુવા / અમદાવાદ,સપરિવાર,હા,હા,હા,હા,હા,Pending
D K  U S A,0018645134101,મહુવા / અમદાવાદ,સપરિવાર,હા,હા,હા,હા,હા,Pending
Gaurang Bhai Dada,9913921344,મહુવા / અમદાવાદ,સપરિવાર,હા,હા,હા,હા,હા,Pending
Ashok Kapdiya Dalal,9825193609,મહુવા / અમદાવાદ,સપરિવાર,હા,હા,હા,હા,હા,Pending
Ashok Kapdiya Dalal,9723085299,મહુવા / અમદાવાદ,સપરિવાર,હા,હા,હા,હા,હા,Pending
Nagji Seta Dalal,9824997206,મહુવા / અમદાવાદ,સપરિવાર,હા,હા,હા,હા,હા,Pending
Dance Rachna Medam,7016261067,મહુવા / અમદાવાદ,સપરિવાર,હા,હા,હા,હા,હા,Pending
Dance Rachna Medam,8980520053,મહુવા / અમદાવાદ,સપરિવાર,હા,હા,હા,હા,હા,Pending
Dance Rachna Medam,9727264753,મહુવા / અમદાવાદ,સપરિવાર,હા,હા,હા,હા,હા,Pending
Manish Bhai Dani (Gyanmanjari),9429230730,મહુવા / અમદાવાદ,સપરિવાર,હા,હા,હા,હા,હા,Pending
Manish Bhai Dani (Gyanmanjari),8200320892,મહુવા / અમદાવાદ,સપરિવાર,હા,હા,હા,હા,હા,Pending
Darshak Kordia Bansari,8140060001,મહુવા / અમદાવાદ,સપરિવાર,હા,હા,હા,હા,હા,Pending
DARSHAN,7284088737,મહુવા / અમદાવાદ,સપરિવાર,હા,હા,હા,હા,હા,Pending
Darshana Ben,9426463435,મહુવા / અમદાવાદ,સપરિવાર,હા,હા,હા,હા,હા,Pending
Kinjal Dave,9924774664,મહુવા / અમદાવાદ,સપરિવાર,હા,હા,હા,હા,હા,Pending
Dave Sir Nagar Palika,9426245770,મહુવા / અમદાવાદ,સપરિવાર,હા,હા,હા,હા,હા,Pending
Dax Light Bhv,9429640393,ભાવનગર,સપરિવાર,હા,હા,હા,હા,હા,Pending
Daxa Kalsaria Talgajrda,9601366478,મહુવા / અમદાવાદ,સપરિવાર,હા,હા,હા,હા,હા,Pending
Dearkesh Travels Surat,9870011979,સુરત,સપરિવાર,હા,હા,હા,હા,હા,Pending
Deep Ladumor,9265681328,મહુવા / અમદાવાદ,સપરિવાર,હા,હા,હા,હા,હા,Pending
Dr Ashwin Valanki Dentist,7600830117,મહુવા / અમદાવાદ,સપરિવાર,હા,હા,હા,હા,હા,Pending
Dr Ashwin Valanki Dentist,7990763589,મહુવા / અમદાવાદ,સપરિવાર,હા,હા,હા,હા,હા,Pending
Deo Fire Bhv,9924820909,ભાવનગર,સપરિવાર,હા,હા,હા,હા,હા,Pending
Deo Office Pravin Sih Gohil,7874457173,મહુવા / અમદાવાદ,સપરિવાર,હા,હા,હા,હા,હા,Pending
Ashok bhai der,9925115858,મહુવા / અમદાવાદ,સપરિવાર,હા,હા,હા,હા,હા,Pending
Vinu Bhai Shriji Deri,8758246244,મહુવા / અમદાવાદ,સપરિવાર,હા,હા,હા,હા,હા,Pending
Vinu Bhai Shriji Deri,9427753750,મહુવા / અમદાવાદ,સપરિવાર,હા,હા,હા,હા,હા,Pending
Vishal Shriji Dery,7016957427,મહુવા / અમદાવાદ,સપરિવાર,હા,હા,હા,હા,હા,Pending
Desai Jenti Bhai Jadkala,9327496225,મહુવા / અમદાવાદ,સપરિવાર,હા,હા,હા,હા,હા,Pending
Desai Saheb Deo Kaceri,9879853771,મહુવા / અમદાવાદ,સપરિવાર,હા,હા,હા,હા,હા,Pending
Desing Cold Storage,6354511522,મહુવા / અમદાવાદ,સપરિવાર,હા,હા,હા,હા,હા,Pending
Dev Krupa Stationer,9824047017,મહુવા / અમદાવાદ,સપરિવાર,હા,હા,હા,હા,હા,Pending
Dev Nandan Swami Junagdh,9426213580,મહુવા / અમદાવાદ,સપરિવાર,હા,હા,હા,હા,હા,Pending
Devang Vyas HOD,8733930690,મહુવા / અમદાવાદ,સપરિવાર,હા,હા,હા,હા,હા,Pending
Devansi Bhavesh Joshi,9979705710,મહુવા / અમદાવાદ,સપરિવાર,હા,હા,હા,હા,હા,Pending
Devarsh Pandya  Bhv Web Mate,9825306309,ભાવનગર,સપરિવાર,હા,હા,હા,હા,હા,Pending
Devbhumi Coton Pravin Bhai,9979896795,મહુવા / અમદાવાદ,સપરિવાર,હા,હા,હા,હા,હા,Pending
Devchand Kaka Jadkala,9998182566,મહુવા / અમદાવાદ,સપરિવાર,હા,હા,હા,હા,હા,Pending
Deven Bhai Bhv Maicro Scop,9426255706,ભાવનગર,સપરિવાર,હા,હા,હા,હા,હા,Pending
Devendra Bhai Tatam,9714376777,મહુવા / અમદાવાદ,સપરિવાર,હા,હા,હા,હા,હા,Pending
Devendra Bhai Tatam,9427432920,મહુવા / અમદાવાદ,સપરિવાર,હા,હા,હા,હા,હા,Pending
Devendra Bhai Thasa,9879808748,મહુવા / અમદાવાદ,સપરિવાર,હા,હા,હા,હા,હા,Pending
Devki Ben,9510611505,મહુવા / અમદાવાદ,સપરિવાર,હા,હા,હા,હા,હા,Pending
Devraj Bhai Malvav,9328831155,મહુવા / અમદાવાદ,સપરિવાર,હા,હા,હા,હા,હા,Pending
Devsur Bhai Kag,9426957869,મહુવા / અમદાવાદ,સપરિવાર,હા,હા,હા,હા,હા,Pending
Devu Bhai Prasang,7575856875,મહુવા / અમદાવાદ,સપરિવાર,હા,હા,હા,હા,હા,Pending
Bhanu dhakesa,9426455541,મહુવા / અમદાવાદ,સપરિવાર,હા,હા,હા,હા,હા,Pending
Dhananjay Pablicity,8000415999,મહુવા / અમદાવાદ,સપરિવાર,હા,હા,હા,હા,હા,Pending
Dhara Dugrani Talgajrda,9978304948,મહુવા / અમદાવાદ,સપરિવાર,હા,હા,હા,હા,હા,Pending
Dhara Jajal Math,7575850012,મહુવા / અમદાવાદ,સપરિવાર,હા,હા,હા,હા,હા,Pending
Dhara Jajal Math,9227389830,મહુવા / અમદાવાદ,સપરિવાર,હા,હા,હા,હા,હા,Pending
Dhara Jajal Math,9998462737,મહુવા / અમદાવાદ,સપરિવાર,હા,હા,હા,હા,હા,Pending
Dhara Jajal Math,7698734348,મહુવા / અમદાવાદ,સપરિવાર,હા,હા,હા,હા,હા,Pending
Dhara Seta,9825619178,મહુવા / અમદાવાદ,સપરિવાર,હા,હા,હા,હા,હા,Pending
Dharmaraj Gohil Student,9638606060,મહુવા / અમદાવાદ,સપરિવાર,હા,હા,હા,હા,હા,Pending
Dharmendra Kanabar Morbi,9825210795,મોરબી,સપરિવાર,હા,હા,હા,હા,હા,Pending
Dharmendra Somnath Ele,9913936868,મહુવા / અમદાવાદ,સપરિવાર,હા,હા,હા,હા,હા,Pending
Bhagyesh Print Bhv Dharmesh Bhai,7990301803,ભાવનગર,સપરિવાર,હા,હા,હા,હા,હા,Pending
Bhagyesh Print Bhv Dharmesh Bhai,9824505204,ભાવનગર,સપરિવાર,હા,હા,હા,હા,હા,Pending
Bhagyesh Print Bhv Dharmesh Bhai,9313104878,ભાવનગર,સપરિવાર,હા,હા,હા,હા,હા,Pending
Dharmesh  Mistri,8128192438,મહુવા / અમદાવાદ,સપરિવાર,હા,હા,હા,હા,હા,Pending
Dharmik Mali,9265714588,મહુવા / અમદાવાદ,સપરિવાર,હા,હા,હા,હા,હા,Pending
Dharti Pipe Lalaji Bhai Babra,9825548916,બાબરા,સપરિવાર,હા,હા,હા,હા,હા,Pending
Dhaval Bhai Sir College,8160057386,મહુવા / અમદાવાદ,સપરિવાર,હા,હા,હા,હા,હા,Pending
Dhaval Bhai Sir College,9428183558,મહુવા / અમદાવાદ,સપરિવાર,હા,હા,હા,હા,હા,Pending
Dherya Papa,9974147810,મહુવા / અમદાવાદ,સપરિવાર,હા,હા,હા,હા,હા,Pending
Dhiru Bhai Devliya,9376659222,મહુવા / અમદાવાદ,સપરિવાર,હા,હા,હા,હા,હા,Pending
Dholera Parashotam Swami,9099252510,મહુવા / અમદાવાદ,સપરિવાર,હા,હા,હા,હા,હા,Pending
Dhuv Kathiria,9727680222,મહુવા / અમદાવાદ,સપરિવાર,હા,હા,હા,હા,હા,Pending
Dibakar Bhai Skd,9427747996,મહુવા / અમદાવાદ,સપરિવાર,હા,હા,હા,હા,હા,Pending
Dilip Masala,9714024988,મહુવા / અમદાવાદ,સપરિવાર,હા,હા,હા,હા,હા,Pending
Dinesh Bhai Bhalala,9909031803,મહુવા / અમદાવાદ,સપરિવાર,હા,હા,હા,હા,હા,Pending
Dinesh Bhai  Dave,9898457454,મહુવા / અમદાવાદ,સપરિવાર,હા,હા,હા,હા,હા,Pending
Dinesh Bhai Mistri,9879219373,મહુવા / અમદાવાદ,સપરિવાર,હા,હા,હા,હા,હા,Pending
Dinesh Bhai Police,9879878592,મહુવા / અમદાવાદ,સપરિવાર,હા,હા,હા,હા,હા,Pending
Dinesh Bhai Sanghavi U S A,0018456718666,મહુવા / અમદાવાદ,સપરિવાર,હા,હા,હા,હા,હા,Pending
Dinesh Bhai Sanghavi U S A,0018456948699,મહુવા / અમદાવાદ,સપરિવાર,હા,હા,હા,હા,હા,Pending
Dinesh Bhai Sanghavi U S A,0018457292053,મહુવા / અમદાવાદ,સપરિવાર,હા,હા,હા,હા,હા,Pending
Dinesh Bhai Zerox,9726886609,મહુવા / અમદાવાદ,સપરિવાર,હા,હા,હા,હા,હા,Pending
Dinesh Gondaliya Surat,8905666527,સુરત,સપરિવાર,હા,હા,હા,હા,હા,Pending
Dinesh Jani Ruparel Bill Vibhag,9484699981,મહુવા / અમદાવાદ,સપરિવાર,હા,હા,હા,હા,હા,Pending
Dinesh Makvana,9913126651,મહુવા / અમદાવાદ,સપરિવાર,હા,હા,હા,હા,હા,Pending
Dinesh Nokar,9638728167,મહુવા / અમદાવાદ,સપરિવાર,હા,હા,હા,હા,હા,Pending
Dinesh Patel Talgagarda,6355240371,મહુવા / અમદાવાદ,સપરિવાર,હા,હા,હા,હા,હા,Pending
Dinesh Patel Talgagarda,9427044479,મહુવા / અમદાવાદ,સપરિવાર,હા,હા,હા,હા,હા,Pending
Dinesh Shiyal Visaliya,7359853728,મહુવા / અમદાવાદ,સપરિવાર,હા,હા,હા,હા,હા,Pending
Dipa Surat,9824420202,સુરત,સપરિવાર,હા,હા,હા,હા,હા,Pending
Dipak Bhai Rathod,9904600421,મહુવા / અમદાવાદ,સપરિવાર,હા,હા,હા,હા,હા,Pending
Dipak Rasoya,9427150866,મહુવા / અમદાવાદ,સપરિવાર,હા,હા,હા,હા,હા,Pending
Dipak Sir Markna,9574547679,મહુવા / અમદાવાદ,સપરિવાર,હા,હા,હા,હા,હા,Pending
Dipali Ben Bhadrod,6355522563,મહુવા / અમદાવાદ,સપરિવાર,હા,હા,હા,હા,હા,Pending
Dipali Bhadrod,7283898901,મહુવા / અમદાવાદ,સપરિવાર,હા,હા,હા,હા,હા,Pending
Dipali Vaghela Teacher,6351299300,મહુવા / અમદાવાદ,સપરિવાર,હા,હા,હા,હા,હા,Pending
Dipen Bhai Rjt Oliv,9825798492,રાજકોટ,સપરિવાર,હા,હા,હા,હા,હા,Pending
Dipti ben P T C,9824488202,મહુવા / અમદાવાદ,સપરિવાર,હા,હા,હા,હા,હા,Pending
Dipti Ben Sumra,6353545647,મહુવા / અમદાવાદ,સપરિવાર,હા,હા,હા,હા,હા,Pending
Divya Bhabhi Mum,8779759206,મુંબઈ,સપરિવાર,હા,હા,હા,હા,હા,Pending
Divya Ladumor,9687556151,મહુવા / અમદાવાદ,સપરિવાર,હા,હા,હા,હા,હા,Pending
Divya Papa L I C,9427559520,મહુવા / અમદાવાદ,સપરિવાર,હા,હા,હા,હા,હા,Pending
Divyansh Surendranagar P F,9898458911,મહુવા / અમદાવાદ,સપરિવાર,હા,હા,હા,હા,હા,Pending
Dodiya Sir Sixan Sachiv,9978984547,મહુવા / અમદાવાદ,સપરિવાર,હા,હા,હા,હા,હા,Pending
Bhavin Bhai Domadiya,9924407602,મહુવા / અમદાવાદ,સપરિવાર,હા,હા,હા,હા,હા,Pending
Dorda Mate Vali Ranchod Bhai,9925332194,મહુવા / અમદાવાદ,સપરિવાર,હા,હા,હા,હા,હા,Pending
Dr Ashish Khodifad Bhv,7600835955,ભાવનગર,સપરિવાર,હા,હા,હા,હા,હા,Pending
Dr Ashish Khodifad Bhv,9943739665,ભાવનગર,સપરિવાર,હા,હા,હા,હા,હા,Pending
Dr Bharat Patel  Bhv,9824294777,ભાવનગર,સપરિવાર,હા,હા,હા,હા,હા,Pending
Dr Bhavin Bhut Talaja,9099504146,તળાજા,સપરિવાર,હા,હા,હા,હા,હા,Pending
Dr Darshita Arban Health,6357340196,મહુવા / અમદાવાદ,સપરિવાર,હા,હા,હા,હા,હા,Pending
Dr Darshita Arban Health,7359484473,મહુવા / અમદાવાદ,સપરિવાર,હા,હા,હા,હા,હા,Pending
Dr Gaurav Bavadiya Hanu,9015028005,મહુવા / અમદાવાદ,સપરિવાર,હા,હા,હા,હા,હા,Pending
Dr Gudarna,7600925074,મહુવા / અમદાવાદ,સપરિવાર,હા,હા,હા,હા,હા,Pending
Dr Jagdish Bhojani,9879736973,મહુવા / અમદાવાદ,સપરિવાર,હા,હા,હા,હા,હા,Pending
Dr Kamlesh Gudrana,8200923021,મહુવા / અમદાવાદ,સપરિવાર,હા,હા,હા,હા,હા,Pending
Dr Kashyap Homeopethy,8849960238,મહુવા / અમદાવાદ,સપરિવાર,હા,હા,હા,હા,હા,Pending
Dr Kashyap Homeopethy,9426966909,મહુવા / અમદાવાદ,સપરિવાર,હા,હા,હા,હા,હા,Pending
Dr Kinal Joshi Bhv,2782423030,ભાવનગર,સપરિવાર,હા,હા,હા,હા,હા,Pending
Dr Kinal Joshi Bhv,9428140666,ભાવનગર,સપરિવાર,હા,હા,હા,હા,હા,Pending
Dr Mahesh Bhai P S Bhut Assi,9725366319,મહુવા / અમદાવાદ,સપરિવાર,હા,હા,હા,હા,હા,Pending
Dr Makan  Vala Gudrani,9377320074,મહુવા / અમદાવાદ,સપરિવાર,હા,હા,હા,હા,હા,Pending
Dr Mehul Khimani,9426242909,મહુવા / અમદાવાદ,સપરિવાર,હા,હા,હા,હા,હા,Pending
Dr Michell Sheth U S A,0016015945352,મહુવા / અમદાવાદ,સપરિવાર,હા,હા,હા,હા,હા,Pending
Dr Nirav Jagani,9429682215,મહુવા / અમદાવાદ,સપરિવાર,હા,હા,હા,હા,હા,Pending
Dr P S Bhut Karan Compaundar,6352936498,મહુવા / અમદાવાદ,સપરિવાર,હા,હા,હા,હા,હા,Pending
Dr.padiya sir,2844225557,મહુવા / અમદાવાદ,સપરિવાર,હા,હા,હા,હા,હા,Pending
Dr.padiya sir,2844227300,મહુવા / અમદાવાદ,સપરિવાર,હા,હા,હા,હા,હા,Pending
Dr.padiya sir,9824225757,મહુવા / અમદાવાદ,સપરિવાર,હા,હા,હા,હા,હા,Pending
Dr Ramnik Ahir Global,8890025887,મહુવા / અમદાવાદ,સપરિવાર,હા,હા,હા,હા,હા,Pending
Dr Rashmikant Jani,8320213051,મહુવા / અમદાવાદ,સપરિવાર,હા,હા,હા,હા,હા,Pending
Dr Rashmikant Jani,9429636436,મહુવા / અમદાવાદ,સપરિવાર,હા,હા,હા,હા,હા,Pending
Dr Ritesh Khimani,9426123909,મહુવા / અમદાવાદ,સપરિવાર,હા,હા,હા,હા,હા,Pending
Dr Ritesh Khimani,8320862132,મહુવા / અમદાવાદ,સપરિવાર,હા,હા,હા,હા,હા,Pending
Dr Rushit Katriya,7203977485,મહુવા / અમદાવાદ,સપરિવાર,હા,હા,હા,હા,હા,Pending
Dr Srushti Chhotala,9726793270,મહુવા / અમદાવાદ,સપરિવાર,હા,હા,હા,હા,હા,Pending
Dr Tulsi Tanth Dentist,6354428247,મહુવા / અમદાવાદ,સપરિવાર,હા,હા,હા,હા,હા,Pending
Dr Valu Sir Ahd,9825098364,અમદાવાદ,સપરિવાર,હા,હા,હા,હા,હા,Pending
Deva Bhai Draiver,7698866070,મહુવા / અમદાવાદ,સપરિવાર,હા,હા,હા,હા,હા,Pending
Draiver Jitu Bhai,8799087155,મહુવા / અમદાવાદ,સપરિવાર,હા,હા,હા,હા,હા,Pending
Drashti Rajula,8000912452,મહુવા / અમદાવાદ,સપરિવાર,હા,હા,હા,હા,હા,Pending
Dress Mate Surat Mahesh Bhai,9374533734,સુરત,સપરિવાર,હા,હા,હા,હા,હા,Pending
Dress Mate Surat Mahesh Bhai,9998799577,સુરત,સપરિવાર,હા,હા,હા,હા,હા,Pending
Bhayata Dudana Pizza Studio,7874267500,મહુવા / અમદાવાદ,સપરિવાર,હા,હા,હા,હા,હા,Pending
Bhayata Dudana Pizza Studio,9737100180,મહુવા / અમદાવાદ,સપરિવાર,હા,હા,હા,હા,હા,Pending
Dudh Shambhu Bhai Pateliya,6354456583,મહુવા / અમદાવાદ,સપરિવાર,હા,હા,હા,હા,હા,Pending
Hetal dundas,9727430691,મહુવા / અમદાવાદ,સપરિવાર,હા,હા,હા,હા,હા,Pending
Durgesh Pandya,9727940403,મહુવા / અમદાવાદ,સપરિવાર,હા,હા,હા,હા,હા,Pending
Gopal Makwana R T E,9998286699,મહુવા / અમદાવાદ,સપરિવાર,હા,હા,હા,હા,હા,Pending
Ela Ben Kam Vala,6355675601,મહુવા / અમદાવાદ,સપરિવાર,હા,હા,હા,હા,હા,Pending
Ela Ben Kam Vala,9601970093,મહુવા / અમદાવાદ,સપરિવાર,હા,હા,હા,હા,હા,Pending
Eng Alpa Bambhania Tea,7698274967,મહુવા / અમદાવાદ,સપરિવાર,હા,હા,હા,હા,હા,Pending
Eng Bharat Bhai Baraiya Tea,8200464357,મહુવા / અમદાવાદ,સપરિવાર,હા,હા,હા,હા,હા,Pending
Eng Gramar Katariya Rjt,9909579273,રાજકોટ,સપરિવાર,હા,હા,હા,હા,હા,Pending
Eng Jitendra Bagda,8320843400,મહુવા / અમદાવાદ,સપરિવાર,હા,હા,હા,હા,હા,Pending
Bharat Dobaria Jamai,9979731902,મહુવા / અમદાવાદ,સપરિવાર,હા,હા,હા,હા,હા,Pending
Eng Mate Kishor Kaka,9327377323,મહુવા / અમદાવાદ,સપરિવાર,હા,હા,હા,હા,હા,Pending
Eng Mate Pushkar Bhai Vali,9879595954,મહુવા / અમદાવાદ,સપરિવાર,હા,હા,હા,હા,હા,Pending
Eng Mate Sagar Baraiya,8238767677,મહુવા / અમદાવાદ,સપરિવાર,હા,હા,હા,હા,હા,Pending
Eng Mate Sandip Makvana,9727209032,મહુવા / અમદાવાદ,સપરિવાર,હા,હા,હા,હા,હા,Pending
Eng Mate Vijay Chauhan,8866991950,મહુવા / અમદાવાદ,સપરિવાર,હા,હા,હા,હા,હા,Pending
Eng Teacher Mate svk,7359260717,મહુવા / અમદાવાદ,સપરિવાર,હા,હા,હા,હા,હા,Pending
Eng Vivek Jani,7046613696,મહુવા / અમદાવાદ,સપરિવાર,હા,હા,હા,હા,હા,Pending
English Dilavar Bhai,9824719229,મહુવા / અમદાવાદ,સપરિવાર,હા,હા,હા,હા,હા,Pending
English school A/c,31811141509,મહુવા / અમદાવાદ,સપરિવાર,હા,હા,હા,હા,હા,Pending
Fire Safety Navin Enterprise Bhv,9825580782,ભાવનગર,સપરિવાર,હા,હા,હા,હા,હા,Pending
Esha Pandya,9723785208,મહુવા / અમદાવાદ,સપરિવાર,હા,હા,હા,હા,હા,Pending
Esha Savliya Nayna Bhabhi,8758189333,મહુવા / અમદાવાદ,સપરિવાર,હા,હા,હા,હા,હા,Pending
Etarnal Motor Mhv,2844226226,મહુવા / અમદાવાદ,સપરિવાર,હા,હા,હા,હા,હા,Pending
Fakrudin Chatariya,9825305251,મહુવા / અમદાવાદ,સપરિવાર,હા,હા,હા,હા,હા,Pending
Falguni Ben Fulday,9737282109,મહુવા / અમદાવાદ,સપરિવાર,હા,હા,હા,હા,હા,Pending
Kirit bhai febrication,9925687446,મહુવા / અમદાવાદ,સપરિવાર,હા,હા,હા,હા,હા,Pending
Fedretion Bhv,9724639225,ભાવનગર,સપરિવાર,હા,હા,હા,હા,હા,Pending
Filam Patti Ramesh Ahd,9879205453,અમદાવાદ,સપરિવાર,હા,હા,હા,હા,હા,Pending
Filter Shailesh Anand,9974015855,આણંદ,સપરિવાર,હા,હા,હા,હા,હા,Pending
Fire Jadav Vishant Bhai Rjt,9275307530,રાજકોટ,સપરિવાર,હા,હા,હા,હા,હા,Pending
Fire Lalji Kalsaria,9727476737,મહુવા / અમદાવાદ,સપરિવાર,હા,હા,હા,હા,હા,Pending
N K Enterprise Fire,9016563030,મહુવા / અમદાવાદ,સપરિવાર,હા,હા,હા,હા,હા,Pending
N K Enterprise Fire,9824279574,મહુવા / અમદાવાદ,સપરિવાર,હા,હા,હા,હા,હા,Pending
Fire Noc Mate Nayna Ben,9879443554,મહુવા / અમદાવાદ,સપરિવાર,હા,હા,હા,હા,હા,Pending
Fire Sanjay Rjk,6353369661,મહુવા / અમદાવાદ,સપરિવાર,હા,હા,હા,હા,હા,Pending
Parth Food,9825917206,મહુવા / અમદાવાદ,સપરિવાર,હા,હા,હા,હા,હા,Pending
Kirtan Footwear,9737334091,મહુવા / અમદાવાદ,સપરિવાર,હા,હા,હા,હા,હા,Pending
Kirtan Footwear,9879331123,મહુવા / અમદાવાદ,સપરિવાર,હા,હા,હા,હા,હા,Pending
Frc Office Rjk Zone,9998905242,મહુવા / અમદાવાદ,સપરિવાર,હા,હા,હા,હા,હા,Pending
Frc Office Rjk Zone,2812461377,મહુવા / અમદાવાદ,સપરિવાર,હા,હા,હા,હા,હા,Pending
Dilax Furniture,9925888383,મહુવા / અમદાવાદ,સપરિવાર,હા,હા,હા,હા,હા,Pending
G E B Kavad Bill Vibhag,9712953737,મહુવા / અમદાવાદ,સપરિવાર,હા,હા,હા,હા,હા,Pending
G O Dabhi,8160105584,મહુવા / અમદાવાદ,સપરિવાર,હા,હા,હા,હા,હા,Pending
BAPS KOTHARI GADHADA,9998994444,ગઢડા,સપરિવાર,હા,હા,હા,હા,હા,Pending
Bhagvada Swami Gadhada,9427622222,ગઢડા,સપરિવાર,હા,હા,હા,હા,હા,Pending
Gadhada vidhya mandir,2847253283,ગઢડા,સપરિવાર,હા,હા,હા,હા,હા,Pending
Gadhada vidhya mandir,9426949238,ગઢડા,સપરિવાર,હા,હા,હા,હા,હા,Pending
Kirtidan Gadhavi,9974747575,મહુવા / અમદાવાદ,સપરિવાર,હા,હા,હા,હા,હા,Pending
Meghna Ben Gadhda,9426979221,મહુવા / અમદાવાદ,સપરિવાર,હા,હા,હા,હા,હા,Pending
Bhikhudan Gadhvi,9825220658,મહુવા / અમદાવાદ,સપરિવાર,હા,હા,હા,હા,હા,Pending
Nanku Bhai Gadhvi,9265505911,મહુવા / અમદાવાદ,સપરિવાર,હા,હા,હા,હા,હા,Pending
Nanku Bhai Gadhvi,9879465981,મહુવા / અમદાવાદ,સપરિવાર,હા,હા,હા,હા,હા,Pending
Mehul Gujarat Driving SCH,9913921392,મહુવા / અમદાવાદ,સપરિવાર,હા,હા,હા,હા,હા,Pending
Gajera Bhanu Bhai Usa,9428355756,USA,સપરિવાર,હા,હા,હા,હા,હા,Pending
Pravin Bhai Gajera (Dadhi),9737219594,મહુવા / અમદાવાદ,સપરિવાર,હા,હા,હા,હા,હા,Pending
Dilip Bhai Gajera,9824196280,મહુવા / અમદાવાદ,સપરિવાર,હા,હા,હા,હા,હા,Pending
Gajera Jay Jitubhai,9173256666,મહુવા / અમદાવાદ,સપરિવાર,હા,હા,હા,હા,હા,Pending
Gamit Sir College,9913921417,મહુવા / અમદાવાદ,સપરિવાર,હા,હા,હા,હા,હા,Pending
Gandhi Astet Brokar,9687874021,મહુવા / અમદાવાદ,સપરિવાર,હા,હા,હા,હા,હા,Pending
0,9408879047,મહુવા / અમદાવાદ,સપરિવાર,હા,હા,હા,હા,હા,Pending
Mansukh gandhi Surat,9824400787,સુરત,સપરિવાર,હા,હા,હા,હા,હા,Pending
B K Patel Gseb Gandhinagar,9099924094,મહુવા / અમદાવાદ,સપરિવાર,હા,હા,હા,હા,હા,Pending
Jaysukh Thakkar Gandhingr,9824100275,મહુવા / અમદાવાદ,સપરિવાર,હા,હા,હા,હા,હા,Pending
Jaysukh Thakkar Gandhingr,9979107218,મહુવા / અમદાવાદ,સપરિવાર,હા,હા,હા,હા,હા,Pending
Ganesh Book Bhv,9925074407,ભાવનગર,સપરિવાર,હા,હા,હા,હા,હા,Pending
Ganesh Lassi,9825496780,મહુવા / અમદાવાદ,સપરિવાર,હા,હા,હા,હા,હા,Pending
Ganga Bath Cust Care,7600058000,મહુવા / અમદાવાદ,સપરિવાર,હા,હા,હા,હા,હા,Pending
Akshay Khatri Ganit,8866375848,મહુવા / અમદાવાદ,સપરિવાર,હા,હા,હા,હા,હા,Pending
Gatar Line Akshay,8999508453,મહુવા / અમદાવાદ,સપરિવાર,હા,હા,હા,હા,હા,Pending
Gaurav Parth Prin Surat,8347881110,સુરત,સપરિવાર,હા,હા,હા,હા,હા,Pending
Khan Bhai gerej,9712327203,મહુવા / અમદાવાદ,સપરિવાર,હા,હા,હા,હા,હા,Pending
Ges Nodhni Mis Call,8454955555,મહુવા / અમદાવાદ,સપરિવાર,હા,હા,હા,હા,હા,Pending
Bombay Gest,9974388893,મુંબઈ,સપરિવાર,હા,હા,હા,હા,હા,Pending
Ghan.parmar,7046474881,મહુવા / અમદાવાદ,સપરિવાર,હા,હા,હા,હા,હા,Pending
Ghanshyam Ambaliya,9725958200,મહુવા / અમદાવાદ,સપરિવાર,હા,હા,હા,હા,હા,Pending
Ghanshyam Bhai Hajipar School,9638977077,મહુવા / અમદાવાદ,સપરિવાર,હા,હા,હા,હા,હા,Pending
Ghanshyam Bhai Hajipar School,9824487707,મહુવા / અમદાવાદ,સપરિવાર,હા,હા,હા,હા,હા,Pending
Ghanshyam Mangukia Bhv,8980039960,ભાવનગર,સપરિવાર,હા,હા,હા,હા,હા,Pending
Ghanshyam Shri Hari,9328544751,મહુવા / અમદાવાદ,સપરિવાર,હા,હા,હા,હા,હા,Pending
Ghanshyam Shri Hari,7046159240,મહુવા / અમદાવાદ,સપરિવાર,હા,હા,હા,હા,હા,Pending
Ghansyam Sci Ahd,7383093290,અમદાવાદ,સપરિવાર,હા,હા,હા,હા,હા,Pending
Ghansyam Sci Ahd,7874953465,અમદાવાદ,સપરિવાર,હા,હા,હા,હા,હા,Pending
Bhagubhai Gida,7567835462,મહુવા / અમદાવાદ,સપરિવાર,હા,હા,હા,હા,હા,Pending
Giri Ice Creme,9409080133,મહુવા / અમદાવાદ,સપરિવાર,હા,હા,હા,હા,હા,Pending
Girish Kalsariya,9726240240,મહુવા / અમદાવાદ,સપરિવાર,હા,હા,હા,હા,હા,Pending
Gita Ben A O OFFICE,9909165343,મહુવા / અમદાવાદ,સપરિવાર,હા,હા,હા,હા,હા,Pending
Gita Ben Bhacha,9099350982,મહુવા / અમદાવાદ,સપરિવાર,હા,હા,હા,હા,હા,Pending
Gita Polimer Babra Lalji Korat,9426223855,બાબરા,સપરિવાર,હા,હા,હા,હા,હા,Pending
Gita Polimer Babra Lalji Korat,9426986738,બાબરા,સપરિવાર,હા,હા,હા,હા,હા,Pending
Gita Polimer Babra Lalji Korat,9727540540,બાબરા,સપરિવાર,હા,હા,હા,હા,હા,Pending
Glass Chotu Mahuva,8445776282,મહુવા,સપરિવાર,હા,હા,હા,હા,હા,Pending
Glass Chotu Mahuva,9033908172,મહુવા,સપરિવાર,હા,હા,હા,હા,હા,Pending
Global Audio,9427595234,મહુવા / અમદાવાદ,સપરિવાર,હા,હા,હા,હા,હા,Pending
Gm Diplo Bhv,6353813346,ભાવનગર,સપરિવાર,હા,હા,હા,હા,હા,Pending
Ges Imatiyaj godauan,9825292874,મહુવા / અમદાવાદ,સપરિવાર,હા,હા,હા,હા,હા,Pending
Godha Bhai Bhalala,9727029445,મહુવા / અમદાવાદ,સપરિવાર,હા,હા,હા,હા,હા,Pending
Gohil Dadal,8200636547,મહુવા / અમદાવાદ,સપરિવાર,હા,હા,હા,હા,હા,Pending
Gohil Jyoti Teacher,8000349612,મહુવા / અમદાવાદ,સપરિવાર,હા,હા,હા,હા,હા,Pending
Gohil Jyoti Teacher,8156088970,મહુવા / અમદાવાદ,સપરિવાર,હા,હા,હા,હા,હા,Pending
Nitin Gohil Karate,9725171463,મહુવા / અમદાવાદ,સપરિવાર,હા,હા,હા,હા,હા,Pending
Gohil Menswer Chandresh,9016979897,મહુવા / અમદાવાદ,સપરિવાર,હા,હા,હા,હા,હા,Pending
Gohil Menswer Chandresh,9714579748,મહુવા / અમદાવાદ,સપરિવાર,હા,હા,હા,હા,હા,Pending
Gopa Bhai Kapdiya,9429848244,મહુવા / અમદાવાદ,સપરિવાર,હા,હા,હા,હા,હા,Pending
Gopal Dinesh Makvana,7069591498,મહુવા / અમદાવાદ,સપરિવાર,હા,હા,હા,હા,હા,Pending
Gopal Dinesh Makvana,7046915080,મહુવા / અમદાવાદ,સપરિવાર,હા,હા,હા,હા,હા,Pending
Gopal Electrik Bhv,9825409090,ભાવનગર,સપરિવાર,હા,હા,હા,હા,હા,Pending
Gopal Kanaksih Chudachma,9429230001,મહુવા / અમદાવાદ,સપરિવાર,હા,હા,હા,હા,હા,Pending
Gopinath Icecrim,9998349599,મહુવા / અમદાવાદ,સપરિવાર,હા,હા,હા,હા,હા,Pending
Gopinath Swami,9328322222,મહુવા / અમદાવાદ,સપરિવાર,હા,હા,હા,હા,હા,Pending
Gordhan Bhai Vekriya,7016339431,મહુવા / અમદાવાદ,સપરિવાર,હા,હા,હા,હા,હા,Pending
Gordhan Bhai Vekriya,9824277985,મહુવા / અમદાવાદ,સપરિવાર,હા,હા,હા,હા,હા,Pending
Gordhan Gajera,9879533834,મહુવા / અમદાવાદ,સપરિવાર,હા,હા,હા,હા,હા,Pending
Govind Bhai Nasit Ghandhinagar,9824028190,મહુવા / અમદાવાદ,સપરિવાર,હા,હા,હા,હા,હા,Pending
Grant Shakha Hardipsih Gohil,9974025529,મહુવા / અમદાવાદ,સપરિવાર,હા,હા,હા,હા,હા,Pending
Gseb Bord Prasant Bhai,9099057096,મહુવા / અમદાવાદ,સપરિવાર,હા,હા,હા,હા,હા,Pending
Bhavesh Dish,9427276660,મહુવા / અમદાવાદ,સપરિવાર,હા,હા,હા,હા,હા,Pending
Bhavesh Dish,9825225150,મહુવા / અમદાવાદ,સપરિવાર,હા,હા,હા,હા,હા,Pending
Gu Swa Education Trust,137497478,મહુવા / અમદાવાદ,સપરિવાર,હા,હા,હા,હા,હા,Pending
Gu Swa Education Trust,50200047047241,મહુવા / અમદાવાદ,સપરિવાર,હા,હા,હા,હા,હા,Pending
Guj Ges Kanbha Jadeja,9773242977,મહુવા / અમદાવાદ,સપરિવાર,હા,હા,હા,હા,હા,Pending
Guj Mate Nilam Ba,9712920591,મહુવા / અમદાવાદ,સપરિવાર,હા,હા,હા,હા,હા,Pending
Gujrat Machinari Bhv,8306909019,ભાવનગર,સપરિવાર,હા,હા,હા,હા,હા,Pending
Gujrat Machinari Bhv,2782432562,ભાવનગર,સપરિવાર,હા,હા,હા,હા,હા,Pending
Gujrat Machinari Bhv,9375909019,ભાવનગર,સપરિવાર,હા,હા,હા,હા,હા,Pending
Gundarasiya Sir J Gurukul,9924082422,મહુવા / અમદાવાદ,સપરિવાર,હા,હા,હા,હા,હા,Pending
Guru Maraj Raj Gurukul,9825211168,મહુવા / અમદાવાદ,સપરિવાર,હા,હા,હા,હા,હા,Pending
Bhavan Bhai Draiver Gurukul,8758117734,મહુવા / અમદાવાદ,સપરિવાર,હા,હા,હા,હા,હા,Pending
Manish Joshi Nes Gurukul,9924079919,મહુવા / અમદાવાદ,સપરિવાર,હા,હા,હા,હા,હા,Pending
Uday Mothiya Gurukul,9484615572,મહુવા / અમદાવાદ,સપરિવાર,હા,હા,હા,હા,હા,Pending
Gyanguru School Bhv,2782570071,ભાવનગર,સપરિવાર,હા,હા,હા,હા,હા,Pending
H S C Zonal Samir Bhai,9427759179,મહુવા / અમદાવાદ,સપરિવાર,હા,હા,હા,હા,હા,Pending
Bhangari Habib,9924017619,મહુવા / અમદાવાદ,સપરિવાર,હા,હા,હા,હા,હા,Pending
Hamal Bhai Padargadh Mandap,9714708854,મહુવા / અમદાવાદ,સપરિવાર,હા,હા,હા,હા,હા,Pending
Hanny Student Ahd,9773044514,અમદાવાદ,સપરિવાર,હા,હા,હા,હા,હા,Pending
Hanumant Hos Inquery,9408706151,મહુવા / અમદાવાદ,સપરિવાર,હા,હા,હા,હા,હા,Pending
Mukesh Rathod Hanumant Hos,7016315352,મહુવા / અમદાવાદ,સપરિવાર,હા,હા,હા,હા,હા,Pending
Mukesh Rathod Hanumant Hos,9033530861,મહુવા / અમદાવાદ,સપરિવાર,હા,હા,હા,હા,હા,Pending
Hardev maruti studio,9426922999,મહુવા / અમદાવાદ,સપરિવાર,હા,હા,હા,હા,હા,Pending
Hardik  Gaytri Handloom,9724263606,મહુવા / અમદાવાદ,સપરિવાર,હા,હા,હા,હા,હા,Pending
Hardik  Gaytri Handloom,9825936665,મહુવા / અમદાવાદ,સપરિવાર,હા,હા,હા,હા,હા,Pending
Hardik Joshi,7043413333,મહુવા / અમદાવાદ,સપરિવાર,હા,હા,હા,હા,હા,Pending
Hardik Joshi,9824754626,મહુવા / અમદાવાદ,સપરિવાર,હા,હા,હા,હા,હા,Pending
Haresh  Chetak Selecion,9054526552,મહુવા / અમદાવાદ,સપરિવાર,હા,હા,હા,હા,હા,Pending
Haresh Gohel Nagrik Benk Locker,7201907716,મહુવા / અમદાવાદ,સપરિવાર,હા,હા,હા,હા,હા,Pending
Haresh V Savliya,9427145057,મહુવા / અમદાવાદ,સપરિવાર,હા,હા,હા,હા,હા,Pending
Haresh V Savliya,9428494820,મહુવા / અમદાવાદ,સપરિવાર,હા,હા,હા,હા,હા,Pending
Hari Bhai J B,9574184646,મહુવા / અમદાવાદ,સપરિવાર,હા,હા,હા,હા,હા,Pending
Hari Zalavadiya Ges,7069222245,મહુવા / અમદાવાદ,સપરિવાર,હા,હા,હા,હા,હા,Pending
Hari Zalavadiya Ges,8866993311,મહુવા / અમદાવાદ,સપરિવાર,હા,હા,હા,હા,હા,Pending
Hari Krushna Nal Mate Rjt,2812782308,રાજકોટ,સપરિવાર,હા,હા,હા,હા,હા,Pending
Hari Om Parlor Dudh,9978514715,મહુવા / અમદાવાદ,સપરિવાર,હા,હા,હા,હા,હા,Pending
Tushar shree Hari,9998816258,મહુવા / અમદાવાદ,સપરિવાર,હા,હા,હા,હા,હા,Pending
Hari Vallabh Kaka,8200056376,મહુવા / અમદાવાદ,સપરિવાર,હા,હા,હા,હા,હા,Pending
Bhadresh Surani Haripara,9726038383,મહુવા / અમદાવાદ,સપરિવાર,હા,હા,હા,હા,હા,Pending
Harjivan bhai parabadia,9825017999,મહુવા / અમદાવાદ,સપરિવાર,હા,હા,હા,હા,હા,Pending
Harjivan Bhai Vadodara,9586079999,વડોદરા,સપરિવાર,હા,હા,હા,હા,હા,Pending
Harsad Bed Surat,9979860983,સુરત,સપરિવાર,હા,હા,હા,હા,હા,Pending
Harsh Doshi Saurastra,9099811910,મહુવા / અમદાવાદ,સપરિવાર,હા,હા,હા,હા,હા,Pending
Harsh Doshi Saurastra,9427279119,મહુવા / અમદાવાદ,સપરિવાર,હા,હા,હા,હા,હા,Pending
Harsh Marbal Tejash Bhai,8200850459,મહુવા / અમદાવાદ,સપરિવાર,હા,હા,હા,હા,હા,Pending
Harsh Marbal Tejash Bhai,9998164019,મહુવા / અમદાવાદ,સપરિવાર,હા,હા,હા,હા,હા,Pending
Harsha Hindi Zakhdo,9712169411,મહુવા / અમદાવાદ,સપરિવાર,હા,હા,હા,હા,હા,Pending
Harshad Bhai Sidhpura,9426822827,મહુવા / અમદાવાદ,સપરિવાર,હા,હા,હા,હા,હા,Pending
Manish Harsora,9924963405,મહુવા / અમદાવાદ,સપરિવાર,હા,હા,હા,હા,હા,Pending
Manish Harsora,9374814979,મહુવા / અમદાવાદ,સપરિવાર,હા,હા,હા,હા,હા,Pending
Manish Harsora,8320013137,મહુવા / અમદાવાદ,સપરિવાર,હા,હા,હા,હા,હા,Pending
Hdfc Ashish Bhai Online,9376918023,મહુવા / અમદાવાદ,સપરિવાર,હા,હા,હા,હા,હા,Pending
Hdfc Ashish Bhai Online,9898873737,મહુવા / અમદાવાદ,સપરિવાર,હા,હા,હા,હા,હા,Pending
Hdfc Haresh Seta,9726229276,મહુવા / અમદાવાદ,સપરિવાર,હા,હા,હા,હા,હા,Pending
Hdfc Menezar Sanjay Bhai,9824283363,મહુવા / અમદાવાદ,સપરિવાર,હા,હા,હા,હા,હા,Pending
Hdfc Munir Bagwala Bm,9375239808,મહુવા / અમદાવાદ,સપરિવાર,હા,હા,હા,હા,હા,Pending
Hdfc Munir Bagwala Bm,9426255074,મહુવા / અમદાવાદ,સપરિવાર,હા,હા,હા,હા,હા,Pending
Hdfc Murtuja Card,9998574273,મહુવા / અમદાવાદ,સપરિવાર,હા,હા,હા,હા,હા,Pending
Hdfc Online Mitul Bhai,9265067896,મહુવા / અમદાવાદ,સપરિવાર,હા,હા,હા,હા,હા,Pending
Hdfc Pos Jalpa,9664644291,મહુવા / અમદાવાદ,સપરિવાર,હા,હા,હા,હા,હા,Pending
Hdfc Praful Bhai,9537048199,મહુવા / અમદાવાદ,સપરિવાર,હા,હા,હા,હા,હા,Pending
Hdfc Praful Bhai,2844222052,મહુવા / અમદાવાદ,સપરિવાર,હા,હા,હા,હા,હા,Pending
Hdfc Praful Bhai,8347048199,મહુવા / અમદાવાદ,સપરિવાર,હા,હા,હા,હા,હા,Pending
Heena Ben Soni Amravati,9662005393,મહુવા / અમદાવાદ,સપરિવાર,હા,હા,હા,હા,હા,Pending
Amitbhai Dihora Hdfc Helth Insurance,9712807969,મહુવા / અમદાવાદ,સપરિવાર,હા,હા,હા,હા,હા,Pending
Hema Ben Post Office,9173679663,મહુવા / અમદાવાદ,સપરિવાર,હા,હા,હા,હા,હા,Pending
Hema Ben Post Office,9328026425,મહુવા / અમદાવાદ,સપરિવાર,હા,હા,હા,હા,હા,Pending
Raju Hemal,9429444977,મહુવા / અમદાવાદ,સપરિવાર,હા,હા,હા,હા,હા,Pending
Hemant Joshi Gayak,6351842804,મહુવા / અમદાવાદ,સપરિવાર,હા,હા,હા,હા,હા,Pending
Hifi Bhv Madhv Darshan,9033980774,ભાવનગર,સપરિવાર,હા,હા,હા,હા,હા,Pending
Him kushal bha,2844246419,મહુવા / અમદાવાદ,સપરિવાર,હા,હા,હા,હા,હા,Pending
Him kushal bha,9879610684,મહુવા / અમદાવાદ,સપરિવાર,હા,હા,હા,હા,હા,Pending
Himansu Vyas Bhavesh,9909906195,મહુવા / અમદાવાદ,સપરિવાર,હા,હા,હા,હા,હા,Pending
Himat Bhai Tabela Vala,9879909024,મહુવા / અમદાવાદ,સપરિવાર,હા,હા,હા,હા,હા,Pending
Hindi Mate Dipali Mehta,9426548801,મહુવા / અમદાવાદ,સપરિવાર,હા,હા,હા,હા,હા,Pending
Hindi Mate Trivedi Kalyani,7567182268,મહુવા / અમદાવાદ,સપરિવાર,હા,હા,હા,હા,હા,Pending
Hiral Ladumor Student,7573920706,મહુવા / અમદાવાદ,સપરિવાર,હા,હા,હા,હા,હા,Pending
Hiral Vithal Kaka Pune,9662697854,મહુવા / અમદાવાદ,સપરિવાર,હા,હા,હા,હા,હા,Pending
Kore Mo Hirav Bhai,7600274002,મહુવા / અમદાવાદ,સપરિવાર,હા,હા,હા,હા,હા,Pending
Hiren Asopalav,9510026127,મહુવા / અમદાવાદ,સપરિવાર,હા,હા,હા,હા,હા,Pending
Hiren Bhagat Kaka,9712677787,મહુવા / અમદાવાદ,સપરિવાર,હા,હા,હા,હા,હા,Pending
Hiren Bhai Vadiya Teacher,7801936412,મહુવા / અમદાવાદ,સપરિવાર,હા,હા,હા,હા,હા,Pending
Hiren Bhatt Dait Bhv,9426979452,ભાવનગર,સપરિવાર,હા,હા,હા,હા,હા,Pending
Hiren Dada Rasoya,9106898785,મહુવા / અમદાવાદ,સપરિવાર,હા,હા,હા,હા,હા,Pending
Hitco Menezar Morbi,9925699259,મોરબી,સપરિવાર,હા,હા,હા,હા,હા,Pending
Hitesh Bhai A C mate,9998799711,મહુવા / અમદાવાદ,સપરિવાર,હા,હા,હા,હા,હા,Pending
Hitesh Parda Mate Bhv,9909641515,ભાવનગર,સપરિવાર,હા,હા,હા,હા,હા,Pending
Hitesh Rachna Silection,9427778801,મહુવા / અમદાવાદ,સપરિવાર,હા,હા,હા,હા,હા,Pending
Hitesh Sagar 11 Com,8264900566,મહુવા / અમદાવાદ,સપરિવાર,હા,હા,હા,હા,હા,Pending
Hitixa Jayesh Bhai Talgagrda,7201996996,મહુવા / અમદાવાદ,સપરિવાર,હા,હા,હા,હા,હા,Pending
Gajjar Vijay Bhai Home,9664752733,મહુવા / અમદાવાદ,સપરિવાર,હા,હા,હા,હા,હા,Pending
Itaranal Mo honda,9429230754,મહુવા / અમદાવાદ,સપરિવાર,હા,હા,હા,હા,હા,Pending
Honda show room,9429354048,મહુવા / અમદાવાદ,સપરિવાર,હા,હા,હા,હા,હા,Pending
Jagdish bhai mishtri Hong,2223863741,મહુવા / અમદાવાદ,સપરિવાર,હા,હા,હા,હા,હા,Pending
Jagdish bhai mishtri Hong,2223876770,મહુવા / અમદાવાદ,સપરિવાર,હા,હા,હા,હા,હા,Pending
Jagdish bhai mishtri Hong,9892093852,મહુવા / અમદાવાદ,સપરિવાર,હા,હા,હા,હા,હા,Pending
Jagdish bhai mishtri Hong,9892311415,મહુવા / અમદાવાદ,સપરિવાર,હા,હા,હા,હા,હા,Pending
Amardeep Hotel Hotel,9429816102,મહુવા / અમદાવાદ,સપરિવાર,હા,હા,હા,હા,હા,Pending
Bhana Hotel Heavan,9824563053,મહુવા / અમદાવાદ,સપરિવાર,હા,હા,હા,હા,હા,Pending
Bansari Ben Teacher Hus,9925216915,મહુવા / અમદાવાદ,સપરિવાર,હા,હા,હા,હા,હા,Pending
Bansari Ben Teacher Hus,9409080161,મહુવા / અમદાવાદ,સપરિવાર,હા,હા,હા,હા,હા,Pending
Icici Yogesh Bhai,8511197182,મહુવા / અમદાવાદ,સપરિવાર,હા,હા,હા,હા,હા,Pending
Icici Yogesh Bhai,9687581500,મહુવા / અમદાવાદ,સપરિવાર,હા,હા,હા,હા,હા,Pending
Ishwaranand Hajipar,9726895966,મહુવા / અમદાવાદ,સપરિવાર,હા,હા,હા,હા,હા,Pending
It Cyber Crime,6359627213,મહુવા / અમદાવાદ,સપરિવાર,હા,હા,હા,હા,હા,Pending
Amit Agrawat Mahuva ITI,9925017975,મહુવા,સપરિવાર,હા,હા,હા,હા,હા,Pending
Iti Jitendra Sih Parmar,9725655508,મહુવા / અમદાવાદ,સપરિવાર,હા,હા,હા,હા,હા,Pending
Khata bhai Forest Itiya,9427559225,મહુવા / અમદાવાદ,સપરિવાર,હા,હા,હા,હા,હા,Pending
Chilan Ramesh Patel Itvaya,7359431108,મહુવા / અમદાવાદ,સપરિવાર,હા,હા,હા,હા,હા,Pending
J D Electroic,9428614288,મહુવા / અમદાવાદ,સપરિવાર,હા,હા,હા,હા,હા,Pending
J J Mart Cauter,9227068277,મહુવા / અમદાવાદ,સપરિવાર,હા,હા,હા,હા,હા,Pending
J J Mart Mhv,9316080288,મહુવા / અમદાવાદ,સપરિવાર,હા,હા,હા,હા,હા,Pending
J J Mart Mhv,9978047504,મહુવા / અમદાવાદ,સપરિવાર,હા,હા,હા,હા,હા,Pending
J J Patel-,8735845696,મહુવા / અમદાવાદ,સપરિવાર,હા,હા,હા,હા,હા,Pending
J J Patel-,9904147214,મહુવા / અમદાવાદ,સપરિવાર,હા,હા,હા,હા,હા,Pending
Jabar Bhai Khatsura,9879646891,મહુવા / અમદાવાદ,સપરિવાર,હા,હા,હા,હા,હા,Pending
Jadav Anjali Tea,6354219567,મહુવા / અમદાવાદ,સપરિવાર,હા,હા,હા,હા,હા,Pending
Jadra Nana Helper,9099032491,મહુવા / અમદાવાદ,સપરિવાર,હા,હા,હા,હા,હા,Pending
Jagdish Patel Excel Guru,9428958875,મહુવા / અમદાવાદ,સપરિવાર,હા,હા,હા,હા,હા,Pending
Jagdish Patel Surat Oliv,9099912401,સુરત,સપરિવાર,હા,હા,હા,હા,હા,Pending
High Way Autho Sir Kamal Jain,9873339429,મહુવા / અમદાવાદ,સપરિવાર,હા,હા,હા,હા,હા,Pending
Jajeja Bhai Road,9898148407,મહુવા / અમદાવાદ,સપરિવાર,હા,હા,હા,હા,હા,Pending
Jalaram Transpot,9737044085,મહુવા / અમદાવાદ,સપરિવાર,હા,હા,હા,હા,હા,Pending
Jagdish Jalondhra,9537562385,મહુવા / અમદાવાદ,સપરિવાર,હા,હા,હા,હા,હા,Pending
Jalpa Ben Thakar,7096616779,મહુવા / અમદાવાદ,સપરિવાર,હા,હા,હા,હા,હા,Pending
Jalpa Medam Radheshyam,6352027096,મહુવા / અમદાવાદ,સપરિવાર,હા,હા,હા,હા,હા,Pending
Jamnagar St Conductor,9998282509,જામનગર,સપરિવાર,હા,હા,હા,હા,હા,Pending
Janak Rajyaguru Jivan Jyot,9426115562,મહુવા / અમદાવાદ,સપરિવાર,હા,હા,હા,હા,હા,Pending
Jani Mukesh Bhai,9726233357,મહુવા / અમદાવાદ,સપરિવાર,હા,હા,હા,હા,હા,Pending
Jani Raju Bhai,8320265800,મહુવા / અમદાવાદ,સપરિવાર,હા,હા,હા,હા,હા,Pending
Jani Raju Bhai,9913499537,મહુવા / અમદાવાદ,સપરિવાર,હા,હા,હા,હા,હા,Pending
Janibhai Ruparel Jali Vala,9824766087,મહુવા / અમદાવાદ,સપરિવાર,હા,હા,હા,હા,હા,Pending
Jankar jani,9274156111,મહુવા / અમદાવાદ,સપરિવાર,હા,હા,હા,હા,હા,Pending
Jankar jani,9998182333,મહુવા / અમદાવાદ,સપરિવાર,હા,હા,હા,હા,હા,Pending
Jasu Bhadrod,9924520549,મહુવા / અમદાવાદ,સપરિવાર,હા,હા,હા,હા,હા,Pending
Jasu Bhai Kachdiya,8511164018,મહુવા / અમદાવાદ,સપરિવાર,હા,હા,હા,હા,હા,Pending
Jatin Chatbar Math,9328915049,મહુવા / અમદાવાદ,સપરિવાર,હા,હા,હા,હા,હા,Pending
Jatin Soni,9723379000,મહુવા / અમદાવાદ,સપરિવાર,હા,હા,હા,હા,હા,Pending
Navoday Javahar sunil,9427375783,મહુવા / અમદાવાદ,સપરિવાર,હા,હા,હા,હા,હા,Pending
Jay Bhavani Graphics,9825333531,મહુવા / અમદાવાદ,સપરિવાર,હા,હા,હા,હા,હા,Pending
Jay Dhandhlya Name Sudharva,8200535858,મહુવા / અમદાવાદ,સપરિવાર,હા,હા,હા,હા,હા,Pending
Jay Dhandhlya Name Sudharva,9429359213,મહુવા / અમદાવાદ,સપરિવાર,હા,હા,હા,હા,હા,Pending
Jay Hind Footwer,8160403698,મહુવા / અમદાવાદ,સપરિવાર,હા,હા,હા,હા,હા,Pending
Jay Parmar,8511499033,મહુવા / અમદાવાદ,સપરિવાર,હા,હા,હા,હા,હા,Pending
Jaya Ben Dundas,9316344952,મહુવા / અમદાવાદ,સપરિવાર,હા,હા,હા,હા,હા,Pending
Jaya Ben Dundas,9638743193,મહુવા / અમદાવાદ,સપરિવાર,હા,હા,હા,હા,હા,Pending
Jaydev Bhai Dish,8733804144,મહુવા / અમદાવાદ,સપરિવાર,હા,હા,હા,હા,હા,Pending
Jaydev Bhai Food Online Arji,9909070248,મહુવા / અમદાવાદ,સપરિવાર,હા,હા,હા,હા,હા,Pending
Jaydip Bhagat Rj Guru Stor,9913046045,મહુવા / અમદાવાદ,સપરિવાર,હા,હા,હા,હા,હા,Pending
icici jaydip,9712951503,મહુવા / અમદાવાદ,સપરિવાર,હા,હા,હા,હા,હા,Pending
Jaydip Radadiya Montu,9558923747,મહુવા / અમદાવાદ,સપરિવાર,હા,હા,હા,હા,હા,Pending
Jayesh Bhai Dolti,9723326552,મહુવા / અમદાવાદ,સપરિવાર,હા,હા,હા,હા,હા,Pending
Jayesh Jnv,9426834631,મહુવા / અમદાવાદ,સપરિવાર,હા,હા,હા,હા,હા,Pending
Paiter Jayesh,8200782120,મહુવા / અમદાવાદ,સપરિવાર,હા,હા,હા,હા,હા,Pending
jayesh Parmar (JB),9614106666,મહુવા / અમદાવાદ,સપરિવાર,હા,હા,હા,હા,હા,Pending
Jayesh Sakhat Math,7878422566,મહુવા / અમદાવાદ,સપરિવાર,હા,હા,હા,હા,હા,Pending
Jaykamal Ravliya,9898207042,મહુવા / અમદાવાદ,સપરિવાર,હા,હા,હા,હા,હા,Pending
Jayraj Bhai Dhadhal Bhadiya,9979277577,મહુવા / અમદાવાદ,સપરિવાર,હા,હા,હા,હા,હા,Pending
Jayraj uncle USA,0018032356821,USA,સપરિવાર,હા,હા,હા,હા,હા,Pending
Jayraj uncle USA,0018032359447,USA,સપરિવાર,હા,હા,હા,હા,હા,Pending
Jayraj uncle USA,0018032359717,USA,સપરિવાર,હા,હા,હા,હા,હા,Pending
Jayshri Vilas Derani,7878449241,મહુવા / અમદાવાદ,સપરિવાર,હા,હા,હા,હા,હા,Pending
Jaysukh Patel Barman,9726700719,મહુવા / અમદાવાદ,સપરિવાર,હા,હા,હા,હા,હા,Pending
Jayu Bhai Amrutvel Moldi,9898615742,મહુવા / અમદાવાદ,સપરિવાર,હા,હા,હા,હા,હા,Pending
Jcb Mate Irsad Bhai,9624032332,મહુવા / અમદાવાદ,સપરિવાર,હા,હા,હા,હા,હા,Pending
Jcb Shilesh Bhai Vali,9723382355,મહુવા / અમદાવાદ,સપરિવાર,હા,હા,હા,હા,હા,Pending
Jenis Nal Mate Hari Krusna,9879983233,મહુવા / અમદાવાદ,સપરિવાર,હા,હા,હા,હા,હા,Pending
Jenti bhai bavadia,9824245145,મહુવા / અમદાવાદ,સપરિવાર,હા,હા,હા,હા,હા,Pending
Jenti bhai bavadia,9375250150,મહુવા / અમદાવાદ,સપરિવાર,હા,હા,હા,હા,હા,Pending
Jenti Bhai Contractor,9157891515,મહુવા / અમદાવાદ,સપરિવાર,હા,હા,હા,હા,હા,Pending
Jenti Bhai Contractor,9727395317,મહુવા / અમદાવાદ,સપરિવાર,હા,હા,હા,હા,હા,Pending
Jenti Bhai Patta Vala,6356549078,મહુવા / અમદાવાદ,સપરિવાર,હા,હા,હા,હા,હા,Pending
Jenti Bhai Sahjand Plamber,6353328847,મહુવા / અમદાવાદ,સપરિવાર,હા,હા,હા,હા,હા,Pending
Jenti Mama Surat,9228710082,સુરત,સપરિવાર,હા,હા,હા,હા,હા,Pending
Jenti Safai Vala,8780558873,મહુવા / અમદાવાદ,સપરિવાર,હા,હા,હા,હા,હા,Pending
"Jentibbhai, Harsad Sasra Ahd",9879894783,અમદાવાદ,સપરિવાર,હા,હા,હા,હા,હા,Pending
High Way Road Contra Jentibhai,7990850649,મહુવા / અમદાવાદ,સપરિવાર,હા,હા,હા,હા,હા,Pending
Rakesh Jentibhai Kadia V T,8200925836,મહુવા / અમદાવાદ,સપરિવાર,હા,હા,હા,હા,હા,Pending
Rakesh Jentibhai Kadia V T,9898836726,મહુવા / અમદાવાદ,સપરિવાર,હા,હા,હા,હા,હા,Pending
Jevin Vatu Mate,9824368896,મહુવા / અમદાવાદ,સપરિવાર,હા,હા,હા,હા,હા,Pending
Jignesh B Zalavadiya Surat,9879349793,સુરત,સપરિવાર,હા,હા,હા,હા,હા,Pending
Jignesh Dada Rasoya,9879994071,મહુવા / અમદાવાદ,સપરિવાર,હા,હા,હા,હા,હા,Pending
Jignesh Kunchala Gadhvi,7046447665,મહુવા / અમદાવાદ,સપરિવાર,હા,હા,હા,હા,હા,Pending
Jignesh Kunchala Gadhvi,9106011142,મહુવા / અમદાવાદ,સપરિવાર,હા,હા,હા,હા,હા,Pending
Rinku Jikiyali,9265909395,મહુવા / અમદાવાદ,સપરિવાર,હા,હા,હા,હા,હા,Pending
Jilla pachat a,2782515729,મહુવા / અમદાવાદ,સપરિવાર,હા,હા,હા,હા,હા,Pending
Jahnvi Jimmy,8849451599,મહુવા / અમદાવાદ,સપરિવાર,હા,હા,હા,હા,હા,Pending
Jio Care Gandhi Baug,7383888808,મહુવા / અમદાવાદ,સપરિવાર,હા,હા,હા,હા,હા,Pending
Jitu Dhanani Aml,9925054030,અમરેલી,સપરિવાર,હા,હા,હા,હા,હા,Pending
Jitu Hanu Embulance,9924254613,મહુવા / અમદાવાદ,સપરિવાર,હા,હા,હા,હા,હા,Pending
Jitu Kumar Nayna Ben Desai Ahd,9904416536,અમદાવાદ,સપરિવાર,હા,હા,હા,હા,હા,Pending
Jitu Selani,9824206178,મહુવા / અમદાવાદ,સપરિવાર,હા,હા,હા,હા,હા,Pending
Jivraj Bhai Nakrani,9904214765,મહુવા / અમદાવાદ,સપરિવાર,હા,હા,હા,હા,હા,Pending
Jivraj Bhai Nakrani,9429419561,મહુવા / અમદાવાદ,સપરિવાર,હા,હા,હા,હા,હા,Pending
Joliya Priya Samaj Mate,9426228432,મહુવા / અમદાવાદ,સપરિવાર,હા,હા,હા,હા,હા,Pending
Jolly Jitu Bhai Vakani,9723444989,મહુવા / અમદાવાદ,સપરિવાર,હા,હા,હા,હા,હા,Pending
Jafri Prin Jon Ali Sir,9510992110,મહુવા / અમદાવાદ,સપરિવાર,હા,હા,હા,હા,હા,Pending
Joshi Anirudh Bhai,9714142614,મહુવા / અમદાવાદ,સપરિવાર,હા,હા,હા,હા,હા,Pending
Joshi Hardik Bhai S T,9016557715,મહુવા / અમદાવાદ,સપરિવાર,હા,હા,હા,હા,હા,Pending
Joshi Hardik M N,7016353904,મહુવા / અમદાવાદ,સપરિવાર,હા,હા,હા,હા,હા,Pending
Joshi Hardik M N,8264315455,મહુવા / અમદાવાદ,સપરિવાર,હા,હા,હા,હા,હા,Pending
Joshi Janak Ruparel Co,9773447523,મહુવા / અમદાવાદ,સપરિવાર,હા,હા,હા,હા,હા,Pending
Junagdh Swaminarayan Mandir Praful Bhai,8866655444,મહુવા / અમદાવાદ,સપરિવાર,હા,હા,હા,હા,હા,Pending
Jyosna Raydi,8849478672,મહુવા / અમદાવાદ,સપરિવાર,હા,હા,હા,હા,હા,Pending
K G Security Gard,6353724849,મહુવા / અમદાવાદ,સપરિવાર,હા,હા,હા,હા,હા,Pending
K G  (shree Pablication )bhv,8320909388,ભાવનગર,સપરિવાર,હા,હા,હા,હા,હા,Pending
K R Sons Nilesh Bhai,9408222822,મહુવા / અમદાવાદ,સપરિવાર,હા,હા,હા,હા,હા,Pending
Kachad Vinit Papa,9265154899,મહુવા / અમદાવાદ,સપરિવાર,હા,હા,હા,હા,હા,Pending
Ramesh Solanki Kadiya,9106581265,મહુવા / અમદાવાદ,સપરિવાર,હા,હા,હા,હા,હા,Pending
Kadiya Rasik Bhai,9898204862,મહુવા / અમદાવાદ,સપરિવાર,હા,હા,હા,હા,હા,Pending
Kadiya Sanjay Bhai Na,6355446099,મહુવા / અમદાવાદ,સપરિવાર,હા,હા,હા,હા,હા,Pending
Kadiya Vijay Jadra,9879478417,મહુવા / અમદાવાદ,સપરિવાર,હા,હા,હા,હા,હા,Pending
Kag Bihari Manu Bhai,8849168596,મહુવા / અમદાવાદ,સપરિવાર,હા,હા,હા,હા,હા,Pending
Kag Khimji Bhai,9106961851,મહુવા / અમદાવાદ,સપરિવાર,હા,હા,હા,હા,હા,Pending
Kailash Bhabhi Surat,9879233987,સુરત,સપરિવાર,હા,હા,હા,હા,હા,Pending
Kailash Hapani,9512384590,મહુવા / અમદાવાદ,સપરિવાર,હા,હા,હા,હા,હા,Pending
Dr Jagdip Kakadia (opthal),2782422322,મહુવા / અમદાવાદ,સપરિવાર,હા,હા,હા,હા,હા,Pending
Kakriya Swa Mandir Ahd,9426944747,અમદાવાદ,સપરિવાર,હા,હા,હા,હા,હા,Pending
Kala Utsav Mahesh Chudasama,9824980508,મહુવા / અમદાવાદ,સપરિવાર,હા,હા,હા,હા,હા,Pending
Kartik Bhai kalotra,9724879600,મહુવા / અમદાવાદ,સપરિવાર,હા,હા,હા,હા,હા,Pending
Kalpesh Parmar Gcert,9227509800,મહુવા / અમદાવાદ,સપરિવાર,હા,હા,હા,હા,હા,Pending
Dr kanu Kalsariya,6355052073,મહુવા / અમદાવાદ,સપરિવાર,હા,હા,હા,હા,હા,Pending
Kam Mate Jaya Ben,9574717148,મહુવા / અમદાવાદ,સપરિવાર,હા,હા,હા,હા,હા,Pending
Kam Mate Padhiyarka,6351869309,મહુવા / અમદાવાદ,સપરિવાર,હા,હા,હા,હા,હા,Pending
Kamal Bhai Daivar,7202899267,મહુવા / અમદાવાદ,સપરિવાર,હા,હા,હા,હા,હા,Pending
Kamal Mehta  Vakil,9824287268,મહુવા / અમદાવાદ,સપરિવાર,હા,હા,હા,હા,હા,Pending
GIGA BHAI KAMALIYA,9978774538,મહુવા / અમદાવાદ,સપરિવાર,હા,હા,હા,હા,હા,Pending
Kambli Nitesh Padsala,9427148247,મહુવા / અમદાવાદ,સપરિવાર,હા,હા,હા,હા,હા,Pending
Kamlesh Bhai Mo,7096908806,મહુવા / અમદાવાદ,સપરિવાર,હા,હા,હા,હા,હા,Pending
Kamlesh Bhai Mo,9429075806,મહુવા / અમદાવાદ,સપરિવાર,હા,હા,હા,હા,હા,Pending
Kamlesh  R K School Rajula,8200349082,મહુવા / અમદાવાદ,સપરિવાર,હા,હા,હા,હા,હા,Pending
Dharmendra Kanala,9998320045,મહુવા / અમદાવાદ,સપરિવાર,હા,હા,હા,હા,હા,Pending
Ghanshyam Swami Kandari,9913231000,મહુવા / અમદાવાદ,સપરિવાર,હા,હા,હા,હા,હા,Pending
Kanu Bhai  Bambhaniya Math,9726973907,મહુવા / અમદાવાદ,સપરિવાર,હા,હા,હા,હા,હા,Pending
Kanu Bhai Bhagiya,7096889454,મહુવા / અમદાવાદ,સપરિવાર,હા,હા,હા,હા,હા,Pending
Kanu Bhai Bhagiya,9016425822,મહુવા / અમદાવાદ,સપરિવાર,હા,હા,હા,હા,હા,Pending
Kanu bhai dundas,8160331463,મહુવા / અમદાવાદ,સપરિવાર,હા,હા,હા,હા,હા,Pending
Kanu Bhai Kumbhani,9924260395,મહુવા / અમદાવાદ,સપરિવાર,હા,હા,હા,હા,હા,Pending
Kanu Kapadiya Jamin,9033147627,મહુવા / અમદાવાદ,સપરિવાર,હા,હા,હા,હા,હા,Pending
Karate Mate Vatsal Bhai,9106872500,મહુવા / અમદાવાદ,સપરિવાર,હા,હા,હા,હા,હા,Pending
Kashyam Bhai Medical,7016965947,મહુવા / અમદાવાદ,સપરિવાર,હા,હા,હા,હા,હા,Pending
Kashyap Bhai Rathod,9824489018,મહુવા / અમદાવાદ,સપરિવાર,હા,હા,હા,હા,હા,Pending
Kashyap Joshi,8980069961,મહુવા / અમદાવાદ,સપરિવાર,હા,હા,હા,હા,હા,Pending
Arvind Bhai Katamoi,9898145585,મહુવા / અમદાવાદ,સપરિવાર,હા,હા,હા,હા,હા,Pending
Tal Jitendra Katariya,6358197959,મહુવા / અમદાવાદ,સપરિવાર,હા,હા,હા,હા,હા,Pending
Tal Jitendra Katariya,7984712908,મહુવા / અમદાવાદ,સપરિવાર,હા,હા,હા,હા,હા,Pending
Kathiriya Ele,9824974513,મહુવા / અમદાવાદ,સપરિવાર,હા,હા,હા,હા,હા,Pending
Kaushik Bhai Ambuja,8866469395,મહુવા / અમદાવાદ,સપરિવાર,હા,હા,હા,હા,હા,Pending
Kaushik Bhai Ambuja,9374654951,મહુવા / અમદાવાદ,સપરિવાર,હા,હા,હા,હા,હા,Pending
Gopal Bhai Kavad Sos,9979981599,મહુવા / અમદાવાદ,સપરિવાર,હા,હા,હા,હા,હા,Pending
Kaveri Piyush Butani,8160918881,મહુવા / અમદાવાદ,સપરિવાર,હા,હા,હા,હા,હા,Pending
Kedar Mammy,9773172270,મહુવા / અમદાવાદ,સપરિવાર,હા,હા,હા,હા,હા,Pending
Ali Keri,8128786922,મહુવા / અમદાવાદ,સપરિવાર,હા,હા,હા,હા,હા,Pending
Ketan Bhagat Botad,7016485896,બોટાદ,સપરિવાર,હા,હા,હા,હા,હા,Pending
Ketan Bhagat Botad,9714969815,બોટાદ,સપરિવાર,હા,હા,હા,હા,હા,Pending
Ketan Bhai Fit Wel,8160112727,મહુવા / અમદાવાદ,સપરિવાર,હા,હા,હા,હા,હા,Pending
Ketan Bhai Fit Wel,9428992059,મહુવા / અમદાવાદ,સપરિવાર,હા,હા,હા,હા,હા,Pending
Ketan Jasu Frut,7874518588,મહુવા / અમદાવાદ,સપરિવાર,હા,હા,હા,હા,હા,Pending
Ketna  Bhoja Bhai Mer,9825307527,મહુવા / અમદાવાદ,સપરિવાર,હા,હા,હા,હા,હા,Pending
Ketna  Bhoja Bhai Mer,7016165398,મહુવા / અમદાવાદ,સપરિવાર,હા,હા,હા,હા,હા,Pending
Keval Com Mate,7698605474,મહુવા / અમદાવાદ,સપરિવાર,હા,હા,હા,હા,હા,Pending
Keval Hiral Shah,9408542546,મહુવા / અમદાવાદ,સપરિવાર,હા,હા,હા,હા,હા,Pending
Keval Kalsariya Bansari Bhai,9662453721,મહુવા / અમદાવાદ,સપરિવાર,હા,હા,હા,હા,હા,Pending
Keyur Gaudani,9714373778,મહુવા / અમદાવાદ,સપરિવાર,હા,હા,હા,હા,હા,Pending
Haka Bapu khakhbai,9979667359,મહુવા / અમદાવાદ,સપરિવાર,હા,હા,હા,હા,હા,Pending
Khandu Bhai Bharuch,9825321519,મહુવા / અમદાવાદ,સપરિવાર,હા,હા,હા,હા,હા,Pending
Pipe 1 Laxman Bhai Kharak,9428992394,મહુવા / અમદાવાદ,૧ વ્યક્તિ,હા,હા,હા,હા,હા,Pending
Kheta Bhai Cauchilar,9824659579,મહુવા / અમદાવાદ,સપરિવાર,હા,હા,હા,હા,હા,Pending
Khimani Nilesh Stu,7202060968,મહુવા / અમદાવાદ,સપરિવાર,હા,હા,હા,હા,હા,Pending
Khimani Nilesh Stu,9328733191,મહુવા / અમદાવાદ,સપરિવાર,હા,હા,હા,હા,હા,Pending
Khodifad Sir J P,8320229100,મહુવા / અમદાવાદ,સપરિવાર,હા,હા,હા,હા,હા,Pending
Gita Ben Arvind Patel Khodiyana,9978584285,મહુવા / અમદાવાદ,સપરિવાર,હા,હા,હા,હા,હા,Pending
Gita Ben Arvind Patel Khodiyana,9925062282,મહુવા / અમદાવાદ,સપરિવાર,હા,હા,હા,હા,હા,Pending
Bhagvan Khumbhani (com),9664693434,મહુવા / અમદાવાદ,સપરિવાર,હા,હા,હા,હા,હા,Pending
Bhagvan Khumbhani (com),9898932092,મહુવા / અમદાવાદ,સપરિવાર,હા,હા,હા,હા,હા,Pending
Khusbu Mem Tea,9537949274,મહુવા / અમદાવાદ,સપરિવાર,હા,હા,હા,હા,હા,Pending
Khushi Gautam,7698837530,મહુવા / અમદાવાદ,સપરિવાર,હા,હા,હા,હા,હા,Pending
Devkinandan Hotel Dwarka Kiran Bhai,9723698888,મહુવા / અમદાવાદ,સપરિવાર,હા,હા,હા,હા,હા,Pending
Kiran BhaveshNasit Ahd,9327470440,અમદાવાદ,સપરિવાર,હા,હા,હા,હા,હા,Pending
Kiran Motors Rajkot ( Force Motors ),7211120301,રાજકોટ,સપરિવાર,હા,હા,હા,હા,હા,Pending
Kirit Bapa Sitaram,9825230101,મહુવા / અમદાવાદ,સપરિવાર,હા,હા,હા,હા,હા,Pending
Kirit Bhai  Rajkot Architek,9624039300,રાજકોટ,સપરિવાર,હા,હા,હા,હા,હા,Pending
Kirit surani,9374550007,મહુવા / અમદાવાદ,સપરિવાર,હા,હા,હા,હા,હા,Pending
Kirtan Trivedi Samaj Kalyan Bhv,8490046764,ભાવનગર,સપરિવાર,હા,હા,હા,હા,હા,Pending
Kirtan Trivedi Samaj Kalyan Bhv,8905497878,ભાવનગર,સપરિવાર,હા,હા,હા,હા,હા,Pending
Kishan Bhai Kamdar,8866469453,મહુવા / અમદાવાદ,સપરિવાર,હા,હા,હા,હા,હા,Pending
Kishan Hardwer,9638619242,મહુવા / અમદાવાદ,સપરિવાર,હા,હા,હા,હા,હા,Pending
Kishor Bhai Sorthiya P W D,7698184505,મહુવા / અમદાવાદ,સપરિવાર,હા,હા,હા,હા,હા,Pending
Kishor Bhai Una Clark,8401403500,મહુવા / અમદાવાદ,સપરિવાર,હા,હા,હા,હા,હા,Pending
Kishor Sakhat Fachriya,9913195390,મહુવા / અમદાવાદ,સપરિવાર,હા,હા,હા,હા,હા,Pending
Bhupat Bhai Kordiya,9978911391,મહુવા / અમદાવાદ,સપરિવાર,હા,હા,હા,હા,હા,Pending
Bhanu Dada Ucha Kotda,9825766826,મહુવા / અમદાવાદ,સપરિવાર,હા,હા,હા,હા,હા,Pending
Dholera Mandir Kothari,9925332432,મહુવા / અમદાવાદ,સપરિવાર,હા,હા,હા,હા,હા,Pending
Krishna Chavda Teacher,9327849678,મહુવા / અમદાવાદ,સપરિવાર,હા,હા,હા,હા,હા,Pending
Krunal Maruti Work Shop,6357314892,મહુવા / અમદાવાદ,સપરિવાર,હા,હા,હા,હા,હા,Pending
Kuldip Karigar,6355123678,મહુવા / અમદાવાદ,સપરિવાર,હા,હા,હા,હા,હા,Pending
Kumar Prakashn Rjt,9512694993,રાજકોટ,સપરિવાર,હા,હા,હા,હા,હા,Pending
Kumarsih Draivar,9737986894,મહુવા / અમદાવાદ,સપરિવાર,હા,હા,હા,હા,હા,Pending
Bhola Bhai Kumbhani,9428785266,મહુવા / અમદાવાદ,સપરિવાર,હા,હા,હા,હા,હા,Pending
Bagha Bhai Kundla,9825393876,સાવરકુંડલા,સપરિવાર,હા,હા,હા,હા,હા,Pending
Chandresh Bhai Savar Kundla,9033313914,સાવરકુંડલા,સપરિવાર,હા,હા,હા,હા,હા,Pending
Kush Sakriya,8155861000,મહુવા / અમદાવાદ,સપરિવાર,હા,હા,હા,હા,હા,Pending
Kushal Sheth.jain,8347062185,મહુવા / અમદાવાદ,સપરિવાર,હા,હા,હા,હા,હા,Pending
La PinoZ Pizza Mhv,8758758525,મહુવા / અમદાવાદ,સપરિવાર,હા,હા,હા,હા,હા,Pending
Labhesh Parkhiya,9737456569,મહુવા / અમદાવાદ,સપરિવાર,હા,હા,હા,હા,હા,Pending
Labhesh Parkhiya,9265805843,મહુવા / અમદાવાદ,સપરિવાર,હા,હા,હા,હા,હા,Pending
Jethva suresh Bhai Lala Form,9426455553,મહુવા / અમદાવાદ,સપરિવાર,હા,હા,હા,હા,હા,Pending
Lalaji Hadiya Ratol,9909128636,મહુવા / અમદાવાદ,સપરિવાર,હા,હા,હા,હા,હા,Pending
Lalji Bambhaniya Math,9974112235,મહુવા / અમદાવાદ,સપરિવાર,હા,હા,હા,હા,હા,Pending
Lalji Bhai Safai Vala,9313020686,મહુવા / અમદાવાદ,સપરિવાર,હા,હા,હા,હા,હા,Pending
Lallu Bhai Taveda,8469644545,મહુવા / અમદાવાદ,સપરિવાર,હા,હા,હા,હા,હા,Pending
Naresh Mistri Lati,9427938622,મહુવા / અમદાવાદ,સપરિવાર,હા,હા,હા,હા,હા,Pending
Naresh Mistri Lati,9722717772,મહુવા / અમદાવાદ,સપરિવાર,હા,હા,હા,હા,હા,Pending
Laxmi Woden Shild Aml,9426952182,અમરેલી,સપરિવાર,હા,હા,હા,હા,હા,Pending
Harshil Patel Lift,9904403079,મહુવા / અમદાવાદ,સપરિવાર,હા,હા,હા,હા,હા,Pending
Lift Hitesh Bhai Bhv,9099240240,ભાવનગર,સપરિવાર,હા,હા,હા,હા,હા,Pending
Limbachiya Vandna Ben,9712923676,મહુવા / અમદાવાદ,સપરિવાર,હા,હા,હા,હા,હા,Pending
Lion Den Dhari,9081817111,મહુવા / અમદાવાદ,સપરિવાર,હા,હા,હા,હા,હા,Pending
Lion Den Dhari,9737537111,મહુવા / અમદાવાદ,સપરિવાર,હા,હા,હા,હા,હા,Pending
Loj D K Swami,9824365892,મહુવા / અમદાવાદ,સપરિવાર,હા,હા,હા,હા,હા,Pending
M N High Naimish Gajjar,9687984084,મહુવા / અમદાવાદ,સપરિવાર,હા,હા,હા,હા,હા,Pending
M P Rasoya,7600949201,મહુવા / અમદાવાદ,સપરિવાર,હા,હા,હા,હા,હા,Pending
Madhabhai Kharak,9825641337,મહુવા / અમદાવાદ,સપરિવાર,હા,હા,હા,હા,હા,Pending
Madhav Dasji Swami Una,7874941970,મહુવા / અમદાવાદ,સપરિવાર,હા,હા,હા,હા,હા,Pending
Sharad Bhai CRC MAHADEV,7016589135,મહુવા / અમદાવાદ,સપરિવાર,હા,હા,હા,હા,હા,Pending
Sharad Bhai CRC MAHADEV,9825238103,મહુવા / અમદાવાદ,સપરિવાર,હા,હા,હા,હા,હા,Pending
Mahavir Couriar,9723838235,મહુવા / અમદાવાદ,સપરિવાર,હા,હા,હા,હા,હા,Pending
Mahavir Couriar,9723587010,મહુવા / અમદાવાદ,સપરિવાર,હા,હા,હા,હા,હા,Pending
Mahendra Jnv,8690092048,મહુવા / અમદાવાદ,સપરિવાર,હા,હા,હા,હા,હા,Pending
Mahendra Maharaj M P,7869632808,મહુવા / અમદાવાદ,સપરિવાર,હા,હા,હા,હા,હા,Pending
Mahendra Wall Pepar,9624479189,મહુવા / અમદાવાદ,સપરિવાર,હા,હા,હા,હા,હા,Pending
Mahesana Water Park,9898630006,મહુવા / અમદાવાદ,સપરિવાર,હા,હા,હા,હા,હા,Pending
Mahesh Bhai Kavad Tea,9586106199,મહુવા / અમદાવાદ,સપરિવાર,હા,હા,હા,હા,હા,Pending
Mahesh Bhai Patta Vala,6353573513,મહુવા / અમદાવાદ,સપરિવાર,હા,હા,હા,હા,હા,Pending
Mahesh Bhai Security Bhv,9429963563,ભાવનગર,સપરિવાર,હા,હા,હા,હા,હા,Pending
Bsc Jayesh Bhai Re. Mahesh,9714197098,મહુવા / અમદાવાદ,સપરિવાર,હા,હા,હા,હા,હા,Pending
Mahesh Vyas Collage,7016984993,મહુવા / અમદાવાદ,સપરિવાર,હા,હા,હા,હા,હા,Pending
Maheswari Ben Sathra High School,9879908424,મહુવા / અમદાવાદ,સપરિવાર,હા,હા,હા,હા,હા,Pending
Maheswari Ben Sathra High School,8460422507,મહુવા / અમદાવાદ,સપરિવાર,હા,હા,હા,હા,હા,Pending
Maheswari Ben Sathra High School,8320937682,મહુવા / અમદાવાદ,સપરિવાર,હા,હા,હા,હા,હા,Pending
Mahi Pariyej Sandip Bhai,9978909594,મહુવા / અમદાવાદ,સપરિવાર,હા,હા,હા,હા,હા,Pending
Jagdish mahida,9904981057,મહુવા / અમદાવાદ,સપરિવાર,હા,હા,હા,હા,હા,Pending
Raju Mahipariyej,9879405376,મહુવા / અમદાવાદ,સપરિવાર,હા,હા,હા,હા,હા,Pending
Gnanmajari Mahuva,7622978001,મહુવા,સપરિવાર,હા,હા,હા,હા,હા,Pending
Gnanmajari Mahuva,9376762476,મહુવા,સપરિવાર,હા,હા,હા,હા,હા,Pending
Gnanmajari Mahuva,9376762576,મહુવા,સપરિવાર,હા,હા,હા,હા,હા,Pending
Jayesh Dave Mahuva,9824927505,મહુવા,સપરિવાર,હા,હા,હા,હા,હા,Pending
Murlidhar Statnary Jagdish Mahuva,7861848012,મહુવા,સપરિવાર,હા,હા,હા,હા,હા,Pending
Murlidhar Statnary Jagdish Mahuva,9904580702,મહુવા,સપરિવાર,હા,હા,હા,હા,હા,Pending
Makvana Aarti Ben Tea,9016013323,મહુવા / અમદાવાદ,સપરિવાર,હા,હા,હા,હા,હા,Pending
Makvana Kajal Umaniavadar,9510870083,મહુવા / અમદાવાદ,સપરિવાર,હા,હા,હા,હા,હા,Pending
Makvana Mandap Anil,7359144523,મહુવા / અમદાવાદ,સપરિવાર,હા,હા,હા,હા,હા,Pending
Makvana Prem Kidhan Trafic Polish,8866330369,મહુવા / અમદાવાદ,સપરિવાર,હા,હા,હા,હા,હા,Pending
Makvana Rajesh Hanu Hospital,9714383662,મહુવા / અમદાવાદ,સપરિવાર,હા,હા,હા,હા,હા,Pending
Makvana Rina Teacher,9825339601,મહુવા / અમદાવાદ,સપરિવાર,હા,હા,હા,હા,હા,Pending
Makvana Sir Gmit Bhv,9727507888,ભાવનગર,સપરિવાર,હા,હા,હા,હા,હા,Pending
Tpeo Makvana,7359723711,મહુવા / અમદાવાદ,સપરિવાર,હા,હા,હા,હા,હા,Pending
Makvana Vandna N,9998816272,મહુવા / અમદાવાદ,સપરિવાર,હા,હા,હા,હા,હા,Pending
Mala Ben,9825627473,મહુવા / અમદાવાદ,સપરિવાર,હા,હા,હા,હા,હા,Pending
Viren bhai Bhupendra  Bhai Malkan,7016530508,મહુવા / અમદાવાદ,સપરિવાર,હા,હા,હા,હા,હા,Pending
Mam Office,8469511151,મહુવા / અમદાવાદ,સપરિવાર,હા,હા,હા,હા,હા,Pending
Dulla Mama Chotra,9909522351,મહુવા / અમદાવાદ,સપરિવાર,હા,હા,હા,હા,હા,Pending
Mamlatdar Mahuva,7567001646,મહુવા,સપરિવાર,હા,હા,હા,હા,હા,Pending
Mamta Bhuva Tea,8780277901,મહુવા / અમદાવાદ,સપરિવાર,હા,હા,હા,હા,હા,Pending
Manager Bob Mhv,2844222428,મહુવા / અમદાવાદ,સપરિવાર,હા,હા,હા,હા,હા,Pending
Gangagaliya Parth,9925573732,મહુવા / અમદાવાદ,સપરિવાર,હા,હા,હા,હા,હા,Pending
Manaswi Gujriya,9137446901,મહુવા / અમદાવાદ,સપરિવાર,હા,હા,હા,હા,હા,Pending
Manaswi Gujriya,9228387443,મહુવા / અમદાવાદ,સપરિવાર,હા,હા,હા,હા,હા,Pending
Bhajan  Prakash Swami Mandir,7698761008,મહુવા / અમદાવાદ,સપરિવાર,હા,હા,હા,હા,હા,Pending
Naresh Hadiya Mangalmurti,9913095567,મહુવા / અમદાવાદ,સપરિવાર,હા,હા,હા,હા,હા,Pending
Manish Bhai Gautam,9909074620,મહુવા / અમદાવાદ,સપરિવાર,હા,હા,હા,હા,હા,Pending
Manish Dalal,9428181428,મહુવા / અમદાવાદ,સપરિવાર,હા,હા,હા,હા,હા,Pending
Manish Desai Gyanmanjari,9429418100,મહુવા / અમદાવાદ,સપરિવાર,હા,હા,હા,હા,હા,Pending
Manish Gelani Surat,9825641080,સુરત,સપરિવાર,હા,હા,હા,હા,હા,Pending
Manish Harsora Home,9428080583,મહુવા / અમદાવાદ,સપરિવાર,હા,હા,હા,હા,હા,Pending
Manish Marbal,9276867253,મહુવા / અમદાવાદ,સપરિવાર,હા,હા,હા,હા,હા,Pending
Manoj Astet Broker,9428183960,મહુવા / અમદાવાદ,સપરિવાર,હા,હા,હા,હા,હા,Pending
Mansukh Astet,9824235729,મહુવા / અમદાવાદ,સપરિવાર,હા,હા,હા,હા,હા,Pending
Mansukh Labhu Gajera,9375023723,મહુવા / અમદાવાદ,સપરિવાર,હા,હા,હા,હા,હા,Pending
Mansukh Labhu Gajera,9825159680,મહુવા / અમદાવાદ,સપરિવાર,હા,હા,હા,હા,હા,Pending
Mansukh Riksha Bandar,9624341310,મહુવા / અમદાવાદ,સપરિવાર,હા,હા,હા,હા,હા,Pending
Manu Bhai Sahjanand,7096027527,મહુવા / અમદાવાદ,સપરિવાર,હા,હા,હા,હા,હા,Pending
Marcha Vali,9898111335,મહુવા / અમદાવાદ,સપરિવાર,હા,હા,હા,હા,હા,Pending
Chirag Gadi Riper Maruti Show,8980774545,મહુવા / અમદાવાદ,સપરિવાર,હા,હા,હા,હા,હા,Pending
Chirag Gadi Riper Maruti Show,9099090825,મહુવા / અમદાવાદ,સપરિવાર,હા,હા,હા,હા,હા,Pending
Maruti Vidhyalay Bhv,9879581801,ભાવનગર,સપરિવાર,હા,હા,હા,હા,હા,Pending
Dhiru Masala,9925332174,મહુવા / અમદાવાદ,સપરિવાર,હા,હા,હા,હા,હા,Pending
Dhiru Masala,9067699059,મહુવા / અમદાવાદ,સપરિવાર,હા,હા,હા,હા,હા,Pending
Masala Ramnik Chotliya,9574549914,મહુવા / અમદાવાદ,સપરિવાર,હા,હા,હા,હા,હા,Pending
Masala Ramnik Chotliya,9723680330,મહુવા / અમદાવાદ,સપરિવાર,હા,હા,હા,હા,હા,Pending
Masala Ramnik Chotliya,9898514152,મહુવા / અમદાવાદ,સપરિવાર,હા,હા,હા,હા,હા,Pending
Masin Bhai Stemp,9687888074,મહુવા / અમદાવાદ,સપરિવાર,હા,હા,હા,હા,હા,Pending
Amit Ful Har Mate,9979310088,મહુવા / અમદાવાદ,સપરિવાર,હા,હા,હા,હા,હા,Pending
Bus Leva Mate Haresh,9824812284,મહુવા / અમદાવાદ,સપરિવાર,હા,હા,હા,હા,હા,Pending
Milan Dress Mate,7383133287,મહુવા / અમદાવાદ,સપરિવાર,હા,હા,હા,હા,હા,Pending
Milan Dress Mate,8735969630,મહુવા / અમદાવાદ,સપરિવાર,હા,હા,હા,હા,હા,Pending
Milan Dress Mate,9824752848,મહુવા / અમદાવાદ,સપરિવાર,હા,હા,હા,હા,હા,Pending
Math Chetan Teacher,8140691898,મહુવા / અમદાવાદ,સપરિવાર,હા,હા,હા,હા,હા,Pending
Math Dilip Bhai Bavliya,9662678586,મહુવા / અમદાવાદ,સપરિવાર,હા,હા,હા,હા,હા,Pending
Math Kanu Bhai Bhamar,9510533165,મહુવા / અમદાવાદ,સપરિવાર,હા,હા,હા,હા,હા,Pending
Math Mansukh Sonagra,7990475841,મહુવા / અમદાવાદ,સપરિવાર,હા,હા,હા,હા,હા,Pending
Math Mate Seta Raju Pithalpur,9723760911,મહુવા / અમદાવાદ,સપરિવાર,હા,હા,હા,હા,હા,Pending
Math Mate Vishal (msc),7698026838,મહુવા / અમદાવાદ,સપરિવાર,હા,હા,હા,હા,હા,Pending
Math Yogesh Bhai Mota Jadra,6351141344,મહુવા / અમદાવાદ,સપરિવાર,હા,હા,હા,હા,હા,Pending
Devang Bhai Mum Mativala,9867444776,મુંબઈ,સપરિવાર,હા,હા,હા,હા,હા,Pending
Devang Bhai Mum Mativala,9821356362,મુંબઈ,સપરિવાર,હા,હા,હા,હા,હા,Pending
Maulik Kumbhani Baps,8128489613,મહુવા / અમદાવાદ,સપરિવાર,હા,હા,હા,હા,હા,Pending
Mautik Bhai Kumbhan,8511222757,મહુવા / અમદાવાદ,સપરિવાર,હા,હા,હા,હા,હા,Pending
Maya Bhai Ahir,7499799999,મહુવા / અમદાવાદ,સપરિવાર,હા,હા,હા,હા,હા,Pending
Mayur Bhadrod,9723485315,મહુવા / અમદાવાદ,સપરિવાર,હા,હા,હા,હા,હા,Pending
Mayur Kalsriya Bhutpurva,9714677757,મહુવા / અમદાવાદ,સપરિવાર,હા,હા,હા,હા,હા,Pending
Mayur Navar Maruti Powder Coting,9426598240,મહુવા / અમદાવાદ,સપરિવાર,હા,હા,હા,હા,હા,Pending
Mayur Patel Lift Aml,9904403029,અમરેલી,સપરિવાર,હા,હા,હા,હા,હા,Pending
Mayur Trivedi Getko Rjt,7990199755,રાજકોટ,સપરિવાર,હા,હા,હા,હા,હા,Pending
Ami medical medical,2844223549,મહુવા / અમદાવાદ,સપરિવાર,હા,હા,હા,હા,હા,Pending
Ami medical medical,9879523549,મહુવા / અમદાવાદ,સપરિવાર,હા,હા,હા,હા,હા,Pending
Meena Chauhan  Tea,7069465434,મહુવા / અમદાવાદ,સપરિવાર,હા,હા,હા,હા,હા,Pending
Meghji Talgagrda Tution,7859952322,મહુવા / અમદાવાદ,સપરિવાર,હા,હા,હા,હા,હા,Pending
Bio Uday Mehta,9904198157,મહુવા / અમદાવાદ,સપરિવાર,હા,હા,હા,હા,હા,Pending
K S. Mehta,7487852077,મહુવા / અમદાવાદ,સપરિવાર,હા,હા,હા,હા,હા,Pending
Mehul V Savliya,9377295800,મહુવા / અમદાવાદ,સપરિવાર,હા,હા,હા,હા,હા,Pending
Ali Merchant,8200344234,મહુવા / અમદાવાદ,સપરિવાર,હા,હા,હા,હા,હા,Pending
D. K Gohil Mhuva High Way,6352863526,મહુવા / અમદાવાદ,સપરિવાર,હા,હા,હા,હા,હા,Pending
Benar Print City Mhv,8141306555,મહુવા / અમદાવાદ,સપરિવાર,હા,હા,હા,હા,હા,Pending
Microscop Repe Arvind Bhv,9427181311,ભાવનગર,સપરિવાર,હા,હા,હા,હા,હા,Pending
Mihir Bhv,9725319955,ભાવનગર,સપરિવાર,હા,હા,હા,હા,હા,Pending
Mili Mehndi Surat,8347519798,સુરત,સપરિવાર,હા,હા,હા,હા,હા,Pending
Mina Ben Rathod,9265705105,મહુવા / અમદાવાદ,સપરિવાર,હા,હા,હા,હા,હા,Pending
Arjun  saroj Mistri,6353813715,મહુવા / અમદાવાદ,સપરિવાર,હા,હા,હા,હા,હા,Pending
Arjun  saroj Mistri,9558206293,મહુવા / અમદાવાદ,સપરિવાર,હા,હા,હા,હા,હા,Pending
Sandip V Mistri,9898649494,મહુવા / અમદાવાદ,સપરિવાર,હા,હા,હા,હા,હા,Pending
Mistri Wach,8306805100,મહુવા / અમદાવાદ,સપરિવાર,હા,હા,હા,હા,હા,Pending
Prakash Mistry Sahjanand,9979997254,મહુવા / અમદાવાદ,સપરિવાર,હા,હા,હા,હા,હા,Pending
Mitul Bhai Sheth,7990201962,મહુવા / અમદાવાદ,સપરિવાર,હા,હા,હા,હા,હા,Pending
Mitul Bhai Sheth,9727207203,મહુવા / અમદાવાદ,સપરિવાર,હા,હા,હા,હા,હા,Pending
Montu U S A,17702805187,મહુવા / અમદાવાદ,સપરિવાર,હા,હા,હા,હા,હા,Pending
New Sorath Transport Morbi,9106864890,મોરબી,સપરિવાર,હા,હા,હા,હા,હા,Pending
Msc Math vikesh  Bambhaniya,8401545448,મહુવા / અમદાવાદ,સપરિવાર,હા,હા,હા,હા,હા,Pending
Mukesh Bhai Kumbhan,8980818176,મહુવા / અમદાવાદ,સપરિવાર,હા,હા,હા,હા,હા,Pending
A B Mehta Mumbai,9320016104,મુંબઈ,સપરિવાર,હા,હા,હા,હા,હા,Pending
Bus Raju Mumbai,8451919193,મુંબઈ,સપરિવાર,હા,હા,હા,હા,હા,Pending
Bus Raju Mumbai,9224763441,મુંબઈ,સપરિવાર,હા,હા,હા,હા,હા,Pending
Keshav Bhai Dhedhi Janki Care,9321493574,મહુવા / અમદાવાદ,સપરિવાર,હા,હા,હા,હા,હા,Pending
Keshav Bhai Dhedhi Janki Care,8200486403,મહુવા / અમદાવાદ,સપરિવાર,હા,હા,હા,હા,હા,Pending
N C Aangadia,7567221638,મહુવા / અમદાવાદ,સપરિવાર,હા,હા,હા,હા,હા,Pending
N C Aangadia,2844223114,મહુવા / અમદાવાદ,સપરિવાર,હા,હા,હા,હા,હા,Pending
Nagari Hitesh,8200274373,મહુવા / અમદાવાદ,સપરિવાર,હા,હા,હા,હા,હા,Pending
Nagari Hitesh,9574779530,મહુવા / અમદાવાદ,સપરિવાર,હા,હા,હા,હા,હા,Pending
Nagari Hitesh,9824228275,મહુવા / અમદાવાદ,સપરિવાર,હા,હા,હા,હા,હા,Pending
Bharat Bhai Nakarani,9429292063,મહુવા / અમદાવાદ,સપરિવાર,હા,હા,હા,હા,હા,Pending
Nalin Bhai Mandir,7203977373,મહુવા / અમદાવાદ,સપરિવાર,હા,હા,હા,હા,હા,Pending
Nanera Monika Teacher,9409234317,મહુવા / અમદાવાદ,સપરિવાર,હા,હા,હા,હા,હા,Pending
Nanera Monika Teacher,9724846737,મહુવા / અમદાવાદ,સપરિવાર,હા,હા,હા,હા,હા,Pending
Nanera Monika Teacher,9974726814,મહુવા / અમદાવાદ,સપરિવાર,હા,હા,હા,હા,હા,Pending
Nanji Bhai Bhut  Jarman Food,9428495300,મહુવા / અમદાવાદ,સપરિવાર,હા,હા,હા,હા,હા,Pending
0,9429453153,મહુવા / અમદાવાદ,સપરિવાર,હા,હા,હા,હા,હા,Pending
Naresh Bhai Mehta,9099094702,મહુવા / અમદાવાદ,સપરિવાર,હા,હા,હા,હા,હા,Pending
Natha Kaka Jadkla,9426255190,મહુવા / અમદાવાદ,સપરિવાર,હા,હા,હા,હા,હા,Pending
Naval Bhai Machchar Takedari,9558946013,મહુવા / અમદાવાદ,સપરિવાર,હા,હા,હા,હા,હા,Pending
Nayan Mali,9016271432,મહુવા / અમદાવાદ,સપરિવાર,હા,હા,હા,હા,હા,Pending
Nayna Raju Sojitra,8849353518,મહુવા / અમદાવાદ,સપરિવાર,હા,હા,હા,હા,હા,Pending
Nevy Jaydip Mum,8347210957,મુંબઈ,સપરિવાર,હા,હા,હા,હા,હા,Pending
Nevy Jaydip Mum,9106803684,મુંબઈ,સપરિવાર,હા,હા,હા,હા,હા,Pending
Narendra  Valiya Sauratra News,8000095459,મહુવા / અમદાવાદ,સપરિવાર,હા,હા,હા,હા,હા,Pending
Narendra  Valiya Sauratra News,9033348782,મહુવા / અમદાવાદ,સપરિવાર,હા,હા,હા,હા,હા,Pending
Nilam Ben Valiya,6352214950,મહુવા / અમદાવાદ,સપરિવાર,હા,હા,હા,હા,હા,Pending
Nilesh Astet Broker,7600199802,મહુવા / અમદાવાદ,સપરિવાર,હા,હા,હા,હા,હા,Pending
Nilesh Bhai  Baraiya Koliyak,9429505800,મહુવા / અમદાવાદ,સપરિવાર,હા,હા,હા,હા,હા,Pending
Nilesh Jamod Deo Office Botad,8320144456,બોટાદ,સપરિવાર,હા,હા,હા,હા,હા,Pending
Nilesh Jamod Deo Office Botad,9624798170,બોટાદ,સપરિવાર,હા,હા,હા,હા,હા,Pending
Nilesh Pepar,9426262075,મહુવા / અમદાવાદ,સપરિવાર,હા,હા,હા,હા,હા,Pending
Nilesh Sgvp Hospital,9429530599,મહુવા / અમદાવાદ,સપરિવાર,હા,હા,હા,હા,હા,Pending
Nilkanth Swami Gadhda,9426852377,મહુવા / અમદાવાદ,સપરિવાર,હા,હા,હા,હા,હા,Pending
Nipa Ben Goswami,9016541899,મહુવા / અમદાવાદ,સપરિવાર,હા,હા,હા,હા,હા,Pending
Niraj Desai,9408248480,મહુવા / અમદાવાદ,સપરિવાર,હા,હા,હા,હા,હા,Pending
Nisha Ben Home,2844224000,મહુવા / અમદાવાદ,સપરિવાર,હા,હા,હા,હા,હા,Pending
Nitin Bhai Congresh,9428619811,મહુવા / અમદાવાદ,સપરિવાર,હા,હા,હા,હા,હા,Pending
Burhani Nurudin,9824856916,મહુવા / અમદાવાદ,સપરિવાર,હા,હા,હા,હા,હા,Pending
Bharat Bhai Nutan,9427752612,મહુવા / અમદાવાદ,સપરિવાર,હા,હા,હા,હા,હા,Pending
Bharat Bhai Nutan,7043401050,મહુવા / અમદાવાદ,સપરિવાર,હા,હા,હા,હા,હા,Pending
Gaurang Bhai Post Office,9099139033,મહુવા / અમદાવાદ,સપરિવાર,હા,હા,હા,હા,હા,Pending
Gaurang Bhai Post Office,9773249427,મહુવા / અમદાવાદ,સપરિવાર,હા,હા,હા,હા,હા,Pending
Omkar Travels,9558682989,મહુવા / અમદાવાદ,સપરિવાર,હા,હા,હા,હા,હા,Pending
Shriji Consltansy,2752359156,મહુવા / અમદાવાદ,સપરિવાર,હા,હા,હા,હા,હા,Pending
P Shailesh Aangdiya,9429503357,મહુવા / અમદાવાદ,સપરિવાર,હા,હા,હા,હા,હા,Pending
Arvind Mer P T Dress Mate,8000690002,મહુવા / અમદાવાદ,સપરિવાર,હા,હા,હા,હા,હા,Pending
P T Uni Mate Rajkot,7383824261,રાજકોટ,સપરિવાર,હા,હા,હા,હા,હા,Pending
Pahal Ba Ajitsih,8141414659,મહુવા / અમદાવાદ,સપરિવાર,હા,હા,હા,હા,હા,Pending
Pahal Ba Ajitsih,9662630617,મહુવા / અમદાવાદ,સપરિવાર,હા,હા,હા,હા,હા,Pending
Pahal Ba Ajitsih,8320790683,મહુવા / અમદાવાદ,સપરિવાર,હા,હા,હા,હા,હા,Pending
Painter,8347670655,મહુવા / અમદાવાદ,સપરિવાર,હા,હા,હા,હા,હા,Pending
Raju Bhai Painter,7016352988,મહુવા / અમદાવાદ,સપરિવાર,હા,હા,હા,હા,હા,Pending
Dinesh Bhai pardi (vallabh),9825119836,મહુવા / અમદાવાદ,સપરિવાર,હા,હા,હા,હા,હા,Pending
Gautam Bhai pandya,9925083380,મહુવા / અમદાવાદ,સપરિવાર,હા,હા,હા,હા,હા,Pending
Tal Kalpeshbhai Pandya,9265080590,મહુવા / અમદાવાદ,સપરિવાર,હા,હા,હા,હા,હા,Pending
Tal Kalpeshbhai Pandya,9377132150,મહુવા / અમદાવાદ,સપરિવાર,હા,હા,હા,હા,હા,Pending
Tal Kalpeshbhai Pandya,9924284204,મહુવા / અમદાવાદ,સપરિવાર,હા,હા,હા,હા,હા,Pending
Paras Purohit Sir,7990119645,મહુવા / અમદાવાદ,સપરિવાર,હા,હા,હા,હા,હા,Pending
Paras Purohit Sir,9429585294,મહુવા / અમદાવાદ,સપરિવાર,હા,હા,હા,હા,હા,Pending
Paresh Atal Grant,7016755481,મહુવા / અમદાવાદ,સપરિવાર,હા,હા,હા,હા,હા,Pending
Paresh Atal Grant,9904349299,મહુવા / અમદાવાદ,સપરિવાર,હા,હા,હા,હા,હા,Pending
Paresh Mbbs Ahd,8849334593,અમદાવાદ,સપરિવાર,હા,હા,હા,હા,હા,Pending
Parle Leva Mate,8140565150,મહુવા / અમદાવાદ,સપરિવાર,હા,હા,હા,હા,હા,Pending
Parle Leva Mate,9724500920,મહુવા / અમદાવાદ,સપરિવાર,હા,હા,હા,હા,હા,Pending
Parmar Boot House Jayesh,9157972501,મહુવા / અમદાવાદ,સપરિવાર,હા,હા,હા,હા,હા,Pending
Parmar Komal Teacher,8154012031,મહુવા / અમદાવાદ,સપરિવાર,હા,હા,હા,હા,હા,Pending
Sent Thomas Pankaj Parmar,9033328823,મહુવા / અમદાવાદ,સપરિવાર,હા,હા,હા,હા,હા,Pending
Parth Mehta Bhutpurva Vi,8238010092,મહુવા / અમદાવાદ,સપરિવાર,હા,હા,હા,હા,હા,Pending
Parth Title Bord,9328232583,મહુવા / અમદાવાદ,સપરિવાર,હા,હા,હા,હા,હા,Pending
Pranav Pathak College,9427748727,મહુવા / અમદાવાદ,સપરિવાર,હા,હા,હા,હા,હા,Pending
Prabhu Swami Sardhar,9099999639,મહુવા / અમદાવાદ,સપરિવાર,હા,હા,હા,હા,હા,Pending
Studentbro Pepar Kathva Mate,8141818190,મહુવા / અમદાવાદ,સપરિવાર,હા,હા,હા,હા,હા,Pending
Pipe 11 Pradip Bhikha Valiya,9033291834,મહુવા / અમદાવાદ,સપરિવાર,હા,હા,હા,હા,હા,Pending
QR Hdfc Parshuram,7043250182,મહુવા / અમદાવાદ,સપરિવાર,હા,હા,હા,હા,હા,Pending
Pos Vipul Bhai Hdfc,9227266609,મહુવા / અમદાવાદ,સપરિવાર,હા,હા,હા,હા,હા,Pending
Praful Gajjar,8200064199,મહુવા / અમદાવાદ,સપરિવાર,હા,હા,હા,હા,હા,Pending
Prashant Maheta Atvt,6355466767,મહુવા / અમદાવાદ,સપરિવાર,હા,હા,હા,હા,હા,Pending
Prashant Maheta Atvt,9428996273,મહુવા / અમદાવાદ,સપરિવાર,હા,હા,હા,હા,હા,Pending
Pratap Bhai Nasit,9426456736,મહુવા / અમદાવાદ,સપરિવાર,હા,હા,હા,હા,હા,Pending
Pravinbhai A. Joshi,6355760153,મહુવા / અમદાવાદ,સપરિવાર,હા,હા,હા,હા,હા,Pending
Jaysukh Budhania Ram Krusna Princi,9104516914,મહુવા / અમદાવાદ,સપરિવાર,હા,હા,હા,હા,હા,Pending
Pritesh Patel Patel,6353653344,મહુવા / અમદાવાદ,સપરિવાર,હા,હા,હા,હા,હા,Pending
Pritesh Patel Com,9054507272,મહુવા / અમદાવાદ,સપરિવાર,હા,હા,હા,હા,હા,Pending
Pulin Vyas,8140363983,મહુવા / અમદાવાદ,સપરિવાર,હા,હા,હા,હા,હા,Pending
Pushpendra Nokar,7723055631,મહુવા / અમદાવાદ,સપરિવાર,હા,હા,હા,હા,હા,Pending
Qwantam Pepar,6353532008,મહુવા / અમદાવાદ,સપરિવાર,હા,હા,હા,હા,હા,Pending
R H Upadhyay Sir,9428221902,મહુવા / અમદાવાદ,સપરિવાર,હા,હા,હા,હા,હા,Pending
R K College Rjt,9429158526,રાજકોટ,સપરિવાર,હા,હા,હા,હા,હા,Pending
R L Kaneriya Sir,9313663263,મહુવા / અમદાવાદ,સપરિવાર,હા,હા,હા,હા,હા,Pending
R L Kaneriya Sir,9924248586,મહુવા / અમદાવાદ,સપરિવાર,હા,હા,હા,હા,હા,Pending
R N Jha saheb,9375222823,મહુવા / અમદાવાદ,સપરિવાર,હા,હા,હા,હા,હા,Pending
Raghav Bhai Hari Ply,9723752150,મહુવા / અમદાવાદ,સપરિવાર,હા,હા,હા,હા,હા,Pending
Rajni Koldiya Dubai,9057556599,દુબઈ (UAE),સપરિવાર,હા,હા,હા,હા,હા,Pending
Rajni Koldiya Dubai,9537900951,દુબઈ (UAE),સપરિવાર,હા,હા,હા,હા,હા,Pending
Rajni Koldiya Dubai,9428490778,દુબઈ (UAE),સપરિવાર,હા,હા,હા,હા,હા,Pending
Raju Bhai  Radhesyam,8200322791,મહુવા / અમદાવાદ,સપરિવાર,હા,હા,હા,હા,હા,Pending
Gita Mami Rajula,7984601101,મહુવા / અમદાવાદ,સપરિવાર,હા,હા,હા,હા,હા,Pending
Ram Swami Una Mandir,9426426099,મહુવા / અમદાવાદ,સપરિવાર,હા,હા,હા,હા,હા,Pending
Ramesh Rupavati,7016545182,મહુવા / અમદાવાદ,સપરિવાર,હા,હા,હા,હા,હા,Pending
Ramji Bhai Astet Brokar,9904496366,મહુવા / અમદાવાદ,સપરિવાર,હા,હા,હા,હા,હા,Pending
Ranjit Bhai Nokar,9265040468,મહુવા / અમદાવાદ,સપરિવાર,હા,હા,હા,હા,હા,Pending
Ravi Jaysukh Surat,8469423692,સુરત,સપરિવાર,હા,હા,હા,હા,હા,Pending
Ravi Jaysukh Surat,9924677004,સુરત,સપરિવાર,હા,હા,હા,હા,હા,Pending
Ravi Mehta Solar Penal,9427908027,મહુવા / અમદાવાદ,સપરિવાર,હા,હા,હા,હા,હા,Pending
Ravji Bhai Pagi,6355159493,મહુવા / અમદાવાદ,સપરિવાર,હા,હા,હા,હા,હા,Pending
HUSENI Revdi Vala,8460800572,મહુવા / અમદાવાદ,સપરિવાર,હા,હા,હા,હા,હા,Pending
S10 Jani Mahesh Madhu Bhai,7990390005,મહુવા / અમદાવાદ,સપરિવાર,હા,હા,હા,હા,હા,Pending
S10 Jani Mahesh Madhu Bhai,9429165304,મહુવા / અમદાવાદ,સપરિવાર,હા,હા,હા,હા,હા,Pending
Dysp Jadeja Sir Mhv Sadhu,7990476500,મહુવા / અમદાવાદ,સપરિવાર,હા,હા,હા,હા,હા,Pending
Dysp Jadeja Sir Mhv Sadhu,9925018555,મહુવા / અમદાવાદ,સપરિવાર,હા,હા,હા,હા,હા,Pending
Safai,8758020065,મહુવા / અમદાવાદ,સપરિવાર,હા,હા,હા,હા,હા,Pending
Sahdevsih Bhv Trafic Police,8780954949,ભાવનગર,સપરિવાર,હા,હા,હા,હા,હા,Pending
Rathod Sanjay bhai Saheb,9428811335,મહુવા / અમદાવાદ,સપરિવાર,હા,હા,હા,હા,હા,Pending
Sameer Bhai Pop,7666960133,મહુવા / અમદાવાદ,સપરિવાર,હા,હા,હા,હા,હા,Pending
Sanjay Topi,9265888060,મહુવા / અમદાવાદ,સપરિવાર,હા,હા,હા,હા,હા,Pending
Sanjay Topi,9824870071,મહુવા / અમદાવાદ,સપરિવાર,હા,હા,હા,હા,હા,Pending
Santosh Bob,8320662818,મહુવા / અમદાવાદ,સપરિવાર,હા,હા,હા,હા,હા,Pending
Santosh Bob,9624871603,મહુવા / અમદાવાદ,સપરિવાર,હા,હા,હા,હા,હા,Pending
Satish Bhai Jamin,8160353347,મહુવા / અમદાવાદ,સપરિવાર,હા,હા,હા,હા,હા,Pending
Saund Repering,8980989420,મહુવા / અમદાવાદ,સપરિવાર,હા,હા,હા,હા,હા,Pending
Sch Bhadrod K V Haresh Katriya,8141082283,મહુવા / અમદાવાદ,સપરિવાર,હા,હા,હા,હા,હા,Pending
Sci Harshad Hadiya Khutvada,9099389609,મહુવા / અમદાવાદ,સપરિવાર,હા,હા,હા,હા,હા,Pending
Dhaval  Bhatt Rajkot Sch Sanchalak Vanda,9429099094,રાજકોટ,સપરિવાર,હા,હા,હા,હા,હા,Pending
Gadhvi Gram Sevak,9824635777,મહુવા / અમદાવાદ,સપરિવાર,હા,હા,હા,હા,હા,Pending
Amu Bhai Grant Shakha Bhv,9106720641,ભાવનગર,સપરિવાર,હા,હા,હા,હા,હા,Pending
Amu Bhai Grant Shakha Bhv,9638456472,ભાવનગર,સપરિવાર,હા,હા,હા,હા,હા,Pending
Shivabhai Dabhi,9106025155,મહુવા / અમદાવાદ,સપરિવાર,હા,હા,હા,હા,હા,Pending
Shobhana Ben Bhrahmakumari,8780320022,મહુવા / અમદાવાદ,સપરિવાર,હા,હા,હા,હા,હા,Pending
Shubham,9824431972,મહુવા / અમદાવાદ,સપરિવાર,હા,હા,હા,હા,હા,Pending
Shyam Astet Ramji Bhai,9429412505,મહુવા / અમદાવાદ,સપરિવાર,હા,હા,હા,હા,હા,Pending
Pro Bhuva Sir,8200919811,મહુવા / અમદાવાદ,સપરિવાર,હા,હા,હા,હા,હા,Pending
K D Pandya Naksha Manjur,6359213315,મહુવા / અમદાવાદ,સપરિવાર,હા,હા,હા,હા,હા,Pending
Ajitsinh Sodha,6355446751,મહુવા / અમદાવાદ,સપરિવાર,હા,હા,હા,હા,હા,Pending
Gopal Sojitra,8347852535,મહુવા / અમદાવાદ,સપરિવાર,હા,હા,હા,હા,હા,Pending
Fire Safety Paresh Solanki Bhv,9428640188,ભાવનગર,સપરિવાર,હા,હા,હા,હા,હા,Pending
Sports Devendra Sinh Vala sos,8530082030,મહુવા / અમદાવાદ,સપરિવાર,હા,હા,હા,હા,હા,Pending
Daxa Ben  M Katariya Sujlam,8160696433,મહુવા / અમદાવાદ,સપરિવાર,હા,હા,હા,હા,હા,Pending
Sultan Frut,6351733743,મહુવા / અમદાવાદ,સપરિવાર,હા,હા,હા,હા,હા,Pending
Samaj Kalyan Viksati Jati Sunil Sarvaiya Bhv,8866151411,ભાવનગર,સપરિવાર,હા,હા,હા,હા,હા,Pending
Hitesh Padshala surat,8511428488,સુરત,સપરિવાર,હા,હા,હા,હા,હા,Pending
Hitesh Padshala surat,9979572031,સુરત,સપરિવાર,હા,હા,હા,હા,હા,Pending
Suresh bhai Zanzamer.,9662404404,મહુવા / અમદાવાદ,સપરિવાર,હા,હા,હા,હા,હા,Pending
Suresh Labhu  Gajera,9375024724,મહુવા / અમદાવાદ,સપરિવાર,હા,હા,હા,હા,હા,Pending
Purnswarupdas Swami Tramba,8238233336,મહુવા / અમદાવાદ,સપરિવાર,હા,હા,હા,હા,હા,Pending
Dhiru Bhai Tadha,9426450971,મહુવા / અમદાવાદ,સપરિવાર,હા,હા,હા,હા,હા,Pending
Tadha Lalaji Bhai Surat,8490824711,સુરત,સપરિવાર,હા,હા,હા,હા,હા,Pending
Talgarda Shik Kanak Sih,9276767777,મહુવા / અમદાવાદ,સપરિવાર,હા,હા,હા,હા,હા,Pending
Tapan Papa,9428646250,મહુવા / અમદાવાદ,સપરિવાર,હા,હા,હા,હા,હા,Pending
Tapan Papa,9925246250,મહુવા / અમદાવાદ,સપરિવાર,હા,હા,હા,હા,હા,Pending
Hariyani Aarti Teacher,9724900085,મહુવા / અમદાવાદ,સપરિવાર,હા,હા,હા,હા,હા,Pending
KATARIYA NILAM Eng,9376552821,મહુવા / અમદાવાદ,સપરિવાર,હા,હા,હા,હા,હા,Pending
KATARIYA NILAM Eng,9924048002,મહુવા / અમદાવાદ,સપરિવાર,હા,હા,હા,હા,હા,Pending
Neha Ben Busa Teacher,6352931303,મહુવા / અમદાવાદ,સપરિવાર,હા,હા,હા,હા,હા,Pending
Raju Joliya Teacher,8160023808,મહુવા / અમદાવાદ,સપરિવાર,હા,હા,હા,હા,હા,Pending
Plot 19 Laxmi Trivedi Dhaval Bhutpurva,9408787493,મહુવા / અમદાવાદ,સપરિવાર,હા,હા,હા,હા,હા,Pending
Sharad Bhai Trivedi Hotel Shubham,8780697040,મહુવા / અમદાવાદ,સપરિવાર,હા,હા,હા,હા,હા,Pending
Mothiya Uday,6355930973,મહુવા / અમદાવાદ,સપરિવાર,હા,હા,હા,હા,હા,Pending
Bharat Desai Uk,447769537756,UK,સપરિવાર,હા,હા,હા,હા,હા,Pending
B P Swami Una,9426982235,મહુવા / અમદાવાદ,સપરિવાર,હા,હા,હા,હા,હા,Pending
B P Swami Una,7016322284,મહુવા / અમદાવાદ,સપરિવાર,હા,હા,હા,હા,હા,Pending
Prem Swami Varun Jiyani Vadtal,6353588566,મહુવા / અમદાવાદ,સપરિવાર,હા,હા,હા,હા,હા,Pending
Haresh Bavadiya Taveda,8401554909,મહુવા / અમદાવાદ,સપરિવાર,હા,હા,હા,હા,હા,Pending
Hemraj Vala Vala,9408015291,મહુવા / અમદાવાદ,સપરિવાર,હા,હા,હા,હા,હા,Pending
Krunal Rathod Yojana,7016709798,મહુવા / અમદાવાદ,સપરિવાર,હા,હા,હા,હા,હા,Pending
Gaurang. P. Desai JP 1,9265096905,મહુવા / અમદાવાદ,૧ વ્યક્તિ,હા,હા,હા,હા,હા,Pending
Gaurang. P. Desai JP 1,9428992902,મહુવા / અમદાવાદ,૧ વ્યક્તિ,હા,હા,હા,હા,હા,Pending
101 Parekh Kirit Bhai,9022868471,મહુવા / અમદાવાદ,સપરિવાર,હા,હા,હા,હા,હા,Pending
H. k Valia Msb 13,7984350274,મહુવા / અમદાવાદ,સપરિવાર,હા,હા,હા,હા,હા,Pending
H. k Valia Msb 13,9426940398,મહુવા / અમદાવાદ,સપરિવાર,હા,હા,હા,હા,હા,Pending
Dr Goyani  Navagam,9824515100,મહુવા / અમદાવાદ,સપરિવાર,હા,હા,હા,હા,હા,Pending
0,8530577953,મહુવા / અમદાવાદ,સપરિવાર,હા,હા,હા,હા,હા,Pending
0,8000453239,મહુવા / અમદાવાદ,સપરિવાર,હા,હા,હા,હા,હા,Pending
A C Riperar Haresh Thanth,7359617615,મહુવા / અમદાવાદ,સપરિવાર,હા,હા,હા,હા,હા,Pending
Balkrishna Aashar,9664591778,મહુવા / અમદાવાદ,સપરિવાર,હા,હા,હા,હા,હા,Pending
Balkrishna Aashar,9879912292,મહુવા / અમદાવાદ,સપરિવાર,હા,હા,હા,હા,હા,Pending
Idea Office,9723398786,મહુવા / અમદાવાદ,સપરિવાર,હા,હા,હા,હા,હા,Pending
Dharmendra Mistry Wall Pepar,9824899033,મહુવા / અમદાવાદ,સપરિવાર,હા,હા,હા,હા,હા,Pending
Mit Nakrani,8866776257,મહુવા / અમદાવાદ,સપરિવાર,હા,હા,હા,હા,હા,Pending
Mitali Teacher,7046969675,મહુવા / અમદાવાદ,સપરિવાર,હા,હા,હા,હા,હા,Pending
Mohan Bhai B J P,9429585123,મહુવા / અમદાવાદ,સપરિવાર,હા,હા,હા,હા,હા,Pending
Senso Tea Bhav Mohit,7203040118,ભાવનગર,સપરિવાર,હા,હા,હા,હા,હા,Pending
Msc Daxak Vala,9712716164,મહુવા / અમદાવાદ,સપરિવાર,હા,હા,હા,હા,હા,Pending
Msc Math Yogesh Joshi,9925225580,મહુવા / અમદાવાદ,સપરિવાર,હા,હા,હા,હા,હા,Pending
Msc Phy Hitesh Kalsariya,8469612812,મહુવા / અમદાવાદ,સપરિવાર,હા,હા,હા,હા,હા,Pending
Msc Phy Vastal Trivedi,9016058703,મહુવા / અમદાવાદ,સપરિવાર,હા,હા,હા,હા,હા,Pending
Msc Urvashi Ben Bhatt,9879269595,મહુવા / અમદાવાદ,સપરિવાર,હા,હા,હા,હા,હા,Pending
Mukesh bhai chennai,8778096344,મહુવા / અમદાવાદ,સપરિવાર,હા,હા,હા,હા,હા,Pending
Mukesh bhai chennai,9840022580,મહુવા / અમદાવાદ,સપરિવાર,હા,હા,હા,હા,હા,Pending
Mukesh bhai chennai,9537744502,મહુવા / અમદાવાદ,સપરિવાર,હા,હા,હા,હા,હા,Pending
Mukesh Bhai Mira Garage,9714189802,મહુવા / અમદાવાદ,સપરિવાર,હા,હા,હા,હા,હા,Pending
Mukesh Bhai T P O Office,9714822620,મહુવા / અમદાવાદ,સપરિવાર,હા,હા,હા,હા,હા,Pending
Mukesh Jani Shivam Sadi,9574143043,મહુવા / અમદાવાદ,સપરિવાર,હા,હા,હા,હા,હા,Pending
Mukesh Shreevatav,9879908478,મહુવા / અમદાવાદ,સપરિવાર,હા,હા,હા,હા,હા,Pending
Aman Prakash Bhai Mum,9820670362,મુંબઈ,સપરિવાર,હા,હા,હા,હા,હા,Pending
Chaitanya Swami Mum,9869366311,મુંબઈ,સપરિવાર,હા,હા,હા,હા,હા,Pending
Ghanshyam Swami Mum,7977880033,મુંબઈ,સપરિવાર,હા,હા,હા,હા,હા,Pending
Ghanshyam Swami Mum,9869524077,મુંબઈ,સપરિવાર,હા,હા,હા,હા,હા,Pending
Chirag Bhai Mumbai,9320016103,મુંબઈ,સપરિવાર,હા,હા,હા,હા,હા,Pending
jagdish parekh Mumbai,9819049607,મુંબઈ,સપરિવાર,હા,હા,હા,હા,હા,Pending
Electri mustufa,9824927468,મહુવા / અમદાવાદ,સપરિવાર,હા,હા,હા,હા,હા,Pending
Draivar Sih nadim,9879002400,મહુવા / અમદાવાદ,સપરિવાર,હા,હા,હા,હા,હા,Pending
Draivar Sih nadim,9924295922,મહુવા / અમદાવાદ,સપરિવાર,હા,હા,હા,હા,હા,Pending
Naesh Bhai Sai,9428859972,મહુવા / અમદાવાદ,સપરિવાર,હા,હા,હા,હા,હા,Pending
Nagji Bhai X Re Ahir Sir,9979050378,મહુવા / અમદાવાદ,સપરિવાર,હા,હા,હા,હા,હા,Pending
Gaurav Bahi Naimisharnya,9898587777,મહુવા / અમદાવાદ,સપરિવાર,હા,હા,હા,હા,હા,Pending
Nakum Dhuvya Ramesh Arban,9979707061,મહુવા / અમદાવાદ,સપરિવાર,હા,હા,હા,હા,હા,Pending
Naman Zerox,9924939394,મહુવા / અમદાવાદ,સપરિવાર,હા,હા,હા,હા,હા,Pending
Namrata Vijay Bhai Surat,9825208934,સુરત,સપરિવાર,હા,હા,હા,હા,હા,Pending
Nand Lal Taveda,9924267064,મહુવા / અમદાવાદ,સપરિવાર,હા,હા,હા,હા,હા,Pending
Nanji Bhai Gohil Nagar Palika,9925530643,મહુવા / અમદાવાદ,સપરિવાર,હા,હા,હા,હા,હા,Pending
Narendra Kumbhani,9725954401,મહુવા / અમદાવાદ,સપરિવાર,હા,હા,હા,હા,હા,Pending
Narendrasih Brij Papa,9979352100,મહુવા / અમદાવાદ,સપરિવાર,હા,હા,હા,હા,હા,Pending
Naresh Bhavik Bhv,9925095424,ભાવનગર,સપરિવાર,હા,હા,હા,હા,હા,Pending
Naresh Mistry Bhavesh,9824992321,મહુવા / અમદાવાદ,સપરિવાર,હા,હા,હા,હા,હા,Pending
Nathu Bhai Bhammar,9727709750,મહુવા / અમદાવાદ,સપરિવાર,હા,હા,હા,હા,હા,Pending
Jignesh Shah Navneet,9879131564,મહુવા / અમદાવાદ,સપરિવાર,હા,હા,હા,હા,હા,Pending
Neet Peper Solution Rjt,9510690009,રાજકોટ,સપરિવાર,હા,હા,હા,હા,હા,Pending
Bsc Math Hitesh Bhai Nesvad,7228870731,મહુવા / અમદાવાદ,સપરિવાર,હા,હા,હા,હા,હા,Pending
Bsc Math Hitesh Bhai Nesvad,7621853614,મહુવા / અમદાવાદ,સપરિવાર,હા,હા,હા,હા,હા,Pending
Bsc Math Hitesh Bhai Nesvad,9106806356,મહુવા / અમદાવાદ,સપરિવાર,હા,હા,હા,હા,હા,Pending
New Mehta Transport,9904298215,મહુવા / અમદાવાદ,સપરિવાર,હા,હા,હા,હા,હા,Pending
New Mehta Transport,7383513137,મહુવા / અમદાવાદ,સપરિવાર,હા,હા,હા,હા,હા,Pending
Sandesh Raju bhai News,7016965638,મહુવા / અમદાવાદ,સપરિવાર,હા,હા,હા,હા,હા,Pending
Nidhi Bhavin Solanki,8141964972,મહુવા / અમદાવાદ,સપરિવાર,હા,હા,હા,હા,હા,Pending
Nidhi Bhavin Solanki,8866016037,મહુવા / અમદાવાદ,સપરિવાર,હા,હા,હા,હા,હા,Pending
Nilam Les Jaydip,7228076109,મહુવા / અમદાવાદ,સપરિવાર,હા,હા,હા,હા,હા,Pending
Nilesh Agravat,9913921150,મહુવા / અમદાવાદ,સપરિવાર,હા,હા,હા,હા,હા,Pending
Nilesh Bhai Kalsariya,9687442434,મહુવા / અમદાવાદ,સપરિવાર,હા,હા,હા,હા,હા,Pending
Nilesh Makvana Math,9825538589,મહુવા / અમદાવાદ,સપરિવાર,હા,હા,હા,હા,હા,Pending
Nilesh Shital Honda,9426822880,મહુવા / અમદાવાદ,સપરિવાર,હા,હા,હા,હા,હા,Pending
Niraj Bhatt RTE,9429000018,મહુવા / અમદાવાદ,સપરિવાર,હા,હા,હા,હા,હા,Pending
Niraj Bhatt RTE,9727302727,મહુવા / અમદાવાદ,સપરિવાર,હા,હા,હા,હા,હા,Pending
Niraj Nokar,9368672020,મહુવા / અમદાવાદ,સપરિવાર,હા,હા,હા,હા,હા,Pending
Nirav Bhatt Rku,8758478074,મહુવા / અમદાવાદ,સપરિવાર,હા,હા,હા,હા,હા,Pending
Nisha Gujriya Teacher,9737177651,મહુવા / અમદાવાદ,સપરિવાર,હા,હા,હા,હા,હા,Pending
Nitin Daraivar,9904665010,મહુવા / અમદાવાદ,સપરિવાર,હા,હા,હા,હા,હા,Pending
Ashish R T O,2844224366,મહુવા / અમદાવાદ,સપરિવાર,હા,હા,હા,હા,હા,Pending
Ashish R T O,9429353999,મહુવા / અમદાવાદ,સપરિવાર,હા,હા,હા,હા,હા,Pending
Dy s p Office,2844222101,મહુવા / અમદાવાદ,સપરિવાર,હા,હા,હા,હા,હા,Pending
Dy s p Office,9825555506,મહુવા / અમદાવાદ,સપરિવાર,હા,હા,હા,હા,હા,Pending
Ok Chachma,9998800601,મહુવા / અમદાવાદ,સપરિવાર,હા,હા,હા,હા,હા,Pending
Om Infosis,9725197664,મહુવા / અમદાવાદ,સપરિવાર,હા,હા,હા,હા,હા,Pending
Dr.Vijay Jalondhara Ortho,9823580839,મહુવા / અમદાવાદ,સપરિવાર,હા,હા,હા,હા,હા,Pending
Dr.Vijay Jalondhara Ortho,2844222021,મહુવા / અમદાવાદ,સપરિવાર,હા,હા,હા,હા,હા,Pending
P C Thaksr Sir,9426422481,મહુવા / અમદાવાદ,સપરિવાર,હા,હા,હા,હા,હા,Pending
Dhiru Bhai J P,9427279988,મહુવા / અમદાવાદ,સપરિવાર,હા,હા,હા,હા,હા,Pending
P M Shah Hardwer,9825243138,મહુવા / અમદાવાદ,સપરિવાર,હા,હા,હા,હા,હા,Pending
Q 4 Dr M R Trivedi U M  Shala Bhadrod P R Vagh,9429588959,મહુવા / અમદાવાદ,સપરિવાર,હા,હા,હા,હા,હા,Pending
V T Dodiya J P Sch,9429165343,મહુવા / અમદાવાદ,સપરિવાર,હા,હા,હા,હા,હા,Pending
Kirit Padasala,9824188342,મહુવા / અમદાવાદ,સપરિવાર,હા,હા,હા,હા,હા,Pending
Dipesh Padsala,9824488244,મહુવા / અમદાવાદ,સપરિવાર,હા,હા,હા,હા,હા,Pending
Jagdish Bhai Padsala,8000404612,મહુવા / અમદાવાદ,સપરિવાર,હા,હા,હા,હા,હા,Pending
Manu Bhai Jajda,9909471216,મહુવા / અમદાવાદ,સપરિવાર,હા,હા,હા,હા,હા,Pending
Vipul Panchar,9824551120,મહુવા / અમદાવાદ,સપરિવાર,હા,હા,હા,હા,હા,Pending
Bariaya Takula Panchayat,9879583163,મહુવા / અમદાવાદ,સપરિવાર,હા,હા,હા,હા,હા,Pending
Pandya Anjali Ben Teacher,9408337573,મહુવા / અમદાવાદ,સપરિવાર,હા,હા,હા,હા,હા,Pending
Bau Parekh Kalsar V K Pandya,9723737504,મહુવા / અમદાવાદ,સપરિવાર,હા,હા,હા,હા,હા,Pending
pandya Nishad,9824970956,મહુવા / અમદાવાદ,સપરિવાર,હા,હા,હા,હા,હા,Pending
Pani Mate Barvala Manish,9898144991,મહુવા / અમદાવાદ,સપરિવાર,હા,હા,હા,હા,હા,Pending
pankaj Bhagat Bagsara,9099997260,મહુવા / અમદાવાદ,સપરિવાર,હા,હા,હા,હા,હા,Pending
Papad Vala Ben,6355101680,મહુવા / અમદાવાદ,સપરિવાર,હા,હા,હા,હા,હા,Pending
Pappu luhar,7016587750,મહુવા / અમદાવાદ,સપરિવાર,હા,હા,હા,હા,હા,Pending
Pappu/ Nasir Brokar,9879573061,મહુવા / અમદાવાદ,સપરિવાર,હા,હા,હા,હા,હા,Pending
Krunal Bhai Parale,9924068103,મહુવા / અમદાવાદ,સપરિવાર,હા,હા,હા,હા,હા,Pending
Param Hospital Mhv,2844224777,મહુવા / અમદાવાદ,સપરિવાર,હા,હા,હા,હા,હા,Pending
Parda Fiting Mistri,9924354538,મહુવા / અમદાવાદ,સપરિવાર,હા,હા,હા,હા,હા,Pending
Parda Map Vala,9913067265,મહુવા / અમદાવાદ,સપરિવાર,હા,હા,હા,હા,હા,Pending
Sanjay Amadavad Parda,9726105453,મહુવા / અમદાવાદ,સપરિવાર,હા,હા,હા,હા,હા,Pending
Bharat Travels Pardi,9638119019,મહુવા / અમદાવાદ,સપરિવાર,હા,હા,હા,હા,હા,Pending
Paresh Bhai Ishwaranand,9879133535,મહુવા / અમદાવાદ,સપરિવાર,હા,હા,હા,હા,હા,Pending
Parth Jethva,8140075353,મહુવા / અમદાવાદ,સપરિવાર,હા,હા,હા,હા,હા,Pending
Bachu bhai Patel,9824882825,મહુવા / અમદાવાદ,સપરિવાર,હા,હા,હા,હા,હા,Pending
Dr Jayesh Bhai Patel,9879031430,મહુવા / અમદાવાદ,સપરિવાર,હા,હા,હા,હા,હા,Pending
Patel Motor Garage Botad,9714972323,બોટાદ,સપરિવાર,હા,હા,હા,હા,હા,Pending
Pintu Patta Vala,9316787387,મહુવા / અમદાવાદ,સપરિવાર,હા,હા,હા,હા,હા,Pending
Payal Chuhan Tea,9428980999,મહુવા / અમદાવાદ,સપરિવાર,હા,હા,હા,હા,હા,Pending
Peper Kadhva Mate,8866627697,મહુવા / અમદાવાદ,સપરિવાર,હા,હા,હા,હા,હા,Pending
Chirag Joshi Phy,9998225484,મહુવા / અમદાવાદ,સપરિવાર,હા,હા,હા,હા,હા,Pending
V A Desai PI Sir,9879725808,મહુવા / અમદાવાદ,સપરિવાર,હા,હા,હા,હા,હા,Pending
Pintu Bhai Sitaram Ele,9722751416,મહુવા / અમદાવાદ,સપરિવાર,હા,હા,હા,હા,હા,Pending
Bharat Pipala,9825055783,મહુવા / અમદાવાદ,સપરિવાર,હા,હા,હા,હા,હા,Pending
HUSENI PIPARMENT Revdi,9825337860,મહુવા / અમદાવાદ,સપરિવાર,હા,હા,હા,હા,હા,Pending
Bhola bhai pipavav,9904830622,મહુવા / અમદાવાદ,સપરિવાર,હા,હા,હા,હા,હા,Pending
Pipe 10 Raju Madha Valiya,9712074928,મહુવા / અમદાવાદ,સપરિવાર,હા,હા,હા,હા,હા,Pending
Pipe 12 Himat Bhim Bhai Valiya,9979779417,મહુવા / અમદાવાદ,સપરિવાર,હા,હા,હા,હા,હા,Pending
Pipe 14 Parsotam Bhai Kapdiya,9662404088,મહુવા / અમદાવાદ,સપરિવાર,હા,હા,હા,હા,હા,Pending
Pipe 14 Parsotam Bhai Kapdiya,9998215708,મહુવા / અમદાવાદ,સપરિવાર,હા,હા,હા,હા,હા,Pending
Pipe 3 Natu Bhai Madha Bhai,9824878101,મહુવા / અમદાવાદ,સપરિવાર,હા,હા,હા,હા,હા,Pending
Pipe 4 Pancha Bhai Karshan Bhai Seta,6355998692,મહુવા / અમદાવાદ,સપરિવાર,હા,હા,હા,હા,હા,Pending
Pipe 5 Ashok Bhai Shyam Bhai Valiya,9898166122,મહુવા / અમદાવાદ,સપરિવાર,હા,હા,હા,હા,હા,Pending
Pipe 7 Shailesh Bhai Madha Bhai,9726887119,મહુવા / અમદાવાદ,સપરિવાર,હા,હા,હા,હા,હા,Pending
Pipe 9 Kana Bhai Kordiya,9825355798,મહુવા / અમદાવાદ,સપરિવાર,હા,હા,હા,હા,હા,Pending
Hasmukh Suhagiya Pithavdi,9824184004,મહુવા / અમદાવાદ,સપરિવાર,હા,હા,હા,હા,હા,Pending
Poicha Mrutyunjay Ashram,9727128738,મહુવા / અમદાવાદ,સપરિવાર,હા,હા,હા,હા,હા,Pending
Posco Mukesh Dhapa Vakil,9723155008,મહુવા / અમદાવાદ,સપરિવાર,હા,હા,હા,હા,હા,Pending
Pradip Bhai Patel,9978224550,મહુવા / અમદાવાદ,સપરિવાર,હા,હા,હા,હા,હા,Pending
Prahlad Bhagat Tarvda,6359919876,મહુવા / અમદાવાદ,સપરિવાર,હા,હા,હા,હા,હા,Pending
Prahlad Jani Jadra,9737809086,મહુવા / અમદાવાદ,સપરિવાર,હા,હા,હા,હા,હા,Pending
Prakash Bhai Ranpur,9427030749,મહુવા / અમદાવાદ,સપરિવાર,હા,હા,હા,હા,હા,Pending
Prakash Saund (Chandu Bhai),9825336532,મહુવા / અમદાવાદ,સપરિવાર,હા,હા,હા,હા,હા,Pending
Dhiru Bhai Pramukh,9879030702,મહુવા / અમદાવાદ,સપરિવાર,હા,હા,હા,હા,હા,Pending
Keri Mate Kundal Dhasiya Pratap,9099379051,મહુવા / અમદાવાદ,સપરિવાર,હા,હા,હા,હા,હા,Pending
Pratiksha Gohil Axish Benk,7574049937,મહુવા / અમદાવાદ,સપરિવાર,હા,હા,હા,હા,હા,Pending
Beanch Patiya Mate Bhav Pravin Bhai,9879755252,ભાવનગર,સપરિવાર,હા,હા,હા,હા,હા,Pending
Pravin Bhai Kathiria,9998596800,મહુવા / અમદાવાદ,સપરિવાર,હા,હા,હા,હા,હા,Pending
Pravin Hirpara  Swetar,9924256097,મહુવા / અમદાવાદ,સપરિવાર,હા,હા,હા,હા,હા,Pending
Prayosha food,8690999053,મહુવા / અમદાવાદ,સપરિવાર,હા,હા,હા,હા,હા,Pending
Priyadarshan Swami,9974232222,મહુવા / અમદાવાદ,સપરિવાર,હા,હા,હા,હા,હા,Pending
Priyank Bharad Tramba,9099096426,મહુવા / અમદાવાદ,સપરિવાર,હા,હા,હા,હા,હા,Pending
Profestional Cauriar,2844223604,મહુવા / અમદાવાદ,સપરિવાર,હા,હા,હા,હા,હા,Pending
Profestional Cauriar,9726306155,મહુવા / અમદાવાદ,સપરિવાર,હા,હા,હા,હા,હા,Pending
Pu Jagdish Swamiji Dabhan,8980526777,મહુવા / અમદાવાદ,સપરિવાર,હા,હા,હા,હા,હા,Pending
Puja Chauhan Teacher,9979050274,મહુવા / અમદાવાદ,સપરિવાર,હા,હા,હા,હા,હા,Pending
Pushpa Safai Vala Kodinar,6353695974,મહુવા / અમદાવાદ,સપરિવાર,હા,હા,હા,હા,હા,Pending
Ketan Putli Masi,9979461446,મહુવા / અમદાવાદ,સપરિવાર,હા,હા,હા,હા,હા,Pending
Ketan Putli Masi,7863053014,મહુવા / અમદાવાદ,સપરિવાર,હા,હા,હા,હા,હા,Pending
Q 4 Chetna Ben Vidyavihar,9924883058,મહુવા / અમદાવાદ,સપરિવાર,હા,હા,હા,હા,હા,Pending
Mukesh Bhai Ram Krushna,7878267060,મહુવા / અમદાવાદ,સપરિવાર,હા,હા,હા,હા,હા,Pending
Q 4 Nesvad Guru Mehul Bhaliya,9173577292,મહુવા / અમદાવાદ,સપરિવાર,હા,હા,હા,હા,હા,Pending
R C Bhai Ex MLA,6351008900,મહુવા / અમદાવાદ,સપરિવાર,હા,હા,હા,હા,હા,Pending
R C Bhai Ex MLA,9426245745,મહુવા / અમદાવાદ,સપરિવાર,હા,હા,હા,હા,હા,Pending
R K Leb Ct Scen,9824435491,મહુવા / અમદાવાદ,સપરિવાર,હા,હા,હા,હા,હા,Pending
RKU Mahesh Parsaniya Sir,9825599085,મહુવા / અમદાવાદ,સપરિવાર,હા,હા,હા,હા,હા,Pending
RKU Mahesh Parsaniya Sir,9426949949,મહુવા / અમદાવાદ,સપરિવાર,હા,હા,હા,હા,હા,Pending
Dr Tejas Radadiya,8200146149,મહુવા / અમદાવાદ,સપરિવાર,હા,હા,હા,હા,હા,Pending
Dr Tejas Radadiya,9429587654,મહુવા / અમદાવાદ,સપરિવાર,હા,હા,હા,હા,હા,Pending
Dr Tejas Radadiya,7071821821,મહુવા / અમદાવાદ,સપરિવાર,હા,હા,હા,હા,હા,Pending
Atul Motor Raj,2812462779,મહુવા / અમદાવાદ,સપરિવાર,હા,હા,હા,હા,હા,Pending
Raj Bhai Dancer,9737373343,મહુવા / અમદાવાદ,સપરિવાર,હા,હા,હા,હા,હા,Pending
Raj Bhai Dancer,8530323032,મહુવા / અમદાવાદ,સપરિવાર,હા,હા,હા,હા,હા,Pending
Raj Home Soheb Ajmeri,9998765500,મહુવા / અમદાવાદ,સપરિવાર,હા,હા,હા,હા,હા,Pending
Hitesh Rasoya Rajasthani,9460442028,મહુવા / અમદાવાદ,સપરિવાર,હા,હા,હા,હા,હા,Pending
Cha Senso Machin Rajkot,2812702626,રાજકોટ,સપરિવાર,હા,હા,હા,હા,હા,Pending
Cha Senso Machin Rajkot,2812702627,રાજકોટ,સપરિવાર,હા,હા,હા,હા,હા,Pending
Cha Senso Machin Rajkot,8141018100,રાજકોટ,સપરિવાર,હા,હા,હા,હા,હા,Pending
Rajni Koldiya Bhanvad,9998337017,મહુવા / અમદાવાદ,સપરિવાર,હા,હા,હા,હા,હા,Pending
Raju Bhai Chuhan Vakil,7600449699,મહુવા / અમદાવાદ,સપરિવાર,હા,હા,હા,હા,હા,Pending
Raju Bhai Khari Shing,8140205212,મહુવા / અમદાવાદ,સપરિવાર,હા,હા,હા,હા,હા,Pending
Raju citi talati,9725104747,મહુવા / અમદાવાદ,સપરિવાર,હા,હા,હા,હા,હા,Pending
Raju Kaka Rathod(Gaurang),8849774848,મહુવા / અમદાવાદ,સપરિવાર,હા,હા,હા,હા,હા,Pending
Raju Sakhat Bhadrod,9924367800,મહુવા / અમદાવાદ,સપરિવાર,હા,હા,હા,હા,હા,Pending
Raju Shamji (der)Surat,9624658292,સુરત,સપરિવાર,હા,હા,હા,હા,હા,Pending
Vithal Bhai Rajula,9725329621,મહુવા / અમદાવાદ,સપરિવાર,હા,હા,હા,હા,હા,Pending
Rakesh Bhai Master,9898173657,મહુવા / અમદાવાદ,સપરિવાર,હા,હા,હા,હા,હા,Pending
Ram Swami SGvp,9825130761,મહુવા / અમદાવાદ,સપરિવાર,હા,હા,હા,હા,હા,Pending
Baraiya Ramesh,9824972262,મહુવા / અમદાવાદ,સપરિવાર,હા,હા,હા,હા,હા,Pending
Ramesh Bhai R K Sci School Rajula,9624665250,મહુવા / અમદાવાદ,સપરિવાર,હા,હા,હા,હા,હા,Pending
Ramesh Joliya Maliya,8000006966,મહુવા / અમદાવાદ,સપરિવાર,હા,હા,હા,હા,હા,Pending
Ramesh Joliya Maliya,6355850315,મહુવા / અમદાવાદ,સપરિવાર,હા,હા,હા,હા,હા,Pending
Ramesh Kapdiya Shital Honda,9824489903,મહુવા / અમદાવાદ,સપરિવાર,હા,હા,હા,હા,હા,Pending
Ramesh Laduor Mota Jadra,9825977421,મહુવા / અમદાવાદ,સપરિવાર,હા,હા,હા,હા,હા,Pending
Ramesh Makvana Pramukh,8849095252,મહુવા / અમદાવાદ,સપરિવાર,હા,હા,હા,હા,હા,Pending
Ramesh Makvana Pramukh,9909470651,મહુવા / અમદાવાદ,સપરિવાર,હા,હા,હા,હા,હા,Pending
Rana Bhai Kapdiya,9824407677,મહુવા / અમદાવાદ,સપરિવાર,હા,હા,હા,હા,હા,Pending
Rasik Bhai Datradi,9824135311,મહુવા / અમદાવાદ,સપરિવાર,હા,હા,હા,હા,હા,Pending
Rasoya Kailash,9672194186,મહુવા / અમદાવાદ,સપરિવાર,હા,હા,હા,હા,હા,Pending
Rasoya Roshan Maraj Raj,9672591986,મહુવા / અમદાવાદ,સપરિવાર,હા,હા,હા,હા,હા,Pending
Ravji Patel Vadviyala,9974930390,મહુવા / અમદાવાદ,સપરિવાર,હા,હા,હા,હા,હા,Pending
Dineshraj Ravliya,9824222403,મહુવા / અમદાવાદ,સપરિવાર,હા,હા,હા,હા,હા,Pending
Relve Police Chetan Kanjaria,8488838535,મહુવા / અમદાવાદ,સપરિવાર,હા,હા,હા,હા,હા,Pending
Rinku Jadav Teacher,7016968565,મહુવા / અમદાવાદ,સપરિવાર,હા,હા,હા,હા,હા,Pending
Rinku Jadav Teacher,9512392505,મહુવા / અમદાવાદ,સપરિવાર,હા,હા,હા,હા,હા,Pending
Rita Ben Mum Mukesh Sister,9320394474,મુંબઈ,સપરિવાર,હા,હા,હા,હા,હા,Pending
Rku Amit Sir,9925011422,મહુવા / અમદાવાદ,સપરિવાર,હા,હા,હા,હા,હા,Pending
Ravi Roadvez Roadvez,2844226896,મહુવા / અમદાવાદ,સપરિવાર,હા,હા,હા,હા,હા,Pending
Ravi Roadvez Roadvez,9904002879,મહુવા / અમદાવાદ,સપરિવાર,હા,હા,હા,હા,હા,Pending
Rohit Bhai Surat,9879346866,સુરત,સપરિવાર,હા,હા,હા,હા,હા,Pending
Rojgar Kacheri Bhv,2782423607,ભાવનગર,સપરિવાર,હા,હા,હા,હા,હા,Pending
Vishal Ruparel rtn,9898026817,મહુવા / અમદાવાદ,સપરિવાર,હા,હા,હા,હા,હા,Pending
Rupal Ben Katriya Teacher,9099944389,મહુવા / અમદાવાદ,સપરિવાર,હા,હા,હા,હા,હા,Pending
Rushi Naresh Mehta Iim Ahd,9537923232,અમદાવાદ,સપરિવાર,હા,હા,હા,હા,હા,Pending
Sukha Bhai Bagdana S V S,9825573989,બગદાણા,સપરિવાર,હા,હા,હા,હા,હા,Pending
S4 Bhaliya Devraj Mathur,9428811340,મહુવા / અમદાવાદ,સપરિવાર,હા,હા,હા,હા,હા,Pending
S12 Tank Kanaiyalal Balu Bhai,9824831974,મહુવા / અમદાવાદ,સપરિવાર,હા,હા,હા,હા,હા,Pending
S12 Tank Kanaiyalal Balu Bhai,9033332611,મહુવા / અમદાવાદ,સપરિવાર,હા,હા,હા,હા,હા,Pending
S13 Parmar Manisha Govind Bhai,8200090030,મહુવા / અમદાવાદ,સપરિવાર,હા,હા,હા,હા,હા,Pending
S14 Doshi Trupti Kanaiya Lal,9725086181,મહુવા / અમદાવાદ,સપરિવાર,હા,હા,હા,હા,હા,Pending
S2 Trivedi Chintan Harkant,8200351031,મહુવા / અમદાવાદ,સપરિવાર,હા,હા,હા,હા,હા,Pending
S3 Tank Bharat Balu Bhai,9998816254,મહુવા / અમદાવાદ,સપરિવાર,હા,હા,હા,હા,હા,Pending
S6 Vijay Bhai Vaghela,9726885762,મહુવા / અમદાવાદ,સપરિવાર,હા,હા,હા,હા,હા,Pending
Rathod Rajesh Vinod Bhai,9825053479,મહુવા / અમદાવાદ,સપરિવાર,હા,હા,હા,હા,હા,Pending
S8 Khokhariya Surma Haksi,9727580807,મહુવા / અમદાવાદ,સપરિવાર,હા,હા,હા,હા,હા,Pending
S9 Devganiya Vijay Pragji,9429344207,મહુવા / અમદાવાદ,સપરિવાર,હા,હા,હા,હા,હા,Pending
Sabbir Ges Batla,9898040012,મહુવા / અમદાવાદ,સપરિવાર,હા,હા,હા,હા,હા,Pending
Sachin Trivedi Hanu Hos,9925542412,મહુવા / અમદાવાદ,સપરિવાર,હા,હા,હા,હા,હા,Pending
Edu Safari,9898367368,મહુવા / અમદાવાદ,સપરિવાર,હા,હા,હા,હા,હા,Pending
Saga Rajkot,9913856565,રાજકોટ,સપરિવાર,હા,હા,હા,હા,હા,Pending
Saga Rajkot,9913826262,રાજકોટ,સપરિવાર,હા,હા,હા,હા,હા,Pending
Sagar Bhai Road Contrator,9925311212,મહુવા / અમદાવાદ,સપરિવાર,હા,હા,હા,હા,હા,Pending
Sagar Dipu,9016102895,મહુવા / અમદાવાદ,સપરિવાર,હા,હા,હા,હા,હા,Pending
Saheli Ledis Wer,9099153959,મહુવા / અમદાવાદ,સપરિવાર,હા,હા,હા,હા,હા,Pending
Saheli Ledis Wer,9879243859,મહુવા / અમદાવાદ,સપરિવાર,હા,હા,હા,હા,હા,Pending
Sahjanand Flat Axish Bank A/c,920010073995052,મહુવા / અમદાવાદ,સપરિવાર,હા,હા,હા,હા,હા,Pending
Sai Rudra Ghafik Mhv,9974606669,મહુવા / અમદાવાદ,સપરિવાર,હા,હા,હા,હા,હા,Pending
Hi-tech Filters Sales Ankl,9925029943,મહુવા / અમદાવાદ,સપરિવાર,હા,હા,હા,હા,હા,Pending
Samir Cnc Azaj Bhai,8128461166,મહુવા / અમદાવાદ,સપરિવાર,હા,હા,હા,હા,હા,Pending
San Parmar Kiran Bhai Tea,9558545134,મહુવા / અમદાવાદ,સપરિવાર,હા,હા,હા,હા,હા,Pending
Sandesh News Whatsapp,6354603263,મહુવા / અમદાવાદ,સપરિવાર,હા,હા,હા,હા,હા,Pending
Ashok Bhai Sanghavi,6352726727,મહુવા / અમદાવાદ,સપરિવાર,હા,હા,હા,હા,હા,Pending
Ashok Bhai Sanghavi,9824190363,મહુવા / અમદાવાદ,સપરિવાર,હા,હા,હા,હા,હા,Pending
Bipin Bhai Sanghavi,9824233506,મહુવા / અમદાવાદ,સપરિવાર,હા,હા,હા,હા,હા,Pending
Bipin Bhai Sanghavi,9023664764,મહુવા / અમદાવાદ,સપરિવાર,હા,હા,હા,હા,હા,Pending
Sangit Mate Goswami Bhai,9327928493,મહુવા / અમદાવાદ,સપરિવાર,હા,હા,હા,હા,હા,Pending
Sangram Bhai Bharvad,9825782188,મહુવા / અમદાવાદ,સપરિવાર,હા,હા,હા,હા,હા,Pending
Sanjay Aluminum Pardi,9638212421,મહુવા / અમદાવાદ,સપરિવાર,હા,હા,હા,હા,હા,Pending
Sanjay Gtpl Hemal,9725088830,મહુવા / અમદાવાદ,સપરિવાર,હા,હા,હા,હા,હા,Pending
Param Hos Sanjay,7016538828,મહુવા / અમદાવાદ,સપરિવાર,હા,હા,હા,હા,હા,Pending
Sankrut Mate Ashvin Bhatt SGVP,9099290546,મહુવા / અમદાવાદ,સપરિવાર,હા,હા,હા,હા,હા,Pending
Sankrut Mate Darshan Pandya,2652655877,મહુવા / અમદાવાદ,સપરિવાર,હા,હા,હા,હા,હા,Pending
Sankrut Mate Darshan Pandya,8000110021,મહુવા / અમદાવાદ,સપરિવાર,હા,હા,હા,હા,હા,Pending
Jani Devika Mem,9033214154,મહુવા / અમદાવાદ,સપરિવાર,હા,હા,હા,હા,હા,Pending
Santosh Kamdar Limbdi,9825303135,મહુવા / અમદાવાદ,સપરિવાર,હા,હા,હા,હા,હા,Pending
Santosh Tea Madha Bhai,9825952351,મહુવા / અમદાવાદ,સપરિવાર,હા,હા,હા,હા,હા,Pending
Sap Pakdva Mate Dev Bhatti,9726236226,મહુવા / અમદાવાદ,સપરિવાર,હા,હા,હા,હા,હા,Pending
Dr Bapu Swami Saranpur,9998995677,મહુવા / અમદાવાદ,સપરિવાર,હા,હા,હા,હા,હા,Pending
Sardhar Dharma Swarup Swamiji,7283830083,મહુવા / અમદાવાદ,સપરિવાર,હા,હા,હા,હા,હા,Pending
Gondaliya Bhai Sarkari Bhadra,9726258641,મહુવા / અમદાવાદ,સપરિવાર,હા,હા,હા,હા,હા,Pending
Dhirubhai Sarvaiya,9824329553,મહુવા / અમદાવાદ,સપરિવાર,હા,હા,હા,હા,હા,Pending
Vijay Bhai Jimmy Sasara,9429588996,મહુવા / અમદાવાદ,સપરિવાર,હા,હા,હા,હા,હા,Pending
Vijay Bhai Jimmy Sasara,8320661381,મહુવા / અમદાવાદ,સપરિવાર,હા,હા,હા,હા,હા,Pending
Satish Dave,9427650626,મહુવા / અમદાવાદ,સપરિવાર,હા,હા,હા,હા,હા,Pending
Savji Bhai Agro,9427778449,મહુવા / અમદાવાદ,સપરિવાર,હા,હા,હા,હા,હા,Pending
Pratap M. Savliya,9824223611,મહુવા / અમદાવાદ,સપરિવાર,હા,હા,હા,હા,હા,Pending
Sbi Akta Yadav,8114429961,મહુવા / અમદાવાદ,સપરિવાર,હા,હા,હા,હા,હા,Pending
Sch Umaniyavadar Madhu bhai,9925540713,મહુવા / અમદાવાદ,સપરિવાર,હા,હા,હા,હા,હા,Pending
Brc Ghanshyam,9979571372,મહુવા / અમદાવાદ,સપરિવાર,હા,હા,હા,હા,હા,Pending
Sch Bhadreswer Jainedra,9429165418,મહુવા / અમદાવાદ,સપરિવાર,હા,હા,હા,હા,હા,Pending
Sch Bhadrod Pravin Sarvaiya,9714420077,મહુવા / અમદાવાદ,સપરિવાર,હા,હા,હા,હા,હા,Pending
Sch Bhuteswar Kureshi Bhai,9824489320,મહુવા / અમદાવાદ,સપરિવાર,હા,હા,હા,હા,હા,Pending
Sch Bildi/Adhelai Kaushik Patel,9429006191,મહુવા / અમદાવાદ,સપરિવાર,હા,હા,હા,હા,હા,Pending
Sch Devliya Namrata Ben,9427753022,મહુવા / અમદાવાદ,સપરિવાર,હા,હા,હા,હા,હા,Pending
Sch Khared Yogita Ben,9909071715,મહુવા / અમદાવાદ,સપરિવાર,હા,હા,હા,હા,હા,Pending
Sch Mota Jadra Bhupat,9428996227,મહુવા / અમદાવાદ,સપરિવાર,હા,હા,હા,હા,હા,Pending
Sch Naip Kana bhai,9725366536,મહુવા / અમદાવાદ,સપરિવાર,હા,હા,હા,હા,હા,Pending
Sch Naip Vijay Vashram,9638102479,મહુવા / અમદાવાદ,સપરિવાર,હા,હા,હા,હા,હા,Pending
Sch Nesvad Kanya Rajveer,7779041470,મહુવા / અમદાવાદ,સપરિવાર,હા,હા,હા,હા,હા,Pending
Sch Plan Ste Dhiru Bhai,9429344278,મહુવા / અમદાવાદ,સપરિવાર,હા,હા,હા,હા,હા,Pending
Sch Vadli Mehul Narshi,9898885231,મહુવા / અમદાવાદ,સપરિવાર,હા,હા,હા,હા,હા,Pending
Sch Vaghnagar K V Babu Bhai,7567389717,મહુવા / અમદાવાદ,સપરિવાર,હા,હા,હા,હા,હા,Pending
Sch Vaghnagar Kanya Ramesh,9898110813,મહુવા / અમદાવાદ,સપરિવાર,હા,હા,હા,હા,હા,Pending
Ashish Radhe School,9428992387,મહુવા / અમદાવાદ,સપરિવાર,હા,હા,હા,હા,હા,Pending
Jafri School,2844223550,મહુવા / અમદાવાદ,સપરિવાર,હા,હા,હા,હા,હા,Pending
Jafri School,2844294250,મહુવા / અમદાવાદ,સપરિવાર,હા,હા,હા,હા,હા,Pending
201 Nimesh Sheth,2844224245,મહુવા / અમદાવાદ,સપરિવાર,હા,હા,હા,હા,હા,Pending
201 Nimesh Sheth,9924254525,મહુવા / અમદાવાદ,સપરિવાર,હા,હા,હા,હા,હા,Pending
Arvind Senta Baj. Ele,9825310780,મહુવા / અમદાવાદ,સપરિવાર,હા,હા,હા,હા,હા,Pending
SGVP HOSPITAL,9512200122,મહુવા / અમદાવાદ,સપરિવાર,હા,હા,હા,હા,હા,Pending
SGVP HOSPITAL,9512200124,મહુવા / અમદાવાદ,સપરિવાર,હા,હા,હા,હા,હા,Pending
Shabir Bhai Asiyan Hard Wer,9825565239,મહુવા / અમદાવાદ,સપરિવાર,હા,હા,હા,હા,હા,Pending
Ritesh Shah Atal,9892227735,મહુવા / અમદાવાદ,સપરિવાર,હા,હા,હા,હા,હા,Pending
Com Tushar Shah,9867287591,મહુવા / અમદાવાદ,સપરિવાર,હા,હા,હા,હા,હા,Pending
Swa Vivek Kanya ( Malvav) Shailesh Bhil,9898385002,મહુવા / અમદાવાદ,સપરિવાર,હા,હા,હા,હા,હા,Pending
Bamaniya Shailesh Clak,9687518766,મહુવા / અમદાવાદ,સપરિવાર,હા,હા,હા,હા,હા,Pending
Shailesh Gajera Nagdia,9662278974,મહુવા / અમદાવાદ,સપરિવાર,હા,હા,હા,હા,હા,Pending
Shailesh Gajera Nagdia,9737974333,મહુવા / અમદાવાદ,સપરિવાર,હા,હા,હા,હા,હા,Pending
Shailesh Mehta Nag. Benk,9714756900,મહુવા / અમદાવાદ,સપરિવાર,હા,હા,હા,હા,હા,Pending
Shailesh Mistri Profile,9825563558,મહુવા / અમદાવાદ,સપરિવાર,હા,હા,હા,હા,હા,Pending
Jay Somnath Madhya Shala,8780800818,મહુવા / અમદાવાદ,સપરિવાર,હા,હા,હા,હા,હા,Pending
Shani Bhai Tatmiya,9638856388,મહુવા / અમદાવાદ,સપરિવાર,હા,હા,હા,હા,હા,Pending
Shanti Lal Rasila Surat,9909279455,સુરત,સપરિવાર,હા,હા,હા,હા,હા,Pending
Sharad Bhai Gajera Surat,9824179885,સુરત,સપરિવાર,હા,હા,હા,હા,હા,Pending
Sharad Bhai Kathiriya,9723378844,મહુવા / અમદાવાદ,સપરિવાર,હા,હા,હા,હા,હા,Pending
Sharad Bhai Kathiriya,8154053744,મહુવા / અમદાવાદ,સપરિવાર,હા,હા,હા,હા,હા,Pending
Chetan Sheth,9426461082,મહુવા / અમદાવાદ,સપરિવાર,હા,હા,હા,હા,હા,Pending
Shital Vyas P S I,9909553502,મહુવા / અમદાવાદ,સપરિવાર,હા,હા,હા,હા,હા,Pending
Shiv Krupa Medical,9712325367,મહુવા / અમદાવાદ,સપરિવાર,હા,હા,હા,હા,હા,Pending
Shiv Krupa Medical,9825521056,મહુવા / અમદાવાદ,સપરિવાર,હા,હા,હા,હા,હા,Pending
Shiva Bhai Bavadiya,9824213025,મહુવા / અમદાવાદ,સપરિવાર,હા,હા,હા,હા,હા,Pending
Shobhna Ben Omshanti,9773287310,મહુવા / અમદાવાદ,સપરિવાર,હા,હા,હા,હા,હા,Pending
Shradhya Bekry,9879441731,મહુવા / અમદાવાદ,સપરિવાર,હા,હા,હા,હા,હા,Pending
Bhavika Sceting,9979175340,મહુવા / અમદાવાદ,સપરિવાર,હા,હા,હા,હા,હા,Pending
Ashok bhai jan Sihor,9825123810,મહુવા / અમદાવાદ,સપરિવાર,હા,હા,હા,હા,હા,Pending
Bhavin Bhai Simriya,9714142233,મહુવા / અમદાવાદ,સપરિવાર,હા,હા,હા,હા,હા,Pending
Deepak Barot Singar,9825345713,મહુવા / અમદાવાદ,સપરિવાર,હા,હા,હા,હા,હા,Pending
Dr Jayesh sheth sir,2844227576,મહુવા / અમદાવાદ,સપરિવાર,હા,હા,હા,હા,હા,Pending
Dr Jayesh sheth sir,9824292099,મહુવા / અમદાવાદ,સપરિવાર,હા,હા,હા,હા,હા,Pending
Eng Baraiya Sir,9724896643,મહુવા / અમદાવાદ,સપરિવાર,હા,હા,હા,હા,હા,Pending
Food & Sefty Kalasariya Sir,2782515760,મહુવા / અમદાવાદ,સપરિવાર,હા,હા,હા,હા,હા,Pending
Food & Sefty Kalasariya Sir,9624896792,મહુવા / અમદાવાદ,સપરિવાર,હા,હા,હા,હા,હા,Pending
Food & Sefty Kalasariya Sir,9825269772,મહુવા / અમદાવાદ,સપરિવાર,હા,હા,હા,હા,હા,Pending
Jilla Reg Jedhva Sir,9825347144,મહુવા / અમદાવાદ,સપરિવાર,હા,હા,હા,હા,હા,Pending
Skynet Mitesh Patel Ahd,9725208013,અમદાવાદ,સપરિવાર,હા,હા,હા,હા,હા,Pending
Smz Nirav Bhai,9898060710,મહુવા / અમદાવાદ,સપરિવાર,હા,હા,હા,હા,હા,Pending
Solanki Kajal Ben,8758606193,મહુવા / અમદાવાદ,સપરિવાર,હા,હા,હા,હા,હા,Pending
Somnath Seniteion,9825916279,મહુવા / અમદાવાદ,સપરિવાર,હા,હા,હા,હા,હા,Pending
Gopal Soni,9824778280,મહુવા / અમદાવાદ,સપરિવાર,હા,હા,હા,હા,હા,Pending
K R sons,8758053951,મહુવા / અમદાવાદ,સપરિવાર,હા,હા,હા,હા,હા,Pending
Sports Master  Surat,7802007804,સુરત,સપરિવાર,હા,હા,હા,હા,હા,Pending
Ganesh Book Store Hitesh Bhai,9825790690,મહુવા / અમદાવાદ,સપરિવાર,હા,હા,હા,હા,હા,Pending
Sudhir Pipe Khodan,9723258751,મહુવા / અમદાવાદ,સપરિવાર,હા,હા,હા,હા,હા,Pending
Suhagiya Bhumika Ben,9313965378,મહુવા / અમદાવાદ,સપરિવાર,હા,હા,હા,હા,હા,Pending
Sukani Bhv,9825506713,ભાવનગર,સપરિવાર,હા,હા,હા,હા,હા,Pending
Sunil Savliya Hare Krishna,9890025129,મહુવા / અમદાવાદ,સપરિવાર,હા,હા,હા,હા,હા,Pending
Ashvin butani surat,9824640241,સુરત,સપરિવાર,હા,હા,હા,હા,હા,Pending
Ashvin Dudhat Jay Surat,9925061322,સુરત,સપરિવાર,હા,હા,હા,હા,હા,Pending
Bhikhu Bhai Surat,9879069253,સુરત,સપરિવાર,હા,હા,હા,હા,હા,Pending
Bus Vima Mate Tejas Surat,7600023411,સુરત,સપરિવાર,હા,હા,હા,હા,હા,Pending
Bus Vima Mate Tejas Surat,9725723411,સુરત,સપરિવાર,હા,હા,હા,હા,હા,Pending
Dev Print Haresh Surat,9825150612,સુરત,સપરિવાર,હા,હા,હા,હા,હા,Pending
Dipak Rajyaguru Surat,9925222229,સુરત,સપરિવાર,હા,હા,હા,હા,હા,Pending
Dr Faldu Prakash Surat,9879611350,સુરત,સપરિવાર,હા,હા,હા,હા,હા,Pending
Dula Bhagat Surat,9510013915,સુરત,સપરિવાર,હા,હા,હા,હા,હા,Pending
Dula Bhagat Surat,9925061947,સુરત,સપરિવાર,હા,હા,હા,હા,હા,Pending
Hardik Nasit Surat,9879388088,સુરત,સપરિવાર,હા,હા,હા,હા,હા,Pending
Harsha Surat,9924817833,સુરત,સપરિવાર,હા,હા,હા,હા,હા,Pending
Paresh kumar surat,9227733550,સુરત,સપરિવાર,હા,હા,હા,હા,હા,Pending
Plot15 Bhavesh Surat,8530967603,સુરત,સપરિવાર,હા,હા,હા,હા,હા,Pending
Suresh Surat Hardwer,9825439850,સુરત,સપરિવાર,હા,હા,હા,હા,હા,Pending
suvidha Stor,8401795888,મહુવા / અમદાવાદ,સપરિવાર,હા,હા,હા,હા,હા,Pending
Baps Bhakti Tanay Swami,2844223100,મહુવા / અમદાવાદ,સપરિવાર,હા,હા,હા,હા,હા,Pending
Baps Bhakti Tanay Swami,9998993938,મહુવા / અમદાવાદ,સપરિવાર,હા,હા,હા,હા,હા,Pending
Bhakt vedant swami SGVP,9879000954,મહુવા / અમદાવાદ,સપરિવાર,હા,હા,હા,હા,હા,Pending
Dharma Vatsal swami Ribda,9879000955,મહુવા / અમદાવાદ,સપરિવાર,હા,હા,હા,હા,હા,Pending
Dharmavihari Swami,8320337564,મહુવા / અમદાવાદ,સપરિવાર,હા,હા,હા,હા,હા,Pending
Dharmavihari Swami,9427431151,મહુવા / અમદાવાદ,સપરિવાર,હા,હા,હા,હા,હા,Pending
Narayan Swami Hariyana,9904831595,મહુવા / અમદાવાદ,સપરિવાર,હા,હા,હા,હા,હા,Pending
swami mandir dwark,9427775617,મહુવા / અમદાવાદ,સપરિવાર,હા,હા,હા,હા,હા,Pending
Sweta Ben Radheshyam,9727573171,મહુવા / અમદાવાદ,સપરિવાર,હા,હા,હા,હા,હા,Pending
Swetar Mate Dilip Bhai,9979228575,મહુવા / અમદાવાદ,સપરિવાર,હા,હા,હા,હા,હા,Pending
Kishor Madhuram Sweet,9426221663,મહુવા / અમદાવાદ,સપરિવાર,હા,હા,હા,હા,હા,Pending
Kishor Madhuram Sweet,2844225566,મહુવા / અમદાવાદ,સપરિવાર,હા,હા,હા,હા,હા,Pending
Kishor Madhuram Sweet,9723671313,મહુવા / અમદાવાદ,સપરિવાર,હા,હા,હા,હા,હા,Pending
Jayesh Bhai S T,9979013958,મહુવા / અમદાવાદ,સપરિવાર,હા,હા,હા,હા,હા,Pending
Jayesh Bhai S T,9913313958,મહુવા / અમદાવાદ,સપરિવાર,હા,હા,હા,હા,હા,Pending
Kanti Bhai P T,8128370391,મહુવા / અમદાવાદ,સપરિવાર,હા,હા,હા,હા,હા,Pending
Kanti Bhai P T,9725717154,મહુવા / અમદાવાદ,સપરિવાર,હા,હા,હા,હા,હા,Pending
Kanti Bhai P T,9737262782,મહુવા / અમદાવાદ,સપરિવાર,હા,હા,હા,હા,હા,Pending
Kanti Bhai P T,9974735545,મહુવા / અમદાવાદ,સપરિવાર,હા,હા,હા,હા,હા,Pending
Kanti Bhai P T,7490874737,મહુવા / અમદાવાદ,સપરિવાર,હા,હા,હા,હા,હા,Pending
Nilesh Tabla Vala,9723542922,મહુવા / અમદાવાદ,સપરિવાર,હા,હા,હા,હા,હા,Pending
Chagan Bhai Talgajrda,9824817640,મહુવા / અમદાવાદ,સપરિવાર,હા,હા,હા,હા,હા,Pending
Dhansukh tank,9825366258,મહુવા / અમદાવાદ,સપરિવાર,હા,હા,હા,હા,હા,Pending
Bhavya Gandhi Tapu,9819799634,મહુવા / અમદાવાદ,સપરિવાર,હા,હા,હા,હા,હા,Pending
Kishor Bhai Tared,9725414236,મહુવા / અમદાવાદ,સપરિવાર,હા,હા,હા,હા,હા,Pending
Hiren Kukdiya Com Teacher,8690971158,મહુવા / અમદાવાદ,સપરિવાર,હા,હા,હા,હા,હા,Pending
Hiren Kukdiya Com Teacher,9484770459,મહુવા / અમદાવાદ,સપરિવાર,હા,હા,હા,હા,હા,Pending
Mamta ben bhatt Teacher,9723181505,મહુવા / અમદાવાદ,સપરિવાર,હા,હા,હા,હા,હા,Pending
Mamta ben bhatt Teacher,9824802368,મહુવા / અમદાવાદ,સપરિવાર,હા,હા,હા,હા,હા,Pending
Thepla Mate  Hiren Bhai,9825235335,મહુવા / અમદાવાદ,સપરિવાર,હા,હા,હા,હા,હા,Pending
Tilak Krishna Soing,9638722003,મહુવા / અમદાવાદ,સપરિવાર,હા,હા,હા,હા,હા,Pending
Dr Shailesh Vaniya Sir Timbi,9913131361,મહુવા / અમદાવાદ,સપરિવાર,હા,હા,હા,હા,હા,Pending
Trambak Bhai S O S,9979981598,મહુવા / અમદાવાદ,સપરિવાર,હા,હા,હા,હા,હા,Pending
Khodiyar Travels,9700825252,મહુવા / અમદાવાદ,સપરિવાર,હા,હા,હા,હા,હા,Pending
Khodiyar Travels,9377586986,મહુવા / અમદાવાદ,સપરિવાર,હા,હા,હા,હા,હા,Pending
Killa pardi H K travels,9978021911,મહુવા / અમદાવાદ,સપરિવાર,હા,હા,હા,હા,હા,Pending
Trector Bharat Bhai Dudhala,9558965222,મહુવા / અમદાવાદ,સપરિવાર,હા,હા,હા,હા,હા,Pending
Trector Bharat Bhai Dudhala,9898694333,મહુવા / અમદાવાદ,સપરિવાર,હા,હા,હા,હા,હા,Pending
Abhishek Trivedi,9904459091,મહુવા / અમદાવાદ,સપરિવાર,હા,હા,હા,હા,હા,Pending
Trivedi Sir Javahar Navoday Exam,9687619580,મહુવા / અમદાવાદ,સપરિવાર,હા,હા,હા,હા,હા,Pending
Trupti Goswami Teacher,8238218397,મહુવા / અમદાવાદ,સપરિવાર,હા,હા,હા,હા,હા,Pending
Harmit Papa,9913360165,મહુવા / અમદાવાદ,સપરિવાર,હા,હા,હા,હા,હા,Pending
Ullas Bhai Killapardi,9913768890,મહુવા / અમદાવાદ,સપરિવાર,હા,હા,હા,હા,હા,Pending
Uma Solanki Teacher,9265381565,મહુવા / અમદાવાદ,સપરિવાર,હા,હા,હા,હા,હા,Pending
Bharat Bhai Umaniyavadar,9586941191,મહુવા / અમદાવાદ,સપરિવાર,હા,હા,હા,હા,હા,Pending
Uniform Mate Pujan Sheth,8200142393,મહુવા / અમદાવાદ,સપરિવાર,હા,હા,હા,હા,હા,Pending
Uniform Mate Pujan Sheth,8780428095,મહુવા / અમદાવાદ,સપરિવાર,હા,હા,હા,હા,હા,Pending
Uniform Mate Pratik,9510606686,મહુવા / અમદાવાદ,સપરિવાર,હા,હા,હા,હા,હા,Pending
Upadhyay Sir D E O Rjt,8200267329,રાજકોટ,સપરિવાર,હા,હા,હા,હા,હા,Pending
Usha Ben Bambhaniya Teacher,9428591276,મહુવા / અમદાવાદ,સપરિવાર,હા,હા,હા,હા,હા,Pending
Utam Bhai,8320028228,મહુવા / અમદાવાદ,સપરિવાર,હા,હા,હા,હા,હા,Pending
Utam Savliya Nayna Bhabhi,8460772268,મહુવા / અમદાવાદ,સપરિવાર,હા,હા,હા,હા,હા,Pending
Utsav Prakash Bavadiya,9069070202,મહુવા / અમદાવાદ,સપરિવાર,હા,હા,હા,હા,હા,Pending
Vadan Bhai,9825710653,મહુવા / અમદાવાદ,સપરિવાર,હા,હા,હા,હા,હા,Pending
Giga Bhai Vadli,9913366173,મહુવા / અમદાવાદ,સપરિવાર,હા,હા,હા,હા,હા,Pending
Kishor Bhai Soni Vadodara,9825083934,વડોદરા,સપરિવાર,હા,હા,હા,હા,હા,Pending
Hasmukh Vagh Pipavav,9773111867,મહુવા / અમદાવાદ,સપરિવાર,હા,હા,હા,હા,હા,Pending
Dalsukh Bhai Vaghasia Ambuja,2795232163,મહુવા / અમદાવાદ,સપરિવાર,હા,હા,હા,હા,હા,Pending
Dalsukh Bhai Vaghasia Ambuja,9724328667,મહુવા / અમદાવાદ,સપરિવાર,હા,હા,હા,હા,હા,Pending
Kirit Bhai Vaghela,9979184722,મહુવા / અમદાવાદ,સપરિવાર,હા,હા,હા,હા,હા,Pending
Devayat Bhai Vaghmasi,9328931115,મહુવા / અમદાવાદ,સપરિવાર,હા,હા,હા,હા,હા,Pending
Himanshu Vaidya Rajkot Sbi,9879512592,રાજકોટ,સપરિવાર,હા,હા,હા,હા,હા,Pending
Vaishali Jitu Jagad,9426346252,મહુવા / અમદાવાદ,સપરિવાર,હા,હા,હા,હા,હા,Pending
Dipak Bhai Vakil,9824980739,મહુવા / અમદાવાદ,સપરિવાર,હા,હા,હા,હા,હા,Pending
Dipak Bhai Vakil,7016006065,મહુવા / અમદાવાદ,સપરિવાર,હા,હા,હા,હા,હા,Pending
Bharat Bhai Chitra Vala,9925156473,મહુવા / અમદાવાદ,સપરિવાર,હા,હા,હા,હા,હા,Pending
Zerox Vala Bharat Plan Ste Sch,8140383535,મહુવા / અમદાવાદ,સપરિવાર,હા,હા,હા,હા,હા,Pending
Bus Draiver Bhadresh S T Vala,9825124255,મહુવા / અમદાવાદ,સપરિવાર,હા,હા,હા,હા,હા,Pending
Vala Disha Dilip Bhai,9925730390,મહુવા / અમદાવાદ,સપરિવાર,હા,હા,હા,હા,હા,Pending
Lala Bhai Vadi Vala,9428051384,મહુવા / અમદાવાદ,સપરિવાર,હા,હા,હા,હા,હા,Pending
Mayur Bhai Baraiya Umaniyavadar,9924739262,મહુવા / અમદાવાદ,સપરિવાર,હા,હા,હા,હા,હા,Pending
Munna Gerej Vala,8160159392,મહુવા / અમદાવાદ,સપરિવાર,હા,હા,હા,હા,હા,Pending
Munna Gerej Vala,9979090008,મહુવા / અમદાવાદ,સપરિવાર,હા,હા,હા,હા,હા,Pending
Alang Ashok Bhai Vali,9825160955,મહુવા / અમદાવાદ,સપરિવાર,હા,હા,હા,હા,હા,Pending
Bsc Vijay Valiya,9904791430,મહુવા / અમદાવાદ,સપરિવાર,હા,હા,હા,હા,હા,Pending
Bharat Van Mate,9099515021,મહુવા / અમદાવાદ,સપરિવાર,હા,હા,હા,હા,હા,Pending
Vishal Baldaniya Mira,9978865260,મહુવા / અમદાવાદ,સપરિવાર,હા,હા,હા,હા,હા,Pending
Vashista Sharad Trivedi,8758465167,મહુવા / અમદાવાદ,સપરિવાર,હા,હા,હા,હા,હા,Pending
Vashram Bhai Shiyal Teacher,9904411391,મહુવા / અમદાવાદ,સપરિવાર,હા,હા,હા,હા,હા,Pending
Erg Jaydip Vidhyarthi,9924228722,મહુવા / અમદાવાદ,સપરિવાર,હા,હા,હા,હા,હા,Pending
Jaysukh senta vidhyathi,9998963161,મહુવા / અમદાવાદ,સપરિવાર,હા,હા,હા,હા,હા,Pending
Vij Mahakali Dukan,37104120386,મહુવા / અમદાવાદ,સપરિવાર,હા,હા,હા,હા,હા,Pending
Vij Sahjanand Flat,37104127860,મહુવા / અમદાવાદ,સપરિવાર,હા,હા,હા,હા,હા,Pending
Vijay Bhai Belur,7202898991,મહુવા / અમદાવાદ,સપરિવાર,હા,હા,હા,હા,હા,Pending
Vijay Bhai Belur,9377202020,મહુવા / અમદાવાદ,સપરિવાર,હા,હા,હા,હા,હા,Pending
Vijay Bhai Belur,9909190008,મહુવા / અમદાવાદ,સપરિવાર,હા,હા,હા,હા,હા,Pending
Vijay Maliya,9016168585,મહુવા / અમદાવાદ,સપરિવાર,હા,હા,હા,હા,હા,Pending
Vijay Bhai nasit Jikiyali,9313553796,મહુવા / અમદાવાદ,સપરિવાર,હા,હા,હા,હા,હા,Pending
Vijay bhai Golviya Architect Surat,6353638125,સુરત,સપરિવાર,હા,હા,હા,હા,હા,Pending
Vijay bhai Golviya Architect Surat,9426166268,સુરત,સપરિવાર,હા,હા,હા,હા,હા,Pending
Vikramsih Bhai Parmar Deo,9428433265,મહુવા / અમદાવાદ,સપરિવાર,હા,હા,હા,હા,હા,Pending
Vikramsih Bhai Parmar Deo,8160035353,મહુવા / અમદાવાદ,સપરિવાર,હા,હા,હા,હા,હા,Pending
Vilas Ben Bavadiya,9408692206,મહુવા / અમદાવાદ,સપરિવાર,હા,હા,હા,હા,હા,Pending
Vilas Ben Bavadiya,9427777933,મહુવા / અમદાવાદ,સપરિવાર,હા,હા,હા,હા,હા,Pending
Vimal Bapu,9687983211,મહુવા / અમદાવાદ,સપરિવાર,હા,હા,હા,હા,હા,Pending
Vinay Bhai Vinay Motor,9925899111,મહુવા / અમદાવાદ,સપરિવાર,હા,હા,હા,હા,હા,Pending
Vini Jetpur,9275178984,મહુવા / અમદાવાદ,સપરિવાર,હા,હા,હા,હા,હા,Pending
Vinu Bhai Keri Dhasiya,8140383483,મહુવા / અમદાવાદ,સપરિવાર,હા,હા,હા,હા,હા,Pending
Vipul  Jamai  Kap. Nagar,9904141501,મહુવા / અમદાવાદ,સપરિવાર,હા,હા,હા,હા,હા,Pending
Vipul Kalsariya Chemisty,9687933378,મહુવા / અમદાવાદ,સપરિવાર,હા,હા,હા,હા,હા,Pending
Viraj J B Chek,9624989970,મહુવા / અમદાવાદ,સપરિવાર,હા,હા,હા,હા,હા,Pending
Viral Bhagat Santvallabh Swami,9099999648,મહુવા / અમદાવાદ,સપરિવાર,હા,હા,હા,હા,હા,Pending
Viral Joshi Mangal,7622079694,મહુવા / અમદાવાદ,સપરિવાર,હા,હા,હા,હા,હા,Pending
Viram Dev Sih Road,6351883358,મહુવા / અમદાવાદ,સપરિવાર,હા,હા,હા,હા,હા,Pending
Vishal Bhai Reti,7096451111,મહુવા / અમદાવાદ,સપરિવાર,હા,હા,હા,હા,હા,Pending
Vishal Pachani Sir APMC MHV,9974110910,મહુવા / અમદાવાદ,સપરિવાર,હા,હા,હા,હા,હા,Pending
Vishnu Bhai Mistri Surat,9327176653,સુરત,સપરિવાર,હા,હા,હા,હા,હા,Pending
Vishnu Swami Gariyadhar,9106140844,મહુવા / અમદાવાદ,સપરિવાર,હા,હા,હા,હા,હા,Pending
Vishva Hindu Parishad Shiyal,7622079351,મહુવા / અમદાવાદ,સપરિવાર,હા,હા,હા,હા,હા,Pending
Viswas Electronic,8154040406,મહુવા / અમદાવાદ,સપરિવાર,હા,હા,હા,હા,હા,Pending
Vithal Mama Bhacha,9909150376,મહુવા / અમદાવાદ,સપરિવાર,હા,હા,હા,હા,હા,Pending
Vivek Malani Ahd,8866466613,અમદાવાદ,સપરિવાર,હા,હા,હા,હા,હા,Pending
Vivek Malkan Mahuva,9426989886,મહુવા,સપરિવાર,હા,હા,હા,હા,હા,Pending
Vivek Swami Sarangpur,8511151705,સાળંગપુર,સપરિવાર,હા,હા,હા,હા,હા,Pending
Vruty Didi,9662054866,મહુવા / અમદાવાદ,સપરિવાર,હા,હા,હા,હા,હા,Pending
VT Bhambhaniya Aaditya Jagdish,9978774264,મહુવા / અમદાવાદ,સપરિવાર,હા,હા,હા,હા,હા,Pending
VT Bildi Karshil Chandrakant,9429230942,મહુવા / અમદાવાદ,સપરિવાર,હા,હા,હા,હા,હા,Pending
Vt Chardika Adityaraj Kuldip,9724710810,મહુવા / અમદાવાદ,સપરિવાર,હા,હા,હા,હા,હા,Pending
VT Chokva Mitixa Jesing Bhai,9428836942,મહુવા / અમદાવાદ,સપરિવાર,હા,હા,હા,હા,હા,Pending
VT Gadhda Shubham Jagdish,9427754474,મહુવા / અમદાવાદ,સપરિવાર,હા,હા,હા,હા,હા,Pending
VT Goras Krishna Pathu Bhai,9979525027,મહુવા / અમદાવાદ,સપરિવાર,હા,હા,હા,હા,હા,Pending
Daxraj Chandu BHAI,7572818608,મહુવા / અમદાવાદ,સપરિવાર,હા,હા,હા,હા,હા,Pending
VT Matalpar Nax Dipak Bhai,7069311340,મહુવા / અમદાવાદ,સપરિવાર,હા,હા,હા,હા,હા,Pending
Madhuri Ben Hiral,9429615345,મહુવા / અમદાવાદ,સપરિવાર,હા,હા,હા,હા,હા,Pending
VT Nesvad Dwani Ashokbhai,9574027421,મહુવા / અમદાવાદ,સપરિવાર,હા,હા,હા,હા,હા,Pending
VT Taredi Yogiraj Vijay Bhai,9925562670,મહુવા / અમદાવાદ,સપરિવાર,હા,હા,હા,હા,હા,Pending
VT Umaniavadar Mansi Manhar Bhai,9714420319,મહુવા / અમદાવાદ,સપરિવાર,હા,હા,હા,હા,હા,Pending
Wakefit Gadla Mate,8046385800,મહુવા / અમદાવાદ,સપરિવાર,હા,હા,હા,હા,હા,Pending
Wall Pepar Vinit,9512445911,મહુવા / અમદાવાદ,સપરિવાર,હા,હા,હા,હા,હા,Pending
Web Nirav Nathvani,8200867713,મહુવા / અમદાવાદ,સપરિવાર,હા,હા,હા,હા,હા,Pending
Ela Ben Wefrs,9408170249,મહુવા / અમદાવાદ,સપરિવાર,હા,હા,હા,હા,હા,Pending
Shiv woden,9879531626,મહુવા / અમદાવાદ,સપરિવાર,હા,હા,હા,હા,હા,Pending
Yagn Joshi,9099660606,મહુવા / અમદાવાદ,સપરિવાર,હા,હા,હા,હા,હા,Pending
Yagnesh Sir Vyas P S I,7984377509,મહુવા / અમદાવાદ,સપરિવાર,હા,હા,હા,હા,હા,Pending
Yagnesh Sir Vyas P S I,8401262690,મહુવા / અમદાવાદ,સપરિવાર,હા,હા,હા,હા,હા,Pending
Yani Dhaval Bhai Jani,7567876219,મહુવા / અમદાવાદ,સપરિવાર,હા,હા,હા,હા,હા,Pending
Yani Dhaval Bhai Jani,9426152321,મહુવા / અમદાવાદ,સપરિવાર,હા,હા,હા,હા,હા,Pending
Yash  K malani,9727695908,મહુવા / અમદાવાદ,સપરિવાર,હા,હા,હા,હા,હા,Pending
Yog Trenar Baraiya Sir,9979620936,મહુવા / અમદાવાદ,સપરિવાર,હા,હા,હા,હા,હા,Pending
Yogesh Bhai Gandhi Aasha,9825936526,મહુવા / અમદાવાદ,સપરિવાર,હા,હા,હા,હા,હા,Pending
Yogesh Bhai Upadhyay,9909989250,મહુવા / અમદાવાદ,સપરિવાર,હા,હા,હા,હા,હા,Pending
Yogi Desai,9427989214,મહુવા / અમદાવાદ,સપરિવાર,હા,હા,હા,હા,હા,Pending
Yug Rakesh Bhai Surat,6356563033,સુરત,સપરિવાર,હા,હા,હા,હા,હા,Pending
Bhikhu Kids Zee,9724758990,મહુવા / અમદાવાદ,સપરિવાર,હા,હા,હા,હા,હા,Pending
Bhikhu Kids Zee,9825830393,મહુવા / અમદાવાદ,સપરિવાર,હા,હા,હા,હા,હા,Pending
Tpeo 2,7046192422,મહુવા / અમદાવાદ,બે વ્યક્તિ,હા,હા,હા,હા,હા,Pending
402 Soni Janak Bhai,9723386406,મહુવા / અમદાવાદ,સપરિવાર,હા,હા,હા,હા,હા,Pending
Naresh Kothari,9974545883,મહુવા / અમદાવાદ,સપરિવાર,હા,હા,હા,હા,હા,Pending
Shah Sir Sub Ragistrar,9825781320,મહુવા / અમદાવાદ,સપરિવાર,હા,હા,હા,હા,હા,Pending
Haresh Dada Apmc Mhv,9978048925,મહુવા / અમદાવાદ,સપરિવાર,હા,હા,હા,હા,હા,Pending
Anand Swami Damnagar,7567113030,આણંદ,સપરિવાર,હા,હા,હા,હા,હા,Pending
Ashish Friend,7573039013,મહુવા / અમદાવાદ,સપરિવાર,હા,હા,હા,હા,હા,Pending
S t pandya bhai,9723398595,મહુવા / અમદાવાદ,સપરિવાર,હા,હા,હા,હા,હા,Pending
Himat Maraj Rasoya,9928460297,મહુવા / અમદાવાદ,સપરિવાર,હા,હા,હા,હા,હા,Pending
Jayesh Bhai Bhut (Vivan),9714144455,મહુવા / અમદાવાદ,સપરિવાર,હા,હા,હા,હા,હા,Pending
Kapad UparColor Ketan,9714145814,મહુવા / અમદાવાદ,સપરિવાર,હા,હા,હા,હા,હા,Pending
Kausik Bosmiya Mishtri,7574893744,મહુવા / અમદાવાદ,સપરિવાર,હા,હા,હા,હા,હા,Pending
Kausik Bosmiya Mishtri,8690598744,મહુવા / અમદાવાદ,સપરિવાર,હા,હા,હા,હા,હા,Pending
Kausik Bosmiya Mishtri,9824282744,મહુવા / અમદાવાદ,સપરિવાર,હા,હા,હા,હા,હા,Pending
Madhu Bagha Bhai Kundla,9879062760,સાવરકુંડલા,સપરિવાર,હા,હા,હા,હા,હા,Pending
Muc N K Sharma,9601488904,મહુવા / અમદાવાદ,સપરિવાર,હા,હા,હા,હા,હા,Pending
Tails Morbi Truc,9824161145,મોરબી,સપરિવાર,હા,હા,હા,હા,હા,Pending
Hare Krishna Tushar,7567233376,મહુવા / અમદાવાદ,સપરિવાર,હા,હા,હા,હા,હા,Pending
Dina Shanti Lala Desai Ahd,8530315203,અમદાવાદ,સપરિવાર,હા,હા,હા,હા,હા,Pending
Madhav Swami Botad,9925224124,બોટાદ,સપરિવાર,હા,હા,હા,હા,હા,Pending
Sanit Shanti Lal Desai Ahd,8128882902,અમદાવાદ,સપરિવાર,હા,હા,હા,હા,હા,Pending
Talati Saheb,9265213263,મહુવા / અમદાવાદ,સપરિવાર,હા,હા,હા,હા,હા,Pending
Usha Trivedi,9428401932,મહુવા / અમદાવાદ,સપરિવાર,હા,હા,હા,હા,હા,Pending
Usha Trivedi,8160262367,મહુવા / અમદાવાદ,સપરિવાર,હા,હા,હા,હા,હા,Pending
Tirth Doshi Asopalav,9426403695,મહુવા / અમદાવાદ,સપરિવાર,હા,હા,હા,હા,હા,Pending
Ajay Benk,7573984094,મહુવા / અમદાવાદ,સપરિવાર,હા,હા,હા,હા,હા,Pending
Dr. Shilpa Gediya,9426223727,મહુવા / અમદાવાદ,સપરિવાર,હા,હા,હા,હા,હા,Pending
Shilpa Bhagat Surat,9825063033,સુરત,સપરિવાર,હા,હા,હા,હા,હા,Pending
Bhavik Bhai Dabhi Eng,9574023930,મહુવા / અમદાવાદ,સપરિવાર,હા,હા,હા,હા,હા,Pending
Bhavik Bhai Dabhi Eng,8128490038,મહુવા / અમદાવાદ,સપરિવાર,હા,હા,હા,હા,હા,Pending
Baraiya Ashish R Teacher,9428929828,મહુવા / અમદાવાદ,સપરિવાર,હા,હા,હા,હા,હા,Pending
Kalsariya Shradha Ben,9023097209,મહુવા / અમદાવાદ,સપરિવાર,હા,હા,હા,હા,હા,Pending
Kalsariya Jigna Ben Tea,9408807747,મહુવા / અમદાવાદ,સપરિવાર,હા,હા,હા,હા,હા,Pending
Jignesh Shastri Ahd,99745897425,અમદાવાદ,સપરિવાર,હા,હા,હા,હા,હા,Pending
Jignesh Shastri Ahd,9824259495,અમદાવાદ,સપરિવાર,હા,હા,હા,હા,હા,Pending
Hitesh Joshi Eng,7285828156,મહુવા / અમદાવાદ,સપરિવાર,હા,હા,હા,હા,હા,Pending
Jignesh Bhai Mishtri,8140638434,મહુવા / અમદાવાદ,સપરિવાર,હા,હા,હા,હા,હા,Pending
Pranav Mehta Architec,9033672427,મહુવા / અમદાવાદ,સપરિવાર,હા,હા,હા,હા,હા,Pending
Bipin Parmar Hdfc Aditya Birla,8000401821,મહુવા / અમદાવાદ,સપરિવાર,હા,હા,હા,હા,હા,Pending
Jigna Ben Nilesh Bhai Ahd,7874116629,અમદાવાદ,સપરિવાર,હા,હા,હા,હા,હા,Pending
Dhruvisha Parmar Droing Tea,9825437129,મહુવા / અમદાવાદ,સપરિવાર,હા,હા,હા,હા,હા,Pending
Mehul Vegad Keri Dhasiya,9737663660,મહુવા / અમદાવાદ,સપરિવાર,હા,હા,હા,હા,હા,Pending
Shailesh Nandha Belt Mate,9426438211,મહુવા / અમદાવાદ,સપરિવાર,હા,હા,હા,હા,હા,Pending
Parth Print Point Surat,8347881113,સુરત,સપરિવાર,હા,હા,હા,હા,હા,Pending
Omkar Bhai Bhavik,8690713190,મહુવા / અમદાવાદ,સપરિવાર,હા,હા,હા,હા,હા,Pending
Mehul Bhai Bharad Asarana,9016610051,મહુવા / અમદાવાદ,સપરિવાર,હા,હા,હા,હા,હા,Pending
Chatrapal Sih Thorala,8866639191,મહુવા / અમદાવાદ,સપરિવાર,હા,હા,હા,હા,હા,Pending
shahnawaz saiyad,9723960821,મહુવા / અમદાવાદ,સપરિવાર,હા,હા,હા,હા,હા,Pending
VISHAL BHARVAD( Mer) Sports,9773473985,મહુવા / અમદાવાદ,સપરિવાર,હા,હા,હા,હા,હા,Pending
Chirag Bhai Dukan -2,9327315313,મહુવા / અમદાવાદ,બે વ્યક્તિ,હા,હા,હા,હા,હા,Pending
Sagar Abiyani HDFC,9374012052,મહુવા / અમદાવાદ,સપરિવાર,હા,હા,હા,હા,હા,Pending
Jatin Shah Enet HDFC,9426144330,મહુવા / અમદાવાદ,સપરિવાર,હા,હા,હા,હા,હા,Pending
Gaytri Book Store Deven Bhai Bhv,9427754191,ભાવનગર,સપરિવાર,હા,હા,હા,હા,હા,Pending
Gaytri Book Store Deven Bhai Bhv,8200620269,ભાવનગર,સપરિવાર,હા,હા,હા,હા,હા,Pending
Shilpa ben Gohil Bal Tea,8347846057,મહુવા / અમદાવાદ,સપરિવાર,હા,હા,હા,હા,હા,Pending
Dhirajlal Mehta Hemshri,9427502859,મહુવા / અમદાવાદ,સપરિવાર,હા,હા,હા,હા,હા,Pending
Solanki Aakash Daxa Furniture,7359200200,મહુવા / અમદાવાદ,સપરિવાર,હા,હા,હા,હા,હા,Pending
Sapra Mancha ben 17,9825715577,મહુવા / અમદાવાદ,સપરિવાર,હા,હા,હા,હા,હા,Pending
Govind Bhai Vrundavan Res.,7621809329,મહુવા / અમદાવાદ,સપરિવાર,હા,હા,હા,હા,હા,Pending
Pankaj Niranjan Eng Principal,9427888808,મહુવા / અમદાવાદ,સપરિવાર,હા,હા,હા,હા,હા,Pending
Dalpat Droing Tea,7283884136,મહુવા / અમદાવાદ,સપરિવાર,હા,હા,હા,હા,હા,Pending
Vasudev Swami,6354358001,મહુવા / અમદાવાદ,સપરિવાર,હા,હા,હા,હા,હા,Pending
Mahesh Kalsariya Krushnpur,9974443058,મહુવા / અમદાવાદ,સપરિવાર,હા,હા,હા,હા,હા,Pending
Aashish Devsurbhai Kag,9979790995,મહુવા / અમદાવાદ,સપરિવાર,હા,હા,હા,હા,હા,Pending
Ashish Makwana Sbi,9426145339,મહુવા / અમદાવાદ,સપરિવાર,હા,હા,હા,હા,હા,Pending
Ashoksinh Chudasama Police,8320502828,મહુવા / અમદાવાદ,સપરિવાર,હા,હા,હા,હા,હા,Pending
Raju bhai Maruti Print,8490801721,મહુવા / અમદાવાદ,સપરિવાર,હા,હા,હા,હા,હા,Pending
Raju bhai Maruti Print,9426461861,મહુવા / અમદાવાદ,સપરિવાર,હા,હા,હા,હા,હા,Pending
Dev Parmar Clark,8866014972,મહુવા / અમદાવાદ,સપરિવાર,હા,હા,હા,હા,હા,Pending
Viraj bhai Synopsis Bhv,8264720250,ભાવનગર,સપરિવાર,હા,હા,હા,હા,હા,Pending
Mentor wind Viraj bhai Bvn,7984342535,મહુવા / અમદાવાદ,સપરિવાર,હા,હા,હા,હા,હા,Pending
Nand Kishor Swami Vasudev Swami,6355125844,મહુવા / અમદાવાદ,સપરિવાર,હા,હા,હા,હા,હા,Pending
Dwarka Aamba Bhagat Ni Vadi,8141356667,મહુવા / અમદાવાદ,સપરિવાર,હા,હા,હા,હા,હા,Pending
Raju Bhai Velding,8200267067,મહુવા / અમદાવાદ,સપરિવાર,હા,હા,હા,હા,હા,Pending
Jay Sanjay Jani,9328655885,મહુવા / અમદાવાદ,સપરિવાર,હા,હા,હા,હા,હા,Pending
Rajni Pandya Sanskrut Mate,6351858448,મહુવા / અમદાવાદ,સપરિવાર,હા,હા,હા,હા,હા,Pending
Dr. Dinesh K. Dangar Subhash University,9586446445,મહુવા / અમદાવાદ,સપરિવાર,હા,હા,હા,હા,હા,Pending
Tulsi Gujariya Tea,7016684454,મહુવા / અમદાવાદ,સપરિવાર,હા,હા,હા,હા,હા,Pending
GHANSHYAM KUCHA,8460795468,મહુવા / અમદાવાદ,સપરિવાર,હા,હા,હા,હા,હા,Pending
Gyanmanjari Innovative University,9558344439,મહુવા / અમદાવાદ,સપરિવાર,હા,હા,હા,હા,હા,Pending
Jay Gohil Sports Tea,7567119977,મહુવા / અમદાવાદ,સપરિવાર,હા,હા,હા,હા,હા,Pending
Dharam Vaghela Sports Tea,9510950749,મહુવા / અમદાવાદ,સપરિવાર,હા,હા,હા,હા,હા,Pending
AKSHAR PUBLICATION,8488889829,મહુવા / અમદાવાદ,સપરિવાર,હા,હા,હા,હા,હા,Pending
Vala Harsha Eng Sanskut,9328946853,મહુવા / અમદાવાદ,સપરિવાર,હા,હા,હા,હા,હા,Pending
Shital Bhaliya. S S Mate,9327275709,મહુવા / અમદાવાદ,સપરિવાર,હા,હા,હા,હા,હા,Pending
Prof. Bharat Nagotha,8983066735,મહુવા / અમદાવાદ,સપરિવાર,હા,હા,હા,હા,હા,Pending
Jagdish Sports Tea Mathavad,8799667904,મહુવા / અમદાવાદ,સપરિવાર,હા,હા,હા,હા,હા,Pending
Daya Ben Aaya Bapor,9824362974,મહુવા / અમદાવાદ,સપરિવાર,હા,હા,હા,હા,હા,Pending
Daya Ben Aaya Bapor,9033362974,મહુવા / અમદાવાદ,સપરિવાર,હા,હા,હા,હા,હા,Pending
Ankita Malavi Ben,7990168602,મહુવા / અમદાવાદ,સપરિવાર,હા,હા,હા,હા,હા,Pending
Dinesh Chauhan  Hindi Mate,9723332342,મહુવા / અમદાવાદ,સપરિવાર,હા,હા,હા,હા,હા,Pending
Anuchusit Jati Bhv,7801855768,ભાવનગર,સપરિવાર,હા,હા,હા,હા,હા,Pending
Datradi Savliya bhai,9925494343,મહુવા / અમદાવાદ,સપરિવાર,હા,હા,હા,હા,હા,Pending
Ravi Bhai ICICI BENK,9427975680,મહુવા / અમદાવાદ,સપરિવાર,હા,હા,હા,હા,હા,Pending
Dr Meera Ambaliya,8347759261,મહુવા / અમદાવાદ,સપરિવાર,હા,હા,હા,હા,હા,Pending
Hasti Jasmit Surat,9726722600,સુરત,સપરિવાર,હા,હા,હા,હા,હા,Pending
Sports Tea Kajal Joshi Holly,8200025210,મહુવા / અમદાવાદ,સપરિવાર,હા,હા,હા,હા,હા,Pending
Chudasama bhai Chutani,9408380092,મહુવા / અમદાવાદ,સપરિવાર,હા,હા,હા,હા,હા,Pending
Vaghmashi Piyush Sir Home,7990430323,મહુવા / અમદાવાદ,સપરિવાર,હા,હા,હા,હા,હા,Pending
Haresh Bileshvar Computer,9054373839,મહુવા / અમદાવાદ,સપરિવાર,હા,હા,હા,હા,હા,Pending
Sagar bhai  Bhaliya Maharaja,9824401902,મહુવા / અમદાવાદ,સપરિવાર,હા,હા,હા,હા,હા,Pending
Sagar bhai  Bhaliya Maharaja,6355861002,મહુવા / અમદાવાદ,સપરિવાર,હા,હા,હા,હા,હા,Pending
Honey Jurani SBI,7984582803,મહુવા / અમદાવાદ,સપરિવાર,હા,હા,હા,હા,હા,Pending
Honey Jurani SBI,9427566779,મહુવા / અમદાવાદ,સપરિવાર,હા,હા,હા,હા,હા,Pending
Jay Sanghavi BOB,8000602005,મહુવા / અમદાવાદ,સપરિવાર,હા,હા,હા,હા,હા,Pending
Deo Padheriya Bhavnager,9909527311,મહુવા / અમદાવાદ,સપરિવાર,હા,હા,હા,હા,હા,Pending
Rahul Vaghela Hotel Hevan,7698275354,મહુવા / અમદાવાદ,સપરિવાર,હા,હા,હા,હા,હા,Pending
Jignesh Vala Taredi,8160891907,મહુવા / અમદાવાદ,સપરિવાર,હા,હા,હા,હા,હા,Pending
Dharmik Rakhdi,9375422424,મહુવા / અમદાવાદ,સપરિવાર,હા,હા,હા,હા,હા,Pending
Ashish Khodifad Jamin,9726622999,મહુવા / અમદાવાદ,સપરિવાર,હા,હા,હા,હા,હા,Pending
Mahesh bhai Manubhai Goti Talaja,9925672973,તળાજા,સપરિવાર,હા,હા,હા,હા,હા,Pending
Munna Rathod,9426462166,મહુવા / અમદાવાદ,સપરિવાર,હા,હા,હા,હા,હા,Pending
0,9913444013,મહુવા / અમદાવાદ,સપરિવાર,હા,હા,હા,હા,હા,Pending
Hasu Bhai Sheth Vinu Bhai,6355573902,મહુવા / અમદાવાદ,સપરિવાર,હા,હા,હા,હા,હા,Pending
SOS Principal Aasrana Sanjay Sir,9426834634,મહુવા / અમદાવાદ,સપરિવાર,હા,હા,હા,હા,હા,Pending
Dwarkesh Travels Popat Bhai,8141005050,મહુવા / અમદાવાદ,સપરિવાર,હા,હા,હા,હા,હા,Pending
Panjab & Sindh Benk,8547822481,મહુવા / અમદાવાદ,સપરિવાર,હા,હા,હા,હા,હા,Pending
Bhavik Bhai Balaji Wefars,8469988325,મહુવા / અમદાવાદ,સપરિવાર,હા,હા,હા,હા,હા,Pending
Super Bainding Sajjad Bhai,9924572446,મહુવા / અમદાવાદ,સપરિવાર,હા,હા,હા,હા,હા,Pending
Super Bainding Sajjad Bhai,9824927354,મહુવા / અમદાવાદ,સપરિવાર,હા,હા,હા,હા,હા,Pending
Rojgar Kachehri,2782425531,મહુવા / અમદાવાદ,સપરિવાર,હા,હા,હા,હા,હા,Pending
Hdfc Sagar Patil,9978921834,મહુવા / અમદાવાદ,સપરિવાર,હા,હા,હા,હા,હા,Pending
Jignesh Vaghani Belur,9016430405,મહુવા / અમદાવાદ,સપરિવાર,હા,હા,હા,હા,હા,Pending
Rutva Gajera Papa,8735887803,મહુવા / અમદાવાદ,સપરિવાર,હા,હા,હા,હા,હા,Pending
Smruti Zalavadiya Hemal,9825246014,મહુવા / અમદાવાદ,સપરિવાર,હા,હા,હા,હા,હા,Pending
Ketan Kapasi Dipak Medical,9824882473,મહુવા / અમદાવાદ,સપરિવાર,હા,હા,હા,હા,હા,Pending
Jigar Balar Talaja,7600083483,તળાજા,સપરિવાર,હા,હા,હા,હા,હા,Pending
Tapan Patel,9054983453,મહુવા / અમદાવાદ,સપરિવાર,હા,હા,હા,હા,હા,Pending
Harikrushna Kathiriya Ac Frij,9574360654,મહુવા / અમદાવાદ,સપરિવાર,હા,હા,હા,હા,હા,Pending
Bhautik Nakrani PSI VADODARA,9574769099,વડોદરા,સપરિવાર,હા,હા,હા,હા,હા,Pending
Mulshankar Joshi,9723543202,મહુવા / અમદાવાદ,સપરિવાર,હા,હા,હા,હા,હા,Pending
Dr. Jivrajbhai Solanki,9426271966,મહુવા / અમદાવાદ,સપરિવાર,હા,હા,હા,હા,હા,Pending
Mukesh Katariya Medical Bhv,9429816652,ભાવનગર,સપરિવાર,હા,હા,હા,હા,હા,Pending
Brijal Dadi,8238490888,મહુવા / અમદાવાદ,સપરિવાર,હા,હા,હા,હા,હા,Pending
Bhavesh Bhai D Vaghela Dukan,9825648322,મહુવા / અમદાવાદ,સપરિવાર,હા,હા,હા,હા,હા,Pending
Ghanshyam Kalsariya Prant Off,9727084581,મહુવા / અમદાવાદ,સપરિવાર,હા,હા,હા,હા,હા,Pending
Sahdevsinh Nakum Tour Mate,9377991991,મહુવા / અમદાવાદ,સપરિવાર,હા,હા,હા,હા,હા,Pending
Gu Hdfc Prathamik,50200047121096,મહુવા / અમદાવાદ,સપરિવાર,હા,હા,હા,હા,હા,Pending
Triloksinh Zala Hdfc QR Surendra,8673030330,મહુવા / અમદાવાદ,સપરિવાર,હા,હા,હા,હા,હા,Pending
Avinash sir GM,9099941260,મહુવા / અમદાવાદ,સપરિવાર,હા,હા,હા,હા,હા,Pending
Hiral Sachin Dhakan,9998789923,મહુવા / અમદાવાદ,સપરિવાર,હા,હા,હા,હા,હા,Pending
Sachin Dhakan,9998515858,મહુવા / અમદાવાદ,સપરિવાર,હા,હા,હા,હા,હા,Pending
Sachin Dhakan,8347882880,મહુવા / અમદાવાદ,સપરિવાર,હા,હા,હા,હા,હા,Pending
Foram Modi Eng Medium,8320122686,મહુવા / અમદાવાદ,સપરિવાર,હા,હા,હા,હા,હા,Pending
Palak Raju Bhai Sojitra,9227010059,મહુવા / અમદાવાદ,સપરિવાર,હા,હા,હા,હા,હા,Pending
Mita Dhabliya Sans,8780590235,મહુવા / અમદાવાદ,સપરિવાર,હા,હા,હા,હા,હા,Pending
Rupesh Doshi Khadi Bhandar,9924632771,મહુવા / અમદાવાદ,સપરિવાર,હા,હા,હા,હા,હા,Pending
Rajvi Doshi Bsc,9427801296,મહુવા / અમદાવાદ,સપરિવાર,હા,હા,હા,હા,હા,Pending
Man Bhai Science Mate,9723920259,મહુવા / અમદાવાદ,સપરિવાર,હા,હા,હા,હા,હા,Pending
Aditi Pipla Eng,9737427560,મહુવા / અમદાવાદ,સપરિવાર,હા,હા,હા,હા,હા,Pending
Aditi Pipla Eng,7567642947,મહુવા / અમદાવાદ,સપરિવાર,હા,હા,હા,હા,હા,Pending
Yogesh Savaliya Radheshyam,7487975560,મહુવા / અમદાવાદ,સપરિવાર,હા,હા,હા,હા,હા,Pending
Arjun Chakravarti,8811096337,મહુવા / અમદાવાદ,સપરિવાર,હા,હા,હા,હા,હા,Pending
Gopal Gangajaliya Idfc,9726888845,મહુવા / અમદાવાદ,સપરિવાર,હા,હા,હા,હા,હા,Pending
Hetal Rushik Vekriya,7284983043,મહુવા / અમદાવાદ,સપરિવાર,હા,હા,હા,હા,હા,Pending
Jagdish Riksha Vala,9726706409,મહુવા / અમદાવાદ,સપરિવાર,હા,હા,હા,હા,હા,Pending
Mitesh Sir Gondaliya,6351421204,મહુવા / અમદાવાદ,સપરિવાર,હા,હા,હા,હા,હા,Pending
N K Suthar Alluminium Vadodara,9660220511,વડોદરા,સપરિવાર,હા,હા,હા,હા,હા,Pending
Mansi Malankiya Math,9328644473,મહુવા / અમદાવાદ,સપરિવાર,હા,હા,હા,હા,હા,Pending
Kam Mate Ramila Ben,8849271444,મહુવા / અમદાવાદ,સપરિવાર,હા,હા,હા,હા,હા,Pending
Mitrajsinh vala,6355715089,મહુવા / અમદાવાદ,સપરિવાર,હા,હા,હા,હા,હા,Pending
Anurag Valiya J,8866921240,મહુવા / અમદાવાદ,સપરિવાર,હા,હા,હા,હા,હા,Pending
Piyush Dhundhlava (Bhuro),7016799877,મહુવા / અમદાવાદ,સપરિવાર,હા,હા,હા,હા,હા,Pending
Daksh 22-23,7990426491,મહુવા / અમદાવાદ,સપરિવાર,હા,હા,હા,હા,હા,Pending
0,8155090506,મહુવા / અમદાવાદ,સપરિવાર,હા,હા,હા,હા,હા,Pending
EPFO,7738299899,મહુવા / અમદાવાદ,સપરિવાર,હા,હા,હા,હા,હા,Pending
Shradha,6353686831,મહુવા / અમદાવાદ,સપરિવાર,હા,હા,હા,હા,હા,Pending
Memnagar Gurukul Office,9825210096,મહુવા / અમદાવાદ,સપરિવાર,હા,હા,હા,હા,હા,Pending
Hetal Hariyani Eng,8200034952,મહુવા / અમદાવાદ,સપરિવાર,હા,હા,હા,હા,હા,Pending
Laxmi Yadav,8140386936,મહુવા / અમદાવાદ,સપરિવાર,હા,હા,હા,હા,હા,Pending
Sam Nilesh Bhai Ahd,9328987364,અમદાવાદ,સપરિવાર,હા,હા,હા,હા,હા,Pending
Pravin Bhai Joliya Pagi,9723752062,મહુવા / અમદાવાદ,સપરિવાર,હા,હા,હા,હા,હા,Pending
Drivrer Hirenbhai 4747,9925405399,મહુવા / અમદાવાદ,સપરિવાર,હા,હા,હા,હા,હા,Pending
Hariprasad Swami Kamiyala,9978329549,મહુવા / અમદાવાદ,સપરિવાર,હા,હા,હા,હા,હા,Pending
Hirani Nilesh Surat,9824514441,સુરત,સપરિવાર,હા,હા,હા,હા,હા,Pending
Pravin Joshi Geb,9099032488,મહુવા / અમદાવાદ,સપરિવાર,હા,હા,હા,હા,હા,Pending
VISHAL ENTERPRISE-MAHUVA,9427726401,મહુવા,સપરિવાર,હા,હા,હા,હા,હા,Pending
Solanki Isha Eng Tea Mate,8799304570,મહુવા / અમદાવાદ,સપરિવાર,હા,હા,હા,હા,હા,Pending
Kishor Kapopara Amrutvel,9408380042,મહુવા / અમદાવાદ,સપરિવાર,હા,હા,હા,હા,હા,Pending
padshala chandu Bhai,9428469038,મહુવા / અમદાવાદ,સપરિવાર,હા,હા,હા,હા,હા,Pending
Tarun Datradi Eco,9998800399,મહુવા / અમદાવાદ,સપરિવાર,હા,હા,હા,હા,હા,Pending
Dharam Bhai Patel Sardar Gurukul,9904171719,મહુવા / અમદાવાદ,સપરિવાર,હા,હા,હા,હા,હા,Pending
Jayendra vala,9275750438,મહુવા / અમદાવાદ,સપરિવાર,હા,હા,હા,હા,હા,Pending
Milan Pandya Sports Tea,8899616374,મહુવા / અમદાવાદ,સપરિવાર,હા,હા,હા,હા,હા,Pending
Ketan Vala Shriji Footwer,9978301191,મહુવા / અમદાવાદ,સપરિવાર,હા,હા,હા,હા,હા,Pending
Jatin Abvp,8200191312,મહુવા / અમદાવાદ,સપરિવાર,હા,હા,હા,હા,હા,Pending
Shivam Menariya,9726387795,મહુવા / અમદાવાદ,સપરિવાર,હા,હા,હા,હા,હા,Pending
Jinesh Gandhi Woodpekar,9535409045,મહુવા / અમદાવાદ,સપરિવાર,હા,હા,હા,હા,હા,Pending
Wood Pekar,8401159045,મહુવા / અમદાવાદ,સપરિવાર,હા,હા,હા,હા,હા,Pending
Shri Ram Dhadhar,6359377098,મહુવા / અમદાવાદ,સપરિવાર,હા,હા,હા,હા,હા,Pending
Ramnik Bhai Joshi Radhe,9428345659,મહુવા / અમદાવાદ,સપરિવાર,હા,હા,હા,હા,હા,Pending
Bhavesh Vyas Revle Bhav,9016466425,ભાવનગર,સપરિવાર,હા,હા,હા,હા,હા,Pending
Punam Ben Aaya,6355539058,મહુવા / અમદાવાદ,સપરિવાર,હા,હા,હા,હા,હા,Pending
Hetal Ben Masi Kundla,6353335845,સાવરકુંડલા,સપરિવાર,હા,હા,હા,હા,હા,Pending
Hetal Ben Masi Kundla,9429077733,સાવરકુંડલા,સપરિવાર,હા,હા,હા,હા,હા,Pending
Seema. Rasoi Ramkrishna Aashram,9327299995,મહુવા / અમદાવાદ,સપરિવાર,હા,હા,હા,હા,હા,Pending
Amu kaka  Savliya Una,9979386729,મહુવા / અમદાવાદ,સપરિવાર,હા,હા,હા,હા,હા,Pending
Haresh Rathod Ambe Travel,8238201100,મહુવા / અમદાવાદ,સપરિવાર,હા,હા,હા,હા,હા,Pending
Dr Nilesh Ramani ( Marod),8160014861,મહુવા / અમદાવાદ,સપરિવાર,હા,હા,હા,હા,હા,Pending
Amit Vegad Boda,9624513158,મહુવા / અમદાવાદ,સપરિવાર,હા,હા,હા,હા,હા,Pending
Haresh Kothari,9131126978,મહુવા / અમદાવાદ,સપરિવાર,હા,હા,હા,હા,હા,Pending
Kalam Yuddh Chirag Bhai,9821401866,મહુવા / અમદાવાદ,સપરિવાર,હા,હા,હા,હા,હા,Pending
Arpit Mukeshbhai Hemal,9909573686,મહુવા / અમદાવાદ,સપરિવાર,હા,હા,હા,હા,હા,Pending
Samaj Mate Puja Ben,7359127878,મહુવા / અમદાવાદ,સપરિવાર,હા,હા,હા,હા,હા,Pending
Rupa Khasiya,9327289195,મહુવા / અમદાવાદ,સપરિવાર,હા,હા,હા,હા,હા,Pending
Kanu Bhai Pesuti Vala,9427287841,મહુવા / અમદાવાદ,સપરિવાર,હા,હા,હા,હા,હા,Pending
Lala Bhai Pesuti Hemal,9825750632,મહુવા / અમદાવાદ,સપરિવાર,હા,હા,હા,હા,હા,Pending
Sakar Grup Mum Raju Bhai,8879265257,મુંબઈ,સપરિવાર,હા,હા,હા,હા,હા,Pending
Svm Talaja,9904825711,તળાજા,સપરિવાર,હા,હા,હા,હા,હા,Pending
Harsha Ben Aaya Eng,9904922918,મહુવા / અમદાવાદ,સપરિવાર,હા,હા,હા,હા,હા,Pending
Harsha Ben Aaya Eng,7777922651,મહુવા / અમદાવાદ,સપરિવાર,હા,હા,હા,હા,હા,Pending
Darshak Ladumor Mota Jadra,7574907029,મહુવા / અમદાવાદ,સપરિવાર,હા,હા,હા,હા,હા,Pending
Bhola Bhai Joliya D J,9714373682,મહુવા / અમદાવાદ,સપરિવાર,હા,હા,હા,હા,હા,Pending
Krushnadevsinh Jadav Trust Hdfc,9327159498,મહુવા / અમદાવાદ,સપરિવાર,હા,હા,હા,હા,હા,Pending
Jatin Butani Surat,9737224936,સુરત,સપરિવાર,હા,હા,હા,હા,હા,Pending
Harshad Bhai Vaghela Town Pla.Er,8140970696,મહુવા / અમદાવાદ,સપરિવાર,હા,હા,હા,હા,હા,Pending
D N Patel Electric Bhv,9825836505,ભાવનગર,સપરિવાર,હા,હા,હા,હા,હા,Pending
Ashvin Kalsariya Apmc Water,7202057655,મહુવા / અમદાવાદ,સપરિવાર,હા,હા,હા,હા,હા,Pending
Pankaj Trivedi Sir Msi Bhv,9428221926,ભાવનગર,સપરિવાર,હા,હા,હા,હા,હા,Pending
Jaydeep Travel Bhv Jitu Bhai,7878789726,ભાવનગર,સપરિવાર,હા,હા,હા,હા,હા,Pending
Dr P S Bhut Hospital,2844223522,મહુવા / અમદાવાદ,સપરિવાર,હા,હા,હા,હા,હા,Pending
Nilesh Mbbs Bhv,9898267969,ભાવનગર,સપરિવાર,હા,હા,હા,હા,હા,Pending
Rakesh Bhai Surat,9825163033,સુરત,સપરિવાર,હા,હા,હા,હા,હા,Pending
Ashish Radadiya (Jalpa)Ahd,8000005345,અમદાવાદ,સપરિવાર,હા,હા,હા,હા,હા,Pending
Parshotam Bhai (Parva Sasra),9726517306,મહુવા / અમદાવાદ,સપરિવાર,હા,હા,હા,હા,હા,Pending
Nabu Fai Badhda,7623053121,મહુવા / અમદાવાદ,સપરિવાર,હા,હા,હા,હા,હા,Pending
Khimchand Kaka Desai Ahd,9979017960,અમદાવાદ,સપરિવાર,હા,હા,હા,હા,હા,Pending
Haresh Kaka Desai Ahd,9978131464,અમદાવાદ,સપરિવાર,હા,હા,હા,હા,હા,Pending
Dr Ajay Chitroda Bhv,9924697938,ભાવનગર,સપરિવાર,હા,હા,હા,હા,હા,Pending
Mansukh bhai Bavadiya Bhv,9638776468,ભાવનગર,સપરિવાર,હા,હા,હા,હા,હા,Pending
Tarvadi Saheb Aml,9825508352,અમરેલી,સપરિવાર,હા,હા,હા,હા,હા,Pending
Vikram Aata Ahir,9924528766,મહુવા / અમદાવાદ,સપરિવાર,હા,હા,હા,હા,હા,Pending
Vijay Babaria FRC RJK,9924531349,મહુવા / અમદાવાદ,સપરિવાર,હા,હા,હા,હા,હા,Pending
Shiyal Sangita Ben Bal,9638920634,મહુવા / અમદાવાદ,સપરિવાર,હા,હા,હા,હા,હા,Pending
Pintu Bhai PGVCL MHV,6353097850,મહુવા / અમદાવાદ,સપરિવાર,હા,હા,હા,હા,હા,Pending
Pratibha Ben Ahd,9327736081,અમદાવાદ,સપરિવાર,હા,હા,હા,હા,હા,Pending
Asha Shanti Lal Ahd,9316273393,અમદાવાદ,સપરિવાર,હા,હા,હા,હા,હા,Pending
Vraj.Pravin Bhai. G E B,7600807047,મહુવા / અમદાવાદ,સપરિવાર,હા,હા,હા,હા,હા,Pending
Gohil Shevani Papu Bhai,9924631809,મહુવા / અમદાવાદ,સપરિવાર,હા,હા,હા,હા,હા,Pending
Hari Bhai Chamunda Mo,9662042713,મહુવા / અમદાવાદ,સપરિવાર,હા,હા,હા,હા,હા,Pending
Mita Ben Bhv,9428785979,ભાવનગર,સપરિવાર,હા,હા,હા,હા,હા,Pending
Chatur Kaka Bhanvad,9427778745,મહુવા / અમદાવાદ,સપરિવાર,હા,હા,હા,હા,હા,Pending
Bala Bhai Manu Kaka Jadkala,9725917561,મહુવા / અમદાવાદ,સપરિવાર,હા,હા,હા,હા,હા,Pending
Daya Ben Trakuda,7096822422,મહુવા / અમદાવાદ,સપરિવાર,હા,હા,હા,હા,હા,Pending
Hasu Bhai Ukani Ahd,8200317735,અમદાવાદ,સપરિવાર,હા,હા,હા,હા,હા,Pending
Viras Dharmendra Sir,9016438051,મહુવા / અમદાવાદ,સપરિવાર,હા,હા,હા,હા,હા,Pending
Hasmukh Kakdiya Eng,6352123175,મહુવા / અમદાવાદ,સપરિવાર,હા,હા,હા,હા,હા,Pending
Harsha Nakum Sans Tea,9638103383,મહુવા / અમદાવાદ,સપરિવાર,હા,હા,હા,હા,હા,Pending
Bhavya Pandya,9426028676,મહુવા / અમદાવાદ,સપરિવાર,હા,હા,હા,હા,હા,Pending
Eva Ayurvedic College Supedi,2824285111,મહુવા / અમદાવાદ,સપરિવાર,હા,હા,હા,હા,હા,Pending
Eva Ayurvedic College Supedi,9426371471,મહુવા / અમદાવાદ,સપરિવાર,હા,હા,હા,હા,હા,Pending
Shaileshbhai Vaju Bhai Ahd,8674007474,અમદાવાદ,સપરિવાર,હા,હા,હા,હા,હા,Pending
Dilipbhai Jasmat Bhai Ahd,9426852713,અમદાવાદ,સપરિવાર,હા,હા,હા,હા,હા,Pending
Gangdas Vaghji Bhai Desai,9925703013,મહુવા / અમદાવાદ,સપરિવાર,હા,હા,હા,હા,હા,Pending
Ashok Bhai Barot Forest,9374739999,મહુવા / અમદાવાદ,સપરિવાર,હા,હા,હા,હા,હા,Pending
Dilip Jasmat Desai Ahd,9426852712,અમદાવાદ,સપરિવાર,હા,હા,હા,હા,હા,Pending
Shailesh Vaju Desai Ahd,8674007174,અમદાવાદ,સપરિવાર,હા,હા,હા,હા,હા,Pending
Dharmedh Natha Kaka Desai,9924193212,મહુવા / અમદાવાદ,સપરિવાર,હા,હા,હા,હા,હા,Pending
Rakesh Gobar Bhai Ahd,9724461000,અમદાવાદ,સપરિવાર,હા,હા,હા,હા,હા,Pending
Pankaj Bhai Jaydeep Draivar,9737045904,મહુવા / અમદાવાદ,સપરિવાર,હા,હા,હા,હા,હા,Pending
Maru Spandan Supedi,7572834879,મહુવા / અમદાવાદ,સપરિવાર,હા,હા,હા,હા,હા,Pending
Mehulbhai Bavadiya Pipe,9558248765,મહુવા / અમદાવાદ,સપરિવાર,હા,હા,હા,હા,હા,Pending
Janak Vaghela Supedi,6353433391,મહુવા / અમદાવાદ,સપરિવાર,હા,હા,હા,હા,હા,Pending
Dr Nashir Parmar Supedi,9429878600,મહુવા / અમદાવાદ,સપરિવાર,હા,હા,હા,હા,હા,Pending
Dhwani Supedi,6351518680,મહુવા / અમદાવાદ,સપરિવાર,હા,હા,હા,હા,હા,Pending
Harish Sapariya Moti Banugar Supedi,9426955157,મહુવા / અમદાવાદ,સપરિવાર,હા,હા,હા,હા,હા,Pending
Khushi Patel Supedi,9328953102,મહુવા / અમદાવાદ,સપરિવાર,હા,હા,હા,હા,હા,Pending
Math Mate Dharmesh Bhai,6351269738,મહુવા / અમદાવાદ,સપરિવાર,હા,હા,હા,હા,હા,Pending
Ramju Ben Jajda,8153971726,મહુવા / અમદાવાદ,સપરિવાર,હા,હા,હા,હા,હા,Pending
Math Baraiya Haresh ENG,9624028634,મહુવા / અમદાવાદ,સપરિવાર,હા,હા,હા,હા,હા,Pending
Jani Khushi Ben Tea,9825247133,મહુવા / અમદાવાદ,સપરિવાર,હા,હા,હા,હા,હા,Pending
Devangii Vasiya Eng Clark,9313665612,મહુવા / અમદાવાદ,સપરિવાર,હા,હા,હા,હા,હા,Pending
Gopal Bhai Aajara Eco,9712440284,મહુવા / અમદાવાદ,સપરિવાર,હા,હા,હા,હા,હા,Pending
Devliya Shradha Tea,9409165011,મહુવા / અમદાવાદ,સપરિવાર,હા,હા,હા,હા,હા,Pending
Punit Rajai Ghanshyam,9428532948,મહુવા / અમદાવાદ,સપરિવાર,હા,હા,હા,હા,હા,Pending
Ratna Sahay Bhv,7383733626,ભાવનગર,સપરિવાર,હા,હા,હા,હા,હા,Pending
Parmita Hirpara Surat,9137636809,સુરત,સપરિવાર,હા,હા,હા,હા,હા,Pending
Manish Ramanuj Ges,9904298097,મહુવા / અમદાવાદ,સપરિવાર,હા,હા,હા,હા,હા,Pending
Jaldhi Civil Archi,9824912682,મહુવા / અમદાવાદ,સપરિવાર,હા,હા,હા,હા,હા,Pending
Hetal Gohil Hindi Mate,7990122652,મહુવા / અમદાવાદ,સપરિવાર,હા,હા,હા,હા,હા,Pending
Satyam Property Consultancy,8511970102,મહુવા / અમદાવાદ,સપરિવાર,હા,હા,હા,હા,હા,Pending
Suresh Dolashiya,9898360999,મહુવા / અમદાવાદ,સપરિવાર,હા,હા,હા,હા,હા,Pending
Pragji Valiya Yogi Foods,9737236666,મહુવા / અમદાવાદ,સપરિવાર,હા,હા,હા,હા,હા,Pending
Oza Purvi Ben,9727065762,મહુવા / અમદાવાદ,સપરિવાર,હા,હા,હા,હા,હા,Pending
Bhil Asmita Satish Bhai,9510789866,મહુવા / અમદાવાદ,સપરિવાર,હા,હા,હા,હા,હા,Pending
0,7434099440,મહુવા / અમદાવાદ,સપરિવાર,હા,હા,હા,હા,હા,Pending
Mistri Sanjay Makvana,9737617895,મહુવા / અમદાવાદ,સપરિવાર,હા,હા,હા,હા,હા,Pending
Mistri Sanjay Makvana,8780611977,મહુવા / અમદાવાદ,સપરિવાર,હા,હા,હા,હા,હા,Pending
Jadra Riksha Vala,9824644940,મહુવા / અમદાવાદ,સપરિવાર,હા,હા,હા,હા,હા,Pending
Gopal Bhai Datradi Eco,7984035253,મહુવા / અમદાવાદ,સપરિવાર,હા,હા,હા,હા,હા,Pending
Hardik Vaghasiya  Softwere Rjk,9909345328,મહુવા / અમદાવાદ,સપરિવાર,હા,હા,હા,હા,હા,Pending
Hardik Vaghasiya  Softwere Rjk,9558001712,મહુવા / અમદાવાદ,સપરિવાર,હા,હા,હા,હા,હા,Pending
Bhalriya Devanshi Bharat,9023136902,મહુવા / અમદાવાદ,સપરિવાર,હા,હા,હા,હા,હા,Pending
Sondagar Vaidik Mukesh Bhai,9737650137,મહુવા / અમદાવાદ,સપરિવાર,હા,હા,હા,હા,હા,Pending
Rahul Softwer Vanda,9974707202,મહુવા / અમદાવાદ,સપરિવાર,હા,હા,હા,હા,હા,Pending
Tushar Sikotara Blezar,9265355430,મહુવા / અમદાવાદ,સપરિવાર,હા,હા,હા,હા,હા,Pending
Kg Eng Desai Deval Mem,7043524079,મહુવા / અમદાવાદ,સપરિવાર,હા,હા,હા,હા,હા,Pending
Peena Sanjay Gaudani,9898680252,મહુવા / અમદાવાદ,સપરિવાર,હા,હા,હા,હા,હા,Pending
Bharat Bhai Hirpara,9429281510,મહુવા / અમદાવાદ,સપરિવાર,હા,હા,હા,હા,હા,Pending
Bhanu Bhai Gajera,9426288822,મહુવા / અમદાવાદ,સપરિવાર,હા,હા,હા,હા,હા,Pending
Varsha Ben Aaya Devliya,9638960816,મહુવા / અમદાવાદ,સપરિવાર,હા,હા,હા,હા,હા,Pending
Gandhi bhai City Survey MAHUVA,9624222905,મહુવા,સપરિવાર,હા,હા,હા,હા,હા,Pending
Dr Samir Sir Papa,9714788622,મહુવા / અમદાવાદ,સપરિવાર,હા,હા,હા,હા,હા,Pending
Devendra Trivedi Edutor Ai,9157298085,મહુવા / અમદાવાદ,સપરિવાર,હા,હા,હા,હા,હા,Pending
Rudra Patel Harbal Surat,9714859548,સુરત,સપરિવાર,હા,હા,હા,હા,હા,Pending
Alpa Ben Bharai Upleta Bus,9687239489,મહુવા / અમદાવાદ,સપરિવાર,હા,હા,હા,હા,હા,Pending
Hasan Shekh Eva Morangi,9978786986,મહુવા / અમદાવાદ,સપરિવાર,હા,હા,હા,હા,હા,Pending
Soni Amit Bhai Mumbai,8369935864,મુંબઈ,સપરિવાર,હા,હા,હા,હા,હા,Pending
Rahul Solanki Dilip Bhai Police,9979958658,મહુવા / અમદાવાદ,સપરિવાર,હા,હા,હા,હા,હા,Pending
Nilesh Jani Sanskut,8141838353,મહુવા / અમદાવાદ,સપરિવાર,હા,હા,હા,હા,હા,Pending
Munnabhai Kathiriya,9879559979,મહુવા / અમદાવાદ,સપરિવાર,હા,હા,હા,હા,હા,Pending
Vivek Butani Surat,9737124000,સુરત,સપરિવાર,હા,હા,હા,હા,હા,Pending
Barvaliya Surat,9913300085,સુરત,સપરિવાર,હા,હા,હા,હા,હા,Pending
Savliya Chirag Sir RNB,8980324727,મહુવા / અમદાવાદ,સપરિવાર,હા,હા,હા,હા,હા,Pending
Dipak Bhai Koldiya Surat Jilla Praivet Sch Pramukh,9825196382,સુરત,સપરિવાર,હા,હા,હા,હા,હા,Pending
Bhavin Rajput Ratna Kalakar,7802881809,મહુવા / અમદાવાદ,સપરિવાર,હા,હા,હા,હા,હા,Pending
Ghan Ratna Kalakar,7874542381,મહુવા / અમદાવાદ,સપરિવાર,હા,હા,હા,હા,હા,Pending
Pratik Dipak Vala,9104285303,મહુવા / અમદાવાદ,સપરિવાર,હા,હા,હા,હા,હા,Pending
Patel & Patel,9824061960,મહુવા / અમદાવાદ,સપરિવાર,હા,હા,હા,હા,હા,Pending
Sofra Softwer Rjt,9988448255,રાજકોટ,સપરિવાર,હા,હા,હા,હા,હા,Pending
Shilpa Zalavadiya,7434032833,મહુવા / અમદાવાદ,સપરિવાર,હા,હા,હા,હા,હા,Pending
Dhruv Rajula,9737482567,મહુવા / અમદાવાદ,સપરિવાર,હા,હા,હા,હા,હા,Pending
Jenti Bhai Vaylu Morangi,9825235155,મહુવા / અમદાવાદ,સપરિવાર,હા,હા,હા,હા,હા,Pending
Color,7990231515,મહુવા / અમદાવાદ,સપરિવાર,હા,હા,હા,હા,હા,Pending
Kiran Karshanbhai Jani Sir Election,9427412213,મહુવા / અમદાવાદ,સપરિવાર,હા,હા,હા,હા,હા,Pending
Kiran Ben SIR ELECTION,9429505042,મહુવા / અમદાવાદ,સપરિવાર,હા,હા,હા,હા,હા,Pending
Hetal Ba Surat,9510287278,સુરત,સપરિવાર,હા,હા,હા,હા,હા,Pending
Ami Raval Tea New,8320731910,મહુવા / અમદાવાદ,સપરિવાર,હા,હા,હા,હા,હા,Pending
Ami Raval Tea New,9499715628,મહુવા / અમદાવાદ,સપરિવાર,હા,હા,હા,હા,હા,Pending
Jignesh Jani Rku Rjk,9904086044,મહુવા / અમદાવાદ,સપરિવાર,હા,હા,હા,હા,હા,Pending
Krutarth Patel Signature Era,7990779803,મહુવા / અમદાવાદ,સપરિવાર,હા,હા,હા,હા,હા,Pending
Nikunj Bhai Vekriya Ahd,9909919649,અમદાવાદ,સપરિવાર,હા,હા,હા,હા,હા,Pending
Nikunj Bhai Vekriya Ahd,8320265795,અમદાવાદ,સપરિવાર,હા,હા,હા,હા,હા,Pending
Naresh bhai Mistri Shri Hari Mhv,9537092106,મહુવા / અમદાવાદ,સપરિવાર,હા,હા,હા,હા,હા,Pending
Vishal Desai Broker,9099361717,મહુવા / અમદાવાદ,સપરિવાર,હા,હા,હા,હા,હા,Pending
Chirag Parmar Ahd Loan,8200059778,અમદાવાદ,સપરિવાર,હા,હા,હા,હા,હા,Pending
Shaswat Simfony Zundal,9104083383,મહુવા / અમદાવાદ,સપરિવાર,હા,હા,હા,હા,હા,Pending
Sahana Rathod Cromtan,9898617059,મહુવા / અમદાવાદ,સપરિવાર,હા,હા,હા,હા,હા,Pending
Digital. Gujrat Online Service,9545756767,મહુવા / અમદાવાદ,સપરિવાર,હા,હા,હા,હા,હા,Pending
Pravin Bhai Phy,9898388910,મહુવા / અમદાવાદ,સપરિવાર,હા,હા,હા,હા,હા,Pending
Dhvani Parmar Tea,9081606005,મહુવા / અમદાવાદ,સપરિવાર,હા,હા,હા,હા,હા,Pending
Vishvaswarup Swami Gurukul Surat,8000000252,સુરત,સપરિવાર,હા,હા,હા,હા,હા,Pending
Ankush Makvana EVA,9909260276,મહુવા / અમદાવાદ,સપરિવાર,હા,હા,હા,હા,હા,Pending
DrJayraj Nagotha Jamnagar,9979302419,જામનગર,સપરિવાર,હા,હા,હા,હા,હા,Pending
Hari Digital Print Surat,9099041410,સુરત,સપરિવાર,હા,હા,હા,હા,હા,Pending
Amar Vira Lotion Surat,9904848708,સુરત,સપરિવાર,હા,હા,હા,હા,હા,Pending
Arshit Bhai Gala Ahd,8000099999,અમદાવાદ,સપરિવાર,હા,હા,હા,હા,હા,Pending
Lom Bhai Bhammar,7574866335,મહુવા / અમદાવાદ,સપરિવાર,હા,હા,હા,હા,હા,Pending
Mitesh P P Parekh,9898328090,મહુવા / અમદાવાદ,સપરિવાર,હા,હા,હા,હા,હા,Pending
Hotel Ravansh -mahuva,9512878787,મહુવા,સપરિવાર,હા,હા,હા,હા,હા,Pending
Hasu Bhai Surat,9898858629,સુરત,સપરિવાર,હા,હા,હા,હા,હા,Pending
Kishor Bhai Wel Tailor,9998990519,મહુવા / અમદાવાદ,સપરિવાર,હા,હા,હા,હા,હા,Pending
Mahesh Baps Mahuva Utara,9998994100,મહુવા,સપરિવાર,હા,હા,હા,હા,હા,Pending
Hareshbhai Zinzala Jivan Jyot,9624080761,મહુવા / અમદાવાદ,સપરિવાર,હા,હા,હા,હા,હા,Pending
Fugga Mate Munna Bhai,9824574547,મહુવા / અમદાવાદ,સપરિવાર,હા,હા,હા,હા,હા,Pending
Manisha Ben Dress Mate Valsad,9824603751,મહુવા / અમદાવાદ,સપરિવાર,હા,હા,હા,હા,હા,Pending
Hanumant Stationary,7096649610,મહુવા / અમદાવાદ,સપરિવાર,હા,હા,હા,હા,હા,Pending
Rageswsri Shiyal Eng Tea,9265743596,મહુવા / અમદાવાદ,સપરિવાર,હા,હા,હા,હા,હા,Pending
Ketan  Mevada,9924244831,મહુવા / અમદાવાદ,સપરિવાર,હા,હા,હા,હા,હા,Pending
Sanjay Gajjar Navnit,8238222535,મહુવા / અમદાવાદ,સપરિવાર,હા,હા,હા,હા,હા,Pending
Mayurbhai Rathod,9574825001,મહુવા / અમદાવાદ,સપરિવાર,હા,હા,હા,હા,હા,Pending
J P Kumbhani Taveda,9428619554,મહુવા / અમદાવાદ,સપરિવાર,હા,હા,હા,હા,હા,Pending
Vasu Wildlife Rescue Foundation,9824236569,મહુવા / અમદાવાદ,સપરિવાર,હા,હા,હા,હા,હા,Pending
Harsh Makwana Wild Rescue,9033772511,મહુવા / અમદાવાદ,સપરિવાર,હા,હા,હા,હા,હા,Pending
Samir Bharat Express,7016377897,મહુવા / અમદાવાદ,સપરિવાર,હા,હા,હા,હા,હા,Pending
Vandit Bhut Amrut,9998700622,મહુવા / અમદાવાદ,સપરિવાર,હા,હા,હા,હા,હા,Pending
Jayantsir Dangodra,7016488246,મહુવા / અમદાવાદ,સપરિવાર,હા,હા,હા,હા,હા,Pending
Jayantsir Dangodra,9974178783,મહુવા / અમદાવાદ,સપરિવાર,હા,હા,હા,હા,હા,Pending
Shailesh Bhai Kachdiya,9824543703,મહુવા / અમદાવાદ,સપરિવાર,હા,હા,હા,હા,હા,Pending
Jemisha Ashish Ahd,7623835994,અમદાવાદ,સપરિવાર,હા,હા,હા,હા,હા,Pending
S t Parsal Mahuva,8128221872,મહુવા,સપરિવાર,હા,હા,હા,હા,હા,Pending
S T Parsal Amreli,9879055880,અમરેલી,સપરિવાર,હા,હા,હા,હા,હા,Pending
Akshay Bhai Sci Team,8160923624,મહુવા / અમદાવાદ,સપરિવાર,હા,હા,હા,હા,હા,Pending
Fugga mate Bobby Bhai,9033331323,મહુવા / અમદાવાદ,સપરિવાર,હા,હા,હા,હા,હા,Pending
F R C Rajkot,9726760533,રાજકોટ,સપરિવાર,હા,હા,હા,હા,હા,Pending
Ghori Jignesh Bhai Ssc,9904569235,મહુવા / અમદાવાદ,સપરિવાર,હા,હા,હા,હા,હા,Pending
Kamlesh Bhai K Rafaliya,9898097224,મહુવા / અમદાવાદ,સપરિવાર,હા,હા,હા,હા,હા,Pending
Yogi jivan Swami BAPS Mhv,9998993108,મહુવા / અમદાવાદ,સપરિવાર,હા,હા,હા,હા,હા,Pending
GSEB HELP LINE,8485992014,મહુવા / અમદાવાદ,સપરિવાર,હા,હા,હા,હા,હા,Pending
Pankaj Bhai Thumar (Daya),9974112955,મહુવા / અમદાવાદ,સપરિવાર,હા,હા,હા,હા,હા,Pending
Samarpan Vidhyamandir Talaja,9624177070,તળાજા,સપરિવાર,હા,હા,હા,હા,હા,Pending
Shri Ram Dugdhalay,9714579780,મહુવા / અમદાવાદ,સપરિવાર,હા,હા,હા,હા,હા,Pending
Solanki Avani Manish Bhai,7990280224,મહુવા / અમદાવાદ,સપરિવાર,હા,હા,હા,હા,હા,Pending
Ravi Thumar Bhano,9510584446,મહુવા / અમદાવાદ,સપરિવાર,હા,હા,હા,હા,હા,Pending
Priti Trivedi Axis Loan,9824382660,મહુવા / અમદાવાદ,સપરિવાર,હા,હા,હા,હા,હા,Pending
Khush Mitul Sheth Mahuva,9104726490,મહુવા,સપરિવાર,હા,હા,હા,હા,હા,Pending
Jagruti Ben Parth Bhai Bhalala,9377224080,મહુવા / અમદાવાદ,સપરિવાર,હા,હા,હા,હા,હા,Pending
Devang Bhai Jani,8320458090,મહુવા / અમદાવાદ,સપરિવાર,હા,હા,હા,હા,હા,Pending
Ukani Sir PGVCL,9925209304,મહુવા / અમદાવાદ,સપરિવાર,હા,હા,હા,હા,હા,Pending
Altaf Bhai Badami,9426450732,મહુવા / અમદાવાદ,સપરિવાર,હા,હા,હા,હા,હા,Pending
Gohil Jalpa H (Sanskrit Tea),9106542567,મહુવા / અમદાવાદ,સપરિવાર,હા,હા,હા,હા,હા,Pending
Shailesh Vyas RSS,9426222759,મહુવા / અમદાવાદ,સપરિવાર,હા,હા,હા,હા,હા,Pending
Sun Mark Oxijan Mashin AHD,9426545799,અમદાવાદ,સપરિવાર,હા,હા,હા,હા,હા,Pending
Atul Bhai Patel Plastics,9825244508,મહુવા / અમદાવાદ,સપરિવાર,હા,હા,હા,હા,હા,Pending
Nilesh Rafaliya Vevai Ahd,9913648410,અમદાવાદ,સપરિવાર,હા,હા,હા,હા,હા,Pending
Girish Sir Lalvani Supedi,9925291325,મહુવા / અમદાવાદ,સપરિવાર,હા,હા,હા,હા,હા,Pending
Amit Dihora Hdfc Bhv,7016591498,ભાવનગર,સપરિવાર,હા,હા,હા,હા,હા,Pending
Dr Priyanshi Bagdaniya Physio,9824563007,મહુવા / અમદાવાદ,સપરિવાર,હા,હા,હા,હા,હા,Pending
Tanna Travels Bhv,9724014831,ભાવનગર,સપરિવાર,હા,હા,હા,હા,હા,Pending
Bhavin Pandya Cine Ark,9687680950,મહુવા / અમદાવાદ,સપરિવાર,હા,હા,હા,હા,હા,Pending
Tanna Travel Paldi Ahd,9724014840,અમદાવાદ,સપરિવાર,હા,હા,હા,હા,હા,Pending
Bipinbhai Vaghela Pasangi Tailor,9909395461,મહુવા / અમદાવાદ,સપરિવાર,હા,હા,હા,હા,હા,Pending
DIPAK Jalondara Vanita Ben,8160269950,મહુવા / અમદાવાદ,સપરિવાર,હા,હા,હા,હા,હા,Pending
Shailesh Bamaniya Sauratra Samachar,9427279155,મહુવા / અમદાવાદ,સપરિવાર,હા,હા,હા,હા,હા,Pending
Vishal Trivedi Nil Home,6354908460,મહુવા / અમદાવાદ,સપરિવાર,હા,હા,હા,હા,હા,Pending
Maharaja Gold,9638223921,મહુવા / અમદાવાદ,સપરિવાર,હા,હા,હા,હા,હા,Pending
Cine Ark Mahuva Manezar,8530026113,મહુવા,સપરિવાર,હા,હા,હા,હા,હા,Pending
Darshan Bhai Valiya,9825879869,મહુવા / અમદાવાદ,સપરિવાર,હા,હા,હા,હા,હા,Pending
Nirlep Swami Borsad,9427549710,મહુવા / અમદાવાદ,સપરિવાર,હા,હા,હા,હા,હા,Pending
Jitu Saund,9925513125,મહુવા / અમદાવાદ,સપરિવાર,હા,હા,હા,હા,હા,Pending
Jignesh Vinay  Catlery,9664562257,મહુવા / અમદાવાદ,સપરિવાર,હા,હા,હા,હા,હા,Pending
Manoj Bhambhaniya Nesvad,9537099042,મહુવા / અમદાવાદ,સપરિવાર,હા,હા,હા,હા,હા,Pending
Rathod Jay Dhanji Bhai Amrutvel,9313641464,મહુવા / અમદાવાદ,સપરિવાર,હા,હા,હા,હા,હા,Pending
Falguni Ben Trivedi Ashish Bhai,9978213101,મહુવા / અમદાવાદ,સપરિવાર,હા,હા,હા,હા,હા,Pending
Falguni Ben Trivedi Ashish Bhai,7073570753,મહુવા / અમદાવાદ,સપરિવાર,હા,હા,હા,હા,હા,Pending
S5 Jaysukh Bhai Makvana,7016045050,મહુવા / અમદાવાદ,સપરિવાર,હા,હા,હા,હા,હા,Pending
D G Vekriya,9428618198,મહુવા / અમદાવાદ,સપરિવાર,હા,હા,હા,હા,હા,Pending
Hastika Ben Rafaliya Ahd,8128397212,અમદાવાદ,સપરિવાર,હા,હા,હા,હા,હા,Pending
Robinkumar Patel Gandhinagar,9978047376,મહુવા / અમદાવાદ,સપરિવાર,હા,હા,હા,હા,હા,Pending
S13 Jiva Bhai Damor,9825840751,મહુવા / અમદાવાદ,સપરિવાર,હા,હા,હા,હા,હા,Pending
Ketan Bhai Trivedi Nalanda,9924632962,મહુવા / અમદાવાદ,સપરિવાર,હા,હા,હા,હા,હા,Pending
Nesvad Manu Bhai Shiyal,9723746700,મહુવા / અમદાવાદ,સપરિવાર,હા,હા,હા,હા,હા,Pending
Sch Vangar Piyush Bhai Jethva,9974387274,મહુવા / અમદાવાદ,સપરિવાર,હા,હા,હા,હા,હા,Pending
Sch Solanki Alka Ben  Bildi,9904145748,મહુવા / અમદાવાદ,સપરિવાર,હા,હા,હા,હા,હા,Pending
Sch Bhadra Gunvant Bhai Kavad,9427232411,મહુવા / અમદાવાદ,સપરિવાર,હા,હા,હા,હા,હા,Pending
Sch Umaniyavadar Jogidasbhai,9316091441,મહુવા / અમદાવાદ,સપરિવાર,હા,હા,હા,હા,હા,Pending
SCH MOTA JADRA DHIRU BHAI GOHIL,9426221699,મહુવા / અમદાવાદ,સપરિવાર,હા,હા,હા,હા,હા,Pending
Sch Maliya Vimal Bhai Vavdiya,9429160495,મહુવા / અમદાવાદ,સપરિવાર,હા,હા,હા,હા,હા,Pending
Sch Devliya Sangita ben Khakhar,9377544836,મહુવા / અમદાવાદ,સપરિવાર,હા,હા,હા,હા,હા,Pending
Sch Konjali Jagruti Ben Jani,9909471442,મહુવા / અમદાવાદ,સપરિવાર,હા,હા,હા,હા,હા,Pending
Lalji Bhai Variya,9925888363,મહુવા / અમદાવાદ,સપરિવાર,હા,હા,હા,હા,હા,Pending
Sch Yogesh Bhai Tank Talgajrada,9429412516,મહુવા / અમદાવાદ,સપરિવાર,હા,હા,હા,હા,હા,Pending
Sch Vimal Vavadiya Maliya,9265038663,મહુવા / અમદાવાદ,સપરિવાર,હા,હા,હા,હા,હા,Pending
Sch Amrutvel Ramesh Bhai,9724184518,મહુવા / અમદાવાદ,સપરિવાર,હા,હા,હા,હા,હા,Pending
Darshan Lagar Bhai Makvana,9558029191,મહુવા / અમદાવાદ,સપરિવાર,હા,હા,હા,હા,હા,Pending
Dr Bhumika Makvana,9328629853,મહુવા / અમદાવાદ,સપરિવાર,હા,હા,હા,હા,હા,Pending
Arshad Dasadiya,8999961999,મહુવા / અમદાવાદ,સપરિવાર,હા,હા,હા,હા,હા,Pending
Hiren Parmar Jay Mataji Water Park,8128856563,મહુવા / અમદાવાદ,સપરિવાર,હા,હા,હા,હા,હા,Pending
Darshan University Junagadh,7096979962,જુનાગઢ,સપરિવાર,હા,હા,હા,હા,હા,Pending
Jainam Nimesh Bhai,9427572417,મહુવા / અમદાવાદ,સપરિવાર,હા,હા,હા,હા,હા,Pending
Vitrag Shah Pune,9429704125,મહુવા / અમદાવાદ,સપરિવાર,હા,હા,હા,હા,હા,Pending
Jagdish Bhai Makvana Math,7016455578,મહુવા / અમદાવાદ,સપરિવાર,હા,હા,હા,હા,હા,Pending
Gohil Mahadip Maksure,9879041015,મહુવા / અમદાવાદ,સપરિવાર,હા,હા,હા,હા,હા,Pending
Paresh bhai Lead News Mahuva,9978514700,મહુવા,સપરિવાર,હા,હા,હા,હા,હા,Pending
Dipak Bhai Jiyani,9574798375,મહુવા / અમદાવાદ,સપરિવાર,હા,હા,હા,હા,હા,Pending
Mukesh Gadhvi Teacher,6355307314,મહુવા / અમદાવાદ,સપરિવાર,હા,હા,હા,હા,હા,Pending
Vikram Bhai Tadha Come Mate,9313865247,મહુવા / અમદાવાદ,સપરિવાર,હા,હા,હા,હા,હા,Pending
Lakhnotra Vrunda Bhikha Bhai,7359832150,મહુવા / અમદાવાદ,સપરિવાર,હા,હા,હા,હા,હા,Pending
Kishor Bhai Nagotha En,9510774857,મહુવા / અમદાવાદ,સપરિવાર,હા,હા,હા,હા,હા,Pending
Amit Joshi Sanskrit Nutan,8141827712,મહુવા / અમદાવાદ,સપરિવાર,હા,હા,હા,હા,હા,Pending
Chintan Trivedi Idiyal,9426219556,મહુવા / અમદાવાદ,સપરિવાર,હા,હા,હા,હા,હા,Pending
Manoj Yadav Sir Eng Medi,9512957379,મહુવા / અમદાવાદ,સપરિવાર,હા,હા,હા,હા,હા,Pending
Jenti Bhai  Butbhavani Ma,8347587070,મહુવા / અમદાવાદ,સપરિવાર,હા,હા,હા,હા,હા,Pending
Viren Kathiriya,9979696777,મહુવા / અમદાવાદ,સપરિવાર,હા,હા,હા,હા,હા,Pending
Pandya Paresh Ganesh Stet,9824484817,મહુવા / અમદાવાદ,સપરિવાર,હા,હા,હા,હા,હા,Pending
102 Bina Ben Mehta,9428855909,મહુવા / અમદાવાદ,સપરિવાર,હા,હા,હા,હા,હા,Pending
Rushabh Parekh Navneet Penal,9586145000,મહુવા / અમદાવાદ,સપરિવાર,હા,હા,હા,હા,હા,Pending
Subhas Bhai Penal,9913954015,મહુવા / અમદાવાદ,સપરિવાર,હા,હા,હા,હા,હા,Pending
Hdfc Prakash Chudasama,8980300900,મહુવા / અમદાવાદ,સપરિવાર,હા,હા,હા,હા,હા,Pending
Harshita Joshi Eng Tea,9033144114,મહુવા / અમદાવાદ,સપરિવાર,હા,હા,હા,હા,હા,Pending
Shailesh Bhai Pandya Thomas,9328981207,મહુવા / અમદાવાદ,સપરિવાર,હા,હા,હા,હા,હા,Pending
Paramr Navina Tea,9428836058,મહુવા / અમદાવાદ,સપરિવાર,હા,હા,હા,હા,હા,Pending
Devangi J Bambhava Eng Tea,8780606013,મહુવા / અમદાવાદ,સપરિવાર,હા,હા,હા,હા,હા,Pending
Trivedi Jeel Dinesh Bhai Eng Tea,9664645525,મહુવા / અમદાવાદ,સપરિવાર,હા,હા,હા,હા,હા,Pending
Chauhan Sushma Eng Tea Surat,9737214005,સુરત,સપરિવાર,હા,હા,હા,હા,હા,Pending
Vinu Bhai Sojitra,7984028985,મહુવા / અમદાવાદ,સપરિવાર,હા,હા,હા,હા,હા,Pending
Kishu Digital Belt,9427315576,મહુવા / અમદાવાદ,સપરિવાર,હા,હા,હા,હા,હા,Pending
Bhuteswar Bharat Makvana,9099541868,મહુવા / અમદાવાદ,સપરિવાર,હા,હા,હા,હા,હા,Pending
Bhuteswar Bharat Makvana,9023007076,મહુવા / અમદાવાદ,સપરિવાર,હા,હા,હા,હા,હા,Pending
Chirag Bhai penal,9722979499,મહુવા / અમદાવાદ,સપરિવાર,હા,હા,હા,હા,હા,Pending
Vimal Bhimani,9429247853,મહુવા / અમદાવાદ,સપરિવાર,હા,હા,હા,હા,હા,Pending
Vinu Bhai Gondaliya Hemal,9909622338,મહુવા / અમદાવાદ,સપરિવાર,હા,હા,હા,હા,હા,Pending
Hdfc Arjun Sip,6353762537,મહુવા / અમદાવાદ,સપરિવાર,હા,હા,હા,હા,હા,Pending
Khushi Sanepara,8849323857,મહુવા / અમદાવાદ,સપરિવાર,હા,હા,હા,હા,હા,Pending
Kartik Bambhaniya Gola,9327666400,મહુવા / અમદાવાદ,સપરિવાર,હા,હા,હા,હા,હા,Pending
Bhavin Bhai Trivedi Bob,8000302287,મહુવા / અમદાવાદ,સપરિવાર,હા,હા,હા,હા,હા,Pending
Pramukh Uniforms Ahemdabad,9998944775,મહુવા / અમદાવાદ,સપરિવાર,હા,હા,હા,હા,હા,Pending
Asha Ghanshyam Gondaliya,9824951164,મહુવા / અમદાવાદ,સપરિવાર,હા,હા,હા,હા,હા,Pending
Akash Ajay Parekh,7600928050,મહુવા / અમદાવાદ,સપરિવાર,હા,હા,હા,હા,હા,Pending
Kedarnath Vasiya Vipul,6354758011,મહુવા / અમદાવાદ,સપરિવાર,હા,હા,હા,હા,હા,Pending
Sneha Mevada Liberty,7990441846,મહુવા / અમદાવાદ,સપરિવાર,હા,હા,હા,હા,હા,Pending
Parag Bhai Bell Vadodara,9376102393,વડોદરા,સપરિવાર,હા,હા,હા,હા,હા,Pending
Prahlad Sir Dave,9327338370,મહુવા / અમદાવાદ,સપરિવાર,હા,હા,હા,હા,હા,Pending
Urvisha Ben Hanumant Hos,6351853776,મહુવા / અમદાવાદ,સપરિવાર,હા,હા,હા,હા,હા,Pending
Mahendrasinh Gohil Liberty Sels,9624386542,મહુવા / અમદાવાદ,સપરિવાર,હા,હા,હા,હા,હા,Pending
Sch Plan Stetion Amita Bhavsar,9537119290,મહુવા / અમદાવાદ,સપરિવાર,હા,હા,હા,હા,હા,Pending
Sch Jagdish Valiya Light House,9429335816,મહુવા / અમદાવાદ,સપરિવાર,હા,હા,હા,હા,હા,Pending
Sch Katpar Minakshi BHALIYA Mem,7779003292,મહુવા / અમદાવાદ,સપરિવાર,હા,હા,હા,હા,હા,Pending
Nilesh Vyas,9427268964,મહુવા / અમદાવાદ,સપરિવાર,હા,હા,હા,હા,હા,Pending
Sch Bharat Dhandhukia Kumbhanr,9913825963,મહુવા / અમદાવાદ,સપરિવાર,હા,હા,હા,હા,હા,Pending
Sch Darshna Ben Teraiya Taveda,9825231331,મહુવા / અમદાવાદ,સપરિવાર,હા,હા,હા,હા,હા,Pending
Sch Hetalben Vaghnagar School,9428590899,મહુવા / અમદાવાદ,સપરિવાર,હા,હા,હા,હા,હા,Pending
Kalpesh Pandya,8154040040,મહુવા / અમદાવાદ,સપરિવાર,હા,હા,હા,હા,હા,Pending
Kirit Bhai Tank Rjk,9824800540,મહુવા / અમદાવાદ,સપરિવાર,હા,હા,હા,હા,હા,Pending
Kg Eng Tea Solanki Shruti Mem,9979644733,મહુવા / અમદાવાદ,સપરિવાર,હા,હા,હા,હા,હા,Pending
Mauli Mansukh Parmar Tea,8401117159,મહુવા / અમદાવાદ,સપરિવાર,હા,હા,હા,હા,હા,Pending
Nancy Dadhania Eva,7031111707,મહુવા / અમદાવાદ,સપરિવાર,હા,હા,હા,હા,હા,Pending
Jalpa Chauhan Radhe Eng,9426610275,મહુવા / અમદાવાદ,સપરિવાર,હા,હા,હા,હા,હા,Pending
Manish Asalpara Eng Tea,9638738680,મહુવા / અમદાવાદ,સપરિવાર,હા,હા,હા,હા,હા,Pending
Vidya Mem USA,17707123139,USA,સપરિવાર,હા,હા,હા,હા,હા,Pending
Muni Vadan Swami Sojitra,9081189853,મહુવા / અમદાવાદ,સપરિવાર,હા,હા,હા,હા,હા,Pending
Karan Gondaliya Sandesh,9998698333,મહુવા / અમદાવાદ,સપરિવાર,હા,હા,હા,હા,હા,Pending
Vaidehi Dinesh Parmar,7600727481,મહુવા / અમદાવાદ,સપરિવાર,હા,હા,હા,હા,હા,Pending
Vala Ankita Arvind Mota Jadra,9714743108,મહુવા / અમદાવાદ,સપરિવાર,હા,હા,હા,હા,હા,Pending
સ્નેહીજન (9714743105),9714743105,મહુવા / અમદાવાદ,સપરિવાર,હા,હા,હા,હા,હા,Pending
Gohil Arjun Tea,9265983454,મહુવા / અમદાવાદ,સપરિવાર,હા,હા,હા,હા,હા,Pending
Hiren Baraiya Brc Mhv,9737379761,મહુવા / અમદાવાદ,સપરિવાર,હા,હા,હા,હા,હા,Pending
Naresh Bhai Kava,9106603150,મહુવા / અમદાવાદ,સપરિવાર,હા,હા,હા,હા,હા,Pending
Naresh Bhai Kava,9737937760,મહુવા / અમદાવાદ,સપરિવાર,હા,હા,હા,હા,હા,Pending
Arvind BHAI Seta Hari,9924439575,મહુવા / અમદાવાદ,સપરિવાર,હા,હા,હા,હા,હા,Pending
Paresh Solanki Import/Export AHD,8866173484,અમદાવાદ,સપરિવાર,હા,હા,હા,હા,હા,Pending
Shiyal Ram Navneet Pen Drive,9510636470,મહુવા / અમદાવાદ,સપરિવાર,હા,હા,હા,હા,હા,Pending
Sejal Kavad Tea,9925903596,મહુવા / અમદાવાદ,સપરિવાર,હા,હા,હા,હા,હા,Pending
Rajendrasinh Dodiya RTE Bhav,8347081110,ભાવનગર,સપરિવાર,હા,હા,હા,હા,હા,Pending
Hemangi Chauhan Eng Tea,9274038588,મહુવા / અમદાવાદ,સપરિવાર,હા,હા,હા,હા,હા,Pending
Krunal Gaudani,9824150962,મહુવા / અમદાવાદ,સપરિવાર,હા,હા,હા,હા,હા,Pending
Chudasma Neha Haresh Bhai Tea,7490964747,મહુવા / અમદાવાદ,સપરિવાર,હા,હા,હા,હા,હા,Pending
Chudasma Neha Haresh Bhai Tea,8849601310,મહુવા / અમદાવાદ,સપરિવાર,હા,હા,હા,હા,હા,Pending
J B Vyas A.d.e.o,9408315603,મહુવા / અમદાવાદ,સપરિવાર,હા,હા,હા,હા,હા,Pending
Zeel Ukrani Eng Clark,9974640375,મહુવા / અમદાવાદ,સપરિવાર,હા,હા,હા,હા,હા,Pending
Valku Bhai Dudh,6351443914,મહુવા / અમદાવાદ,સપરિવાર,હા,હા,હા,હા,હા,Pending
Parmeswar Nilyam Ahd Nikhil,9998282806,અમદાવાદ,સપરિવાર,હા,હા,હા,હા,હા,Pending
Rameswar Grafic,8154810675,મહુવા / અમદાવાદ,સપરિવાર,હા,હા,હા,હા,હા,Pending
Shyam Thanth Astet Brokar,9173196072,મહુવા / અમદાવાદ,સપરિવાર,હા,હા,હા,હા,હા,Pending
Munjani Jaysukh Bhai Pipavav,9925633313,મહુવા / અમદાવાદ,સપરિવાર,હા,હા,હા,હા,હા,Pending
Vala Man Bhai Math,9725424673,મહુવા / અમદાવાદ,સપરિવાર,હા,હા,હા,હા,હા,Pending
Chandresh Chauhan Eng Clark Holly,9427676767,મહુવા / અમદાવાદ,સપરિવાર,હા,હા,હા,હા,હા,Pending
0,9924971927,મહુવા / અમદાવાદ,સપરિવાર,હા,હા,હા,હા,હા,Pending
0,9638636411,મહુવા / અમદાવાદ,સપરિવાર,હા,હા,હા,હા,હા,Pending
Gangotri School School,9099996979,મહુવા / અમદાવાદ,સપરિવાર,હા,હા,હા,હા,હા,Pending
Gangotri School School,9099996978,મહુવા / અમદાવાદ,સપરિવાર,હા,હા,હા,હા,હા,Pending
Rupali Gohil Eng Tea,9327108986,મહુવા / અમદાવાદ,સપરિવાર,હા,હા,હા,હા,હા,Pending
Dr Kamlesh Joshi Kumbhan,7383046055,મહુવા / અમદાવાદ,સપરિવાર,હા,હા,હા,હા,હા,Pending
Anjali Jaysukh Gohil Tea,9265211960,મહુવા / અમદાવાદ,સપરિવાર,હા,હા,હા,હા,હા,Pending
Ranjit Dalvadi Eng Tea,9773472135,મહુવા / અમદાવાદ,સપરિવાર,હા,હા,હા,હા,હા,Pending
Pragnesh Rathod Loan Bob Ahd,9924208787,અમદાવાદ,સપરિવાર,હા,હા,હા,હા,હા,Pending
Vivek Dave Gondal Sanskrut,9316097663,ગોંડલ,સપરિવાર,હા,હા,હા,હા,હા,Pending
Harshad Goswami Sch-4,6354368187,મહુવા / અમદાવાદ,સપરિવાર,હા,હા,હા,હા,હા,Pending
Patram Print Surat Girish,8347881112,સુરત,સપરિવાર,હા,હા,હા,હા,હા,Pending
Hiral Ben Tank,9574538960,મહુવા / અમદાવાદ,સપરિવાર,હા,હા,હા,હા,હા,Pending
Gulvani Suhasini K Tea,9033332051,મહુવા / અમદાવાદ,સપરિવાર,હા,હા,હા,હા,હા,Pending
Dinesh,9879932833,મહુવા / અમદાવાદ,સપરિવાર,હા,હા,હા,હા,હા,Pending
Mayur Note Book Ahd Bheem Singh Thakur,9687076360,અમદાવાદ,સપરિવાર,હા,હા,હા,હા,હા,Pending
Jani Janki Eng Tea,6351034343,મહુવા / અમદાવાદ,સપરિવાર,હા,હા,હા,હા,હા,Pending
Pandya Vipul B Sanskut Tea,9173706427,મહુવા / અમદાવાદ,સપરિવાર,હા,હા,હા,હા,હા,Pending
Kavad Krupali Konjali,9714159163,મહુવા / અમદાવાદ,સપરિવાર,હા,હા,હા,હા,હા,Pending
Naitik Bhai Stap,8780358320,મહુવા / અમદાવાદ,સપરિવાર,હા,હા,હા,હા,હા,Pending
Hemal Pandya Sgvp Charodi,9879208511,મહુવા / અમદાવાદ,સપરિવાર,હા,હા,હા,હા,હા,Pending
Bhardwajgiri Bapu Khutvada,9558787600,મહુવા / અમદાવાદ,સપરિવાર,હા,હા,હા,હા,હા,Pending
Parth Print Surat,6353008178,સુરત,સપરિવાર,હા,હા,હા,હા,હા,Pending
mansi Radadiya,8758502717,મહુવા / અમદાવાદ,સપરિવાર,હા,હા,હા,હા,હા,Pending
Ashwin Prajapati Navnit Trenar,9925410725,મહુવા / અમદાવાદ,સપરિવાર,હા,હા,હા,હા,હા,Pending
Shital Avadh Vaghela(Aaya),7624091729,મહુવા / અમદાવાદ,સપરિવાર,હા,હા,હા,હા,હા,Pending
Dhapa Tanisha Mukesh Tea,7203083882,મહુવા / અમદાવાદ,સપરિવાર,હા,હા,હા,હા,હા,Pending
Madhvi Ben Sanskut J P,9979014221,મહુવા / અમદાવાદ,સપરિવાર,હા,હા,હા,હા,હા,Pending
Adv Rajnibhai Joshi,9428798278,મહુવા / અમદાવાદ,સપરિવાર,હા,હા,હા,હા,હા,Pending
Dipali Jalondra,7984030021,મહુવા / અમદાવાદ,સપરિવાર,હા,હા,હા,હા,હા,Pending
Renal Chatrodiya Tea,8154989862,મહુવા / અમદાવાદ,સપરિવાર,હા,હા,હા,હા,હા,Pending
Mudra Lagdhar,9054947097,મહુવા / અમદાવાદ,સપરિવાર,હા,હા,હા,હા,હા,Pending
Viralkumar Parmar Ahd Vakil,8980608579,અમદાવાદ,સપરિવાર,હા,હા,હા,હા,હા,Pending
Panchal Jignesh Bhai Tea,6354454822,મહુવા / અમદાવાદ,સપરિવાર,હા,હા,હા,હા,હા,Pending
Shiyal Mahesh Sports (Jitu),7201038393,મહુવા / અમદાવાદ,સપરિવાર,હા,હા,હા,હા,હા,Pending
Sadgun Swami Kundal,9601290012,મહુવા / અમદાવાદ,સપરિવાર,હા,હા,હા,હા,હા,Pending
Kundaldham,9601290056,મહુવા / અમદાવાદ,સપરિવાર,હા,હા,હા,હા,હા,Pending
Sandipani Principal Bipin Joshi,7874882584,મહુવા / અમદાવાદ,સપરિવાર,હા,હા,હા,હા,હા,Pending
Hetal Joliya,7229015897,મહુવા / અમદાવાદ,સપરિવાર,હા,હા,હા,હા,હા,Pending
Rekha Vakani Aaya Bapor,8980242466,મહુવા / અમદાવાદ,સપરિવાર,હા,હા,હા,હા,હા,Pending
Math Chauhan Pankaj Bhai,7819997852,મહુવા / અમદાવાદ,સપરિવાર,હા,હા,હા,હા,હા,Pending
Pravina Ben Aaya Mate,9408856024,મહુવા / અમદાવાદ,સપરિવાર,હા,હા,હા,હા,હા,Pending
Mohit Sir Bharai Nani Jagdhar,9925739333,મહુવા / અમદાવાદ,સપરિવાર,હા,હા,હા,હા,હા,Pending
Savita Masi Moli,9714075051,મહુવા / અમદાવાદ,સપરિવાર,હા,હા,હા,હા,હા,Pending
Raj Rajyaguru,9429304707,મહુવા / અમદાવાદ,સપરિવાર,હા,હા,હા,હા,હા,Pending
Shivangi Rajyaguru,9173418656,મહુવા / અમદાવાદ,સપરિવાર,હા,હા,હા,હા,હા,Pending
Akshay Hasu Bhai Ukani,9537682584,મહુવા / અમદાવાદ,સપરિવાર,હા,હા,હા,હા,હા,Pending
AVANIT KATHIRIYA,7284044779,મહુવા / અમદાવાદ,સપરિવાર,હા,હા,હા,હા,હા,Pending
K.K Malani Puja,9428342333,મહુવા / અમદાવાદ,સપરિવાર,હા,હા,હા,હા,હા,Pending
Narayan bapa Jadakla,9737739896,મહુવા / અમદાવાદ,સપરિવાર,હા,હા,હા,હા,હા,Pending
Rajvir Bhai Gadhvi,6353448706,મહુવા / અમદાવાદ,સપરિવાર,હા,હા,હા,હા,હા,Pending
Hina Krunal Gaudani,9904495785,મહુવા / અમદાવાદ,સપરિવાર,હા,હા,હા,હા,હા,Pending
Vidhi Talati Tea,7016461254,મહુવા / અમદાવાદ,સપરિવાર,હા,હા,હા,હા,હા,Pending
Ekta Borisagar,9714146468,મહુવા / અમદાવાદ,સપરિવાર,હા,હા,હા,હા,હા,Pending
Ketan Vedani.,9427824218,મહુવા / અમદાવાદ,સપરિવાર,હા,હા,હા,હા,હા,Pending
Baldhiya Vandana Tea,7069875073,મહુવા / અમદાવાદ,સપરિવાર,હા,હા,હા,હા,હા,Pending
Gauseva Ujjaval Oza,6356080133,મહુવા / અમદાવાદ,સપરિવાર,હા,હા,હા,હા,હા,Pending
Harkant Bheda Emport,9104547708,મહુવા / અમદાવાદ,સપરિવાર,હા,હા,હા,હા,હા,Pending
Disha Ben Bhari,9737577680,મહુવા / અમદાવાદ,સપરિવાર,હા,હા,હા,હા,હા,Pending
Akshit Katriya,9510189629,મહુવા / અમદાવાદ,સપરિવાર,હા,હા,હા,હા,હા,Pending
Sanskrut Rinku Baraiya,8128516518,મહુવા / અમદાવાદ,સપરિવાર,હા,હા,હા,હા,હા,Pending
Bhavesh Bhai Kordiya Jay Janani,8140655010,મહુવા / અમદાવાદ,સપરિવાર,હા,હા,હા,હા,હા,Pending
Kavya Shah Tea,7567294260,મહુવા / અમદાવાદ,સપરિવાર,હા,હા,હા,હા,હા,Pending
Mangal Murti School Mahuva,9104908581,મહુવા,સપરિવાર,હા,હા,હા,હા,હા,Pending
Janvi Kucha,6352355895,મહુવા / અમદાવાદ,સપરિવાર,હા,હા,હા,હા,હા,Pending
Bhaliya Tulsi Tea,8128941501,મહુવા / અમદાવાદ,સપરિવાર,હા,હા,હા,હા,હા,Pending
Navneet Viram Khatsuriya,8734011834,મહુવા / અમદાવાદ,સપરિવાર,હા,હા,હા,હા,હા,Pending
Hitesh Makvana,8799448195,મહુવા / અમદાવાદ,સપરિવાર,હા,હા,હા,હા,હા,Pending
Gohil Arti Ben Tea,9722559359,મહુવા / અમદાવાદ,સપરિવાર,હા,હા,હા,હા,હા,Pending
Shree Mahavir Courier Service Pvt Ltd Mahuva,6352149022,મહુવા,સપરિવાર,હા,હા,હા,હા,હા,Pending
Mansukh Hirapara PVC Furniture,7069880690,મહુવા / અમદાવાદ,સપરિવાર,હા,હા,હા,હા,હા,Pending
Dhirubhi Dhapa Kedarnath,9909654270,મહુવા / અમદાવાદ,સપરિવાર,હા,હા,હા,હા,હા,Pending
Wood Patti Nileshbhai Prime,8000005815,મહુવા / અમદાવાદ,સપરિવાર,હા,હા,હા,હા,હા,Pending
Ghanshyam Kothari,9316137363,મહુવા / અમદાવાદ,સપરિવાર,હા,હા,હા,હા,હા,Pending
Hardik Bhavesh Mehta,8000371818,મહુવા / અમદાવાદ,સપરિવાર,હા,હા,હા,હા,હા,Pending
Ghansham Koradiya Maharaja,9408180376,મહુવા / અમદાવાદ,સપરિવાર,હા,હા,હા,હા,હા,Pending
P Shailesh Angadiya,9512750082,મહુવા / અમદાવાદ,સપરિવાર,હા,હા,હા,હા,હા,Pending
Khodiyar Khaman,9879908479,મહુવા / અમદાવાદ,સપરિવાર,હા,હા,હા,હા,હા,Pending
Bhumi Tra Amd Amd,7818817227,અમદાવાદ,સપરિવાર,હા,હા,હા,હા,હા,Pending
Jayntilal Shrimali Nilayam,9978772678,મહુવા / અમદાવાદ,સપરિવાર,હા,હા,હા,હા,હા,Pending
Meet elektrik Home Haresh Nikol,9898838989,મહુવા / અમદાવાદ,સપરિવાર,હા,હા,હા,હા,હા,Pending
Aburda,8866984898,મહુવા / અમદાવાદ,સપરિવાર,હા,હા,હા,હા,હા,Pending
Hardik Bhai Kuvariya,7778865930,મહુવા / અમદાવાદ,સપરિવાર,હા,હા,હા,હા,હા,Pending
Radhu Bhai Nilayam,9712203036,મહુવા / અમદાવાદ,સપરિવાર,હા,હા,હા,હા,હા,Pending
Uday Pravincrandra Rojgar,9427762621,મહુવા / અમદાવાદ,સપરિવાર,હા,હા,હા,હા,હા,Pending
Simbol Ahd,8320074470,અમદાવાદ,સપરિવાર,હા,હા,હા,હા,હા,Pending
Chirag Bhai Rent Broker Ahd,8511661638,અમદાવાદ,સપરિવાર,હા,હા,હા,હા,હા,Pending
Principal Of Vikas Vidhya Mandir School Bhadrod,9913373309,મહુવા / અમદાવાદ,સપરિવાર,હા,હા,હા,હા,હા,Pending
Vasiya Haresh S S Mate,9265823422,મહુવા / અમદાવાદ,સપરિવાર,હા,હા,હા,હા,હા,Pending
Dhanani Hasmukh Bhai C,9714216480,મહુવા / અમદાવાદ,સપરિવાર,હા,હા,હા,હા,હા,Pending
Joliya Keshu Bhai Navneet Pen Drive,9724156936,મહુવા / અમદાવાદ,સપરિવાર,હા,હા,હા,હા,હા,Pending
Bhavesh Gajera Kik,9033625725,મહુવા / અમદાવાદ,સપરિવાર,હા,હા,હા,હા,હા,Pending
English Medium Mate,9033151713,મહુવા / અમદાવાદ,સપરિવાર,હા,હા,હા,હા,હા,Pending
Ramesh Rathod Photo Grafar,9724258758,મહુવા / અમદાવાદ,સપરિવાર,હા,હા,હા,હા,હા,Pending
Manoj Dilip Khurashi Riperig,9662483849,મહુવા / અમદાવાદ,સપરિવાર,હા,હા,હા,હા,હા,Pending
Bhaliya Sanjay Bhai Clark,9712626055,મહુવા / અમદાવાદ,સપરિવાર,હા,હા,હા,હા,હા,Pending
Deep Trivedi Pepar Bhv,8469306911,ભાવનગર,સપરિવાર,હા,હા,હા,હા,હા,Pending
Gosai Priya Kishor pari,8780975964,મહુવા / અમદાવાદ,સપરિવાર,હા,હા,હા,હા,હા,Pending
Krunal Bhai (Bansiben),9925216902,મહુવા / અમદાવાદ,સપરિવાર,હા,હા,હા,હા,હા,Pending
Chauhan Kalyansih Prabhat Sih 1203,7861051319,મહુવા / અમદાવાદ,સપરિવાર,હા,હા,હા,હા,હા,Pending
Chauhan Kalyansih Prabhat Sih 1203,6358080735,મહુવા / અમદાવાદ,સપરિવાર,હા,હા,હા,હા,હા,Pending
Jivan Mama Rajula,9427742867,મહુવા / અમદાવાદ,સપરિવાર,હા,હા,હા,હા,હા,Pending
Payal Kanani Lagnagit Vala,9909297592,મહુવા / અમદાવાદ,સપરિવાર,હા,હા,હા,હા,હા,Pending
Timbi Rambhai Dhodi Vala,9662997519,મહુવા / અમદાવાદ,સપરિવાર,હા,હા,હા,હા,હા,Pending
Timbi Rambhai Dhodi Vala,9426370613,મહુવા / અમદાવાદ,સપરિવાર,હા,હા,હા,હા,હા,Pending
Vipul Sir Eng Tea Sir Jafri,9898158123,મહુવા / અમદાવાદ,સપરિવાર,હા,હા,હા,હા,હા,Pending
Tamnna Rathod Eng Tea,9408642092,મહુવા / અમદાવાદ,સપરિવાર,હા,હા,હા,હા,હા,Pending
Dhara Parmar Clark Mate,9824899691,મહુવા / અમદાવાદ,સપરિવાર,હા,હા,હા,હા,હા,Pending
Kunal Changoiwala Nilyam,7588307630,મહુવા / અમદાવાદ,સપરિવાર,હા,હા,હા,હા,હા,Pending
CMSS HELP LINE,7926566000,મહુવા / અમદાવાદ,સપરિવાર,હા,હા,હા,હા,હા,Pending
CMSS HELP LINE,7043333181,મહુવા / અમદાવાદ,સપરિવાર,હા,હા,હા,હા,હા,Pending
Parth Ghanshyam Kothari,7778949493,મહુવા / અમદાવાદ,સપરિવાર,હા,હા,હા,હા,હા,Pending
Gajra Ben Makvana Sanskrut,8849325038,મહુવા / અમદાવાદ,સપરિવાર,હા,હા,હા,હા,હા,Pending
Gajra Ben Makvana Sanskrut,9426912489,મહુવા / અમદાવાદ,સપરિવાર,હા,હા,હા,હા,હા,Pending
Parmar Kishan Laxman Bhai,9714124120,મહુવા / અમદાવાદ,સપરિવાર,હા,હા,હા,હા,હા,Pending
Bhatt Kavita Teacher,9725390944,મહુવા / અમદાવાદ,સપરિવાર,હા,હા,હા,હા,હા,Pending
Ramraj Travels Supedi,9426444464,મહુવા / અમદાવાદ,સપરિવાર,હા,હા,હા,હા,હા,Pending
Jani Nirav Gaytri Parixa,9427560310,મહુવા / અમદાવાદ,સપરિવાર,હા,હા,હા,હા,હા,Pending
Ramraj Travel Surat,9825445138,સુરત,સપરિવાર,હા,હા,હા,હા,હા,Pending
Rajvadi Travel Surat,8490851000,સુરત,સપરિવાર,હા,હા,હા,હા,હા,Pending
Krisha Bhoot,9408622541,મહુવા / અમદાવાદ,સપરિવાર,હા,હા,હા,હા,હા,Pending
Math Mate Kanti Bhai,7567830816,મહુવા / અમદાવાદ,સપરિવાર,હા,હા,હા,હા,હા,Pending
Hiren,9925046891,મહુવા / અમદાવાદ,સપરિવાર,હા,હા,હા,હા,હા,Pending
Prashant Sukha Bhai Gajera,8733004915,મહુવા / અમદાવાદ,સપરિવાર,હા,હા,હા,હા,હા,Pending
Tejas Koldiya Surat,9725291337,સુરત,સપરિવાર,હા,હા,હા,હા,હા,Pending
Vipul Koradiya,9377665521,મહુવા / અમદાવાદ,સપરિવાર,હા,હા,હા,હા,હા,Pending
Bob Hitesh Bhai Mhv,9687468697,મહુવા / અમદાવાદ,સપરિવાર,હા,હા,હા,હા,હા,Pending
Kirit Bhai Dungar,9998529737,મહુવા / અમદાવાદ,સપરિવાર,હા,હા,હા,હા,હા,Pending
Wall Pepar Ahd,8799034768,અમદાવાદ,સપરિવાર,હા,હા,હા,હા,હા,Pending
P T Uniform Savan Joshi,9327855387,મહુવા / અમદાવાદ,સપરિવાર,હા,હા,હા,હા,હા,Pending
Lavji Bhai Kumbhani Home,9913004009,મહુવા / અમદાવાદ,સપરિવાર,હા,હા,હા,હા,હા,Pending
Vyas Dada Nagar Tax,9265207774,મહુવા / અમદાવાદ,સપરિવાર,હા,હા,હા,હા,હા,Pending
At This Time Mhv,7600829082,મહુવા / અમદાવાદ,સપરિવાર,હા,હા,હા,હા,હા,Pending
Himat Bhai Makvana News,9773055672,મહુવા / અમદાવાદ,સપરિવાર,હા,હા,હા,હા,હા,Pending
Shiyal Rajesh Magan Bhai vakil Hdfc,9737347043,મહુવા / અમદાવાદ,સપરિવાર,હા,હા,હા,હા,હા,Pending
Shiyal Rajesh Magan Bhai vakil Hdfc,9737571692,મહુવા / અમદાવાદ,સપરિવાર,હા,હા,હા,હા,હા,Pending
Shital Joshi Jnv Bhandaria,8780059039,મહુવા / અમદાવાદ,સપરિવાર,હા,હા,હા,હા,હા,Pending
Jaydip Mahesh Shiroya Durat,9825815465,મહુવા / અમદાવાદ,સપરિવાર,હા,હા,હા,હા,હા,Pending
Nirmal Sinh Bob Sargasan,9512204441,મહુવા / અમદાવાદ,સપરિવાર,હા,હા,હા,હા,હા,Pending
Nirmal Sinh Bob Sargasan,7929750378,મહુવા / અમદાવાદ,સપરિવાર,હા,હા,હા,હા,હા,Pending
Inden Ges,7588888824,મહુવા / અમદાવાદ,સપરિવાર,હા,હા,હા,હા,હા,Pending
Jethabhai Vagh Neswad TCM,9714099354,મહુવા / અમદાવાદ,સપરિવાર,હા,હા,હા,હા,હા,Pending
Jadav Sir Sports,7069576225,મહુવા / અમદાવાદ,સપરિવાર,હા,હા,હા,હા,હા,Pending
Mira Baldaniya,8780091683,મહુવા / અમદાવાદ,સપરિવાર,હા,હા,હા,હા,હા,Pending
Chauhan Om,9428526523,મહુવા / અમદાવાદ,સપરિવાર,હા,હા,હા,હા,હા,Pending
Zerox Kagal,9033420948,મહુવા / અમદાવાદ,સપરિવાર,હા,હા,હા,હા,હા,Pending
Akshay Mandaliya Export Rice,9173120701,મહુવા / અમદાવાદ,સપરિવાર,હા,હા,હા,હા,હા,Pending
Sudrani Zakir Bhai Sch 14,6352982007,મહુવા / અમદાવાદ,સપરિવાર,હા,હા,હા,હા,હા,Pending
baiju joseph manjanal,9427232428,મહુવા / અમદાવાદ,સપરિવાર,હા,હા,હા,હા,હા,Pending
Chintan Kumar Kinjal Ahd,6351329396,અમદાવાદ,સપરિવાર,હા,હા,હા,હા,હા,Pending
Achyut Swami Shampara Bhv,6359919878,ભાવનગર,સપરિવાર,હા,હા,હા,હા,હા,Pending
Dinesh Chaudhari (Educationist),9586439865,મહુવા / અમદાવાદ,સપરિવાર,હા,હા,હા,હા,હા,Pending
Samaj Suraksha Bhavnager,2782425609,મહુવા / અમદાવાદ,સપરિવાર,હા,હા,હા,હા,હા,Pending
Bal Surksha Kacheri Bhv Suresh,9979519098,ભાવનગર,સપરિવાર,હા,હા,હા,હા,હા,Pending
